cik,fiscal_period,form_type,filed_date,lag_days,suspect,accession
1800,2012-03-31,10-Q,2012-05-08,38,,0001104659-12-034444
1800,2012-06-30,10-Q,2012-08-07,38,,0001104659-12-055154
1800,2012-09-30,10-Q,2012-11-07,38,,0001104659-12-075249
1800,2012-12-31,10-K,2013-02-15,46,,0001047469-13-001180
1800,2013-03-31,10-Q,2013-05-08,38,,0001104659-13-038811
1800,2013-06-30,10-Q,2013-08-06,37,,0001104659-13-060300
1800,2013-09-30,10-Q,2013-11-07,38,,0001104659-13-082270
1800,2013-12-31,10-K,2014-02-21,52,,0001047469-14-001176
1800,2014-03-31,10-Q,2014-05-07,37,,0001104659-14-035832
1800,2014-06-30,10-Q,2014-08-05,36,,0001104659-14-056950
1800,2014-09-30,10-Q,2014-11-06,37,,0001104659-14-077769
1800,2014-12-31,10-K,2015-02-27,58,,0001047469-15-001377
1800,2015-03-31,10-Q,2015-05-06,36,,0001104659-15-034919
1800,2015-06-30,10-Q,2015-08-04,35,,0001104659-15-055905
1800,2015-09-30,10-Q,2015-11-05,36,,0001104659-15-076189
1800,2015-12-31,10-K,2016-02-19,50,,0001047469-16-010246
1800,2016-03-31,10-Q,2016-05-04,34,,0001104659-16-117710
1800,2016-06-30,10-Q,2016-08-03,34,,0001104659-16-136572
1800,2016-09-30,10-Q,2016-11-03,34,,0001104659-16-154583
1800,2016-12-31,10-K,2017-02-17,48,,0001047469-17-000744
1800,2017-03-31,10-Q,2017-05-03,33,,0001104659-17-029430
1800,2017-06-30,10-Q,2017-08-02,33,,0001104659-17-048855
1800,2017-09-30,10-Q,2017-11-02,33,,0001104659-17-065654
1800,2017-12-31,10-K,2018-02-16,47,,0001047469-18-000856
1800,2018-03-31,10-Q,2018-05-02,32,,0001104659-18-029831
1800,2018-06-30,10-Q,2018-08-01,32,,0001104659-18-048736
1800,2018-09-30,10-Q,2018-10-31,31,,0001104659-18-065076
1800,2018-12-31,10-K,2019-02-22,53,,0001047469-19-000624
1800,2019-03-31,10-Q,2019-05-01,31,,0001104659-19-026018
1800,2019-06-30,10-Q,2019-07-31,31,,0001410578-19-000606
1800,2019-09-30,10-Q,2019-10-31,31,,0001104659-19-058323
1800,2019-12-31,10-K,2020-02-21,52,,0001104659-20-023904
1800,2020-03-31,10-Q,2020-04-29,29,,0001104659-20-053384
1800,2020-06-30,10-Q,2020-07-29,29,,0001104659-20-087850
1800,2020-09-30,10-Q,2020-11-04,35,,0001104659-20-121336
1800,2020-12-31,10-K,2021-02-19,50,,0001104659-21-025751
1800,2021-03-31,10-Q,2021-05-05,35,,0001104659-21-061693
1800,2021-06-30,10-Q,2021-08-04,35,,0001104659-21-100055
1800,2021-09-30,10-Q,2021-11-03,34,,0001104659-21-133629
1800,2021-12-31,10-K,2022-02-18,49,,0001104659-22-025141
1800,2022-03-31,10-Q,2022-05-03,33,,0001104659-22-055285
1800,2022-06-30,10-Q,2022-08-02,33,,0001628280-22-020209
1800,2022-09-30,10-Q,2022-11-01,32,,0001628280-22-027550
1800,2022-12-31,10-K,2023-02-17,48,,0001628280-23-004026
1800,2023-03-31,10-Q,2023-05-04,34,,0001628280-23-015699
1800,2023-06-30,10-Q,2023-08-03,34,,0001628280-23-027203
1800,2023-09-30,10-Q,2023-11-01,32,,0001628280-23-035957
1800,2023-12-31,10-K,2024-02-16,47,,0001628280-24-005348
1800,2024-03-31,10-Q,2024-05-02,32,,0001628280-24-020011
1800,2024-06-30,10-Q,2024-07-31,31,,0001628280-24-033740
1800,2024-09-30,10-Q,2024-10-31,31,,0001628280-24-044602
1800,2024-12-31,10-K,2025-02-21,52,,0001628280-25-007110
4962,2012-03-31,10-Q,2012-05-01,31,,0001193125-12-200270
4962,2012-06-30,10-Q,2012-08-02,33,,0001193125-12-332179
4962,2012-09-30,10-Q,2012-10-31,31,,0001193125-12-443821
4962,2012-12-31,10-K,2013-02-22,53,,0001193125-13-070554
4962,2013-03-31,10-Q,2013-04-29,29,,0001193125-13-180601
4962,2013-06-30,10-Q,2013-07-29,29,,0001193125-13-307673
4962,2013-09-30,10-Q,2013-10-29,29,,0001193125-13-415898
4962,2013-12-31,10-K,2014-02-25,56,,0001193125-14-066777
4962,2014-03-31,10-Q,2014-04-29,29,,0001193125-14-167067
4962,2014-06-30,10-Q,2014-07-30,30,,0001193125-14-286961
4962,2014-09-30,10-Q,2014-10-28,28,,0001193125-14-384990
4962,2014-12-31,10-K,2015-02-24,55,,0001193125-15-059931
4962,2015-03-31,10-Q,2015-04-29,29,,0001193125-15-155393
4962,2015-06-30,10-Q,2015-07-29,29,,0001193125-15-267714
4962,2015-09-30,10-Q,2015-10-28,28,,0001193125-15-356064
4962,2015-12-31,10-K,2016-02-19,50,,0001193125-16-469798
4962,2016-03-31,10-Q,2016-04-27,27,,0001193125-16-558855
4962,2016-06-30,10-Q,2016-07-26,26,,0001193125-16-657869
4962,2016-09-30,10-Q,2016-10-25,25,,0001193125-16-746492
4962,2016-12-31,10-K,2017-02-17,48,,0001193125-17-047588
4962,2017-03-31,10-Q,2017-04-27,27,,0000004962-17-000040
4962,2017-06-30,10-Q,2017-07-25,25,,0000004962-17-000071
4962,2017-09-30,10-Q,2017-10-24,24,,0000004962-17-000105
4962,2017-12-31,10-K,2018-02-16,47,,0000004962-18-000032
4962,2018-03-31,10-Q,2018-04-25,25,,0000004962-18-000060
4962,2018-06-30,10-Q,2018-07-24,24,,0000004962-18-000095
4962,2018-09-30,10-Q,2018-10-23,23,,0000004962-18-000121
4962,2018-12-31,10-K,2019-02-13,44,,0000004962-19-000018
4962,2019-03-31,10-Q,2019-04-23,23,,0000004962-19-000031
4962,2019-06-30,10-Q,2019-07-23,23,,0000004962-19-000051
4962,2019-09-30,10-Q,2019-10-21,21,,0000004962-19-000086
4962,2019-12-31,10-K,2020-02-13,44,,0000004962-20-000030
4962,2020-03-31,10-Q,2020-04-24,24,,0000004962-20-000054
4962,2020-06-30,10-Q,2020-07-24,24,,0000004962-20-000079
4962,2020-09-30,10-Q,2020-10-23,23,,0000004962-20-000098
4962,2020-12-31,10-K,2021-02-12,43,,0000004962-21-000013
4962,2021-03-31,10-Q,2021-04-23,23,,0000004962-21-000028
4962,2021-06-30,10-Q,2021-07-23,23,,0000004962-21-000042
4962,2021-09-30,10-Q,2021-10-22,22,,0000004962-21-000060
4962,2021-12-31,10-K,2022-02-11,42,,0000004962-22-000008
4962,2022-03-31,10-Q,2022-04-22,22,,0000004962-22-000028
4962,2022-06-30,10-Q,2022-07-22,22,,0000004962-22-000041
4962,2022-09-30,10-Q,2022-10-21,21,,0000004962-22-000054
4962,2022-12-31,10-K,2023-02-10,41,,0000004962-23-000006
4962,2023-03-31,10-Q,2023-04-21,21,,0000004962-23-000016
4962,2023-06-30,10-Q,2023-07-25,25,,0000004962-23-000028
4962,2023-09-30,10-Q,2023-10-20,20,,0000004962-23-000038
4962,2023-12-31,10-K,2024-02-09,40,,0000004962-24-000013
4962,2024-03-31,10-Q,2024-04-19,19,,0000004962-24-000031
4962,2024-06-30,10-Q,2024-07-19,19,,0000004962-24-000052
4962,2024-09-30,10-Q,2024-10-18,18,,0000004962-24-000068
4962,2024-12-31,10-K,2025-02-07,38,,0000004962-25-000016
5272,2012-03-31,10-Q,2012-05-03,33,,0001047469-12-005310
5272,2012-06-30,10-Q,2012-08-02,33,,0001047469-12-007690
5272,2012-09-30,10-Q,2012-11-01,32,,0001047469-12-009952
5272,2012-12-31,10-K,2013-02-21,52,,0001047469-13-001390
5272,2013-03-31,10-Q,2013-05-02,32,,0001047469-13-005458
5272,2013-06-30,10-Q,2013-08-05,36,,0001047469-13-008075
5272,2013-09-30,10-Q,2013-10-31,31,,0001047469-13-010141
5272,2013-12-31,10-K,2014-02-20,51,,0001047469-14-001096
5272,2014-03-31,10-Q,2014-05-05,35,,0000005272-14-000007
5272,2014-06-30,10-Q,2014-08-04,35,,0000005272-14-000010
5272,2014-09-30,10-Q,2014-11-03,34,,0000005272-14-000013
5272,2014-12-31,10-K,2015-02-20,51,,0000005272-15-000002
5272,2015-03-31,10-Q,2015-05-04,34,,0000005272-15-000006
5272,2015-06-30,10-Q,2015-08-03,34,,0000005272-15-000009
5272,2015-09-30,10-Q,2015-11-02,33,,0000005272-15-000018
5272,2015-12-31,10-K,2016-02-19,50,,0000005272-16-000035
5272,2016-03-31,10-Q,2016-05-02,32,,0000005272-16-000041
5272,2016-06-30,10-Q,2016-08-02,33,,0000005272-16-000046
5272,2016-09-30,10-Q,2016-11-03,34,,0000005272-16-000052
5272,2016-12-31,10-K,2017-02-23,54,,0000005272-17-000017
5272,2017-03-31,10-Q,2017-05-04,34,,0000005272-17-000024
5272,2017-06-30,10-Q,2017-08-03,34,,0000005272-17-000031
5272,2017-09-30,10-Q,2017-11-03,34,,0000005272-17-000044
5272,2017-12-31,10-K,2018-02-16,47,,0000005272-18-000022
5272,2018-03-31,10-Q,2018-05-03,33,,0000005272-18-000031
5272,2018-06-30,10-Q,2018-08-03,34,,0000005272-18-000037
5272,2018-09-30,10-Q,2018-11-02,33,,0000005272-18-000043
5272,2018-12-31,10-K,2019-02-15,46,,0000005272-19-000023
5272,2019-03-31,10-Q,2019-05-07,37,,0000005272-19-000031
5272,2019-06-30,10-Q,2019-08-08,39,,0000005272-19-000047
5272,2019-09-30,10-Q,2019-11-01,32,,0000005272-19-000054
5272,2019-12-31,10-K,2020-02-21,52,,0001104659-20-023889
5272,2020-03-31,10-Q,2020-05-05,35,,0001104659-20-056631
5272,2020-06-30,10-Q,2020-08-04,35,,0001104659-20-090177
5272,2020-09-30,10-Q,2020-11-06,37,,0001104659-20-122282
5272,2020-12-31,10-K,2021-02-19,50,,0001104659-21-025742
5272,2021-03-31,10-Q,2021-05-07,37,,0001104659-21-062977
5272,2021-06-30,10-Q,2021-08-06,37,,0001104659-21-101301
5272,2021-09-30,10-Q,2021-11-05,36,,0001104659-21-134956
5272,2021-12-31,10-K,2022-02-17,48,,0001104659-22-024701
5272,2022-03-31,10-Q,2022-05-05,35,,0001104659-22-056167
5272,2022-06-30,10-Q,2022-08-09,40,,0000005272-22-000021
5272,2022-09-30,10-Q,2022-11-02,33,,0000005272-22-000027
5272,2022-12-31,10-K,2023-02-17,48,,0000005272-23-000007
5272,2023-03-31,10-Q,2023-05-05,35,,0000005272-23-000023
5272,2023-06-30,10-Q,2023-08-02,33,,0000005272-23-000033
5272,2023-09-30,10-Q,2023-11-02,33,,0000005272-23-000045
5272,2023-12-31,10-K,2024-02-14,45,,0000005272-24-000023
5272,2024-03-31,10-Q,2024-05-02,32,,0000005272-24-000051
5272,2024-06-30,10-Q,2024-08-01,32,,0000005272-24-000079
5272,2024-09-30,10-Q,2024-11-07,38,,0000005272-24-000126
5272,2024-12-31,10-K,2025-02-13,44,,0000005272-25-000012
6201,2012-03-31,10-Q,2012-04-19,19,,0001193125-12-169778
6201,2012-06-30,10-Q,2012-07-18,18,,0000006201-12-000069
6201,2012-09-30,10-Q,2012-10-17,17,,0000006201-12-000099
6201,2012-12-31,10-K,2013-02-20,51,,0000006201-13-000023
6201,2013-03-31,10-Q,2013-04-18,18,,0000006201-13-000040
6201,2013-06-30,10-Q,2013-07-18,18,,0000006201-13-000067
6201,2013-09-30,10-Q,2013-10-17,17,,0000006201-13-000089
6201,2013-12-31,10-K,2014-02-28,59,,0000006201-14-000004
6201,2014-03-31,10-Q,2014-04-24,24,,0000006201-14-000011
6201,2014-06-30,10-Q,2014-07-24,24,,0000006201-14-000014
6201,2014-09-30,10-Q,2014-10-23,23,,0000006201-14-000018
6201,2014-12-31,10-K,2015-02-25,56,,0001193125-15-061145
6201,2015-03-31,10-Q,2015-04-24,24,,0001193125-15-145178
6201,2015-06-30,10-Q,2015-07-24,24,,0001193125-15-261937
6201,2015-09-30,10-Q,2015-10-23,23,,0001193125-15-351246
6201,2015-12-31,10-K,2016-02-24,55,,0001193125-16-474605
6201,2016-03-31,10-Q,2016-04-22,22,,0001193125-16-551225
6201,2016-06-30,10-Q,2016-07-22,22,,0001193125-16-654354
6201,2016-09-30,10-Q,2016-10-20,20,,0001193125-16-742263
6201,2016-12-31,10-K,2017-02-22,53,,0001193125-17-051216
6201,2017-03-31,10-Q,2017-04-27,27,,0001193125-17-140927
6201,2017-06-30,10-Q,2017-07-28,28,,0001193125-17-239325
6201,2017-09-30,10-Q,2017-10-26,26,,0001628280-17-010177
6201,2017-12-31,10-K,2018-02-21,52,,0000006201-18-000009
6201,2018-03-31,10-Q,2018-04-26,26,,0000006201-18-000016
6201,2018-06-30,10-Q,2018-07-26,26,,0000006201-18-000027
6201,2018-09-30,10-Q,2018-10-25,25,,0000006201-18-000039
6201,2018-12-31,10-K,2019-02-25,56,,0000006201-19-000009
6201,2019-03-31,10-Q,2019-04-26,26,,0000006201-19-000023
6201,2019-06-30,10-Q,2019-07-25,25,,0000006201-19-000053
6201,2019-09-30,10-Q,2019-10-24,24,,0000006201-19-000067
6201,2019-12-31,10-K,2020-02-19,50,,0000006201-20-000023
6201,2020-03-31,10-Q,2020-04-30,30,,0000006201-20-000066
6201,2020-06-30,10-Q,2020-07-23,23,,0000006201-20-000089
6201,2020-09-30,10-Q,2020-10-22,22,,0000006201-20-000101
6201,2020-12-31,10-K,2021-02-17,48,,0000006201-21-000014
6201,2021-03-31,10-Q,2021-04-22,22,,0000006201-21-000054
6201,2021-06-30,10-Q,2021-07-22,22,,0000006201-21-000080
6201,2021-09-30,10-Q,2021-10-21,21,,0000006201-21-000098
6201,2021-12-31,10-K,2022-02-22,53,,0000006201-22-000026
6201,2022-03-31,10-Q,2022-04-21,21,,0000006201-22-000046
6201,2022-06-30,10-Q,2022-07-21,21,,0000006201-22-000071
6201,2022-09-30,10-Q,2022-10-20,20,,0000006201-22-000086
6201,2022-12-31,10-K,2023-02-22,53,,0000006201-23-000018
6201,2023-03-31,10-Q,2023-04-27,27,,0000006201-23-000042
6201,2023-06-30,10-Q,2023-07-20,20,,0000006201-23-000070
6201,2023-09-30,10-Q,2023-10-19,19,,0000006201-23-000092
6201,2023-12-31,10-K,2024-02-21,52,,0000006201-24-000010
6201,2024-03-31,10-Q,2024-04-25,25,,0000006201-24-000032
6201,2024-06-30,10-Q,2024-07-25,25,,0000006201-24-000048
6201,2024-09-30,10-Q,2024-10-24,24,,0000006201-24-000060
6201,2024-12-31,10-K,2025-02-19,50,,0000006201-25-000010
6951,2012-01-29,10-Q,2012-02-27,29,,0001193125-12-081804
6951,2012-04-29,10-Q,2012-05-24,25,,0001445305-12-001872
6951,2012-07-29,10-Q,2012-08-23,25,,0000006951-12-000011
6951,2012-10-28,10-K,2012-12-05,38,,0000006951-12-000018
6951,2013-01-27,10-Q,2013-02-21,25,,0000006951-13-000008
6951,2013-04-28,10-Q,2013-05-23,25,,0000006951-13-000017
6951,2013-07-28,10-Q,2013-08-22,25,,0000006951-13-000034
6951,2013-10-27,10-K,2013-12-04,38,,0000006951-13-000044
6951,2014-01-26,10-Q,2014-02-20,25,,0000006951-14-000007
6951,2014-04-27,10-Q,2014-05-22,25,,0000006951-14-000016
6951,2014-07-27,10-Q,2014-08-21,25,,0000006951-14-000028
6951,2014-10-26,10-K,2014-12-17,52,,0000006951-14-000037
6951,2015-01-25,10-Q,2015-02-19,25,,0000006951-15-000008
6951,2015-04-26,10-Q,2015-05-21,25,,0000006951-15-000014
6951,2015-07-26,10-Q,2015-08-20,25,,0000006951-15-000026
6951,2015-10-25,10-K,2015-12-09,45,,0000006951-15-000034
6951,2016-01-31,10-Q,2016-02-25,25,,0000006951-16-000041
6951,2016-05-01,10-Q,2016-05-26,25,,0000006951-16-000048
6951,2016-07-31,10-Q,2016-08-25,25,,0000006951-16-000059
6951,2016-10-30,10-K,2016-12-15,46,,0000006951-16-000068
6951,2017-01-29,10-Q,2017-02-23,25,,0000006951-17-000007
6951,2017-04-30,10-Q,2017-05-25,25,,0000006951-17-000015
6951,2017-07-30,10-Q,2017-08-24,25,,0000006951-17-000026
6951,2017-10-29,10-K,2017-12-15,47,,0000006951-17-000038
6951,2018-01-28,10-Q,2018-02-22,25,,0000006951-18-000008
6951,2018-04-29,10-Q,2018-05-24,25,,0000006951-18-000017
6951,2018-07-29,10-Q,2018-08-23,25,,0000006951-18-000029
6951,2018-10-28,10-K,2018-12-13,46,,0000006951-18-000041
6951,2019-01-27,10-Q,2019-02-21,25,,0000006951-19-000008
6951,2019-04-28,10-Q,2019-05-23,25,,0000006951-19-000019
6951,2019-07-28,10-Q,2019-08-22,25,,0000006951-19-000029
6951,2019-10-27,10-K,2019-12-13,47,,0000006951-19-000046
6951,2020-01-26,10-Q,2020-02-20,25,,0000006951-20-000014
6951,2020-04-26,10-Q,2020-05-21,25,,0000006951-20-000028
6951,2020-07-26,10-Q,2020-08-20,25,,0000006951-20-000037
6951,2020-10-25,10-K,2020-12-11,47,,0000006951-20-000048
6951,2021-01-31,10-Q,2021-02-25,25,,0000006951-21-000013
6951,2021-05-02,10-Q,2021-05-27,25,,0000006951-21-000023
6951,2021-08-01,10-Q,2021-08-26,25,,0000006951-21-000034
6951,2021-10-31,10-K,2021-12-17,47,,0000006951-21-000043
6951,2022-01-30,10-Q,2022-02-24,25,,0000006951-22-000011
6951,2022-05-01,10-Q,2022-05-26,25,,0000006951-22-000022
6951,2022-07-31,10-Q,2022-08-25,25,,0000006951-22-000032
6951,2022-10-30,10-K,2022-12-16,47,,0000006951-22-000043
6951,2023-01-29,10-Q,2023-02-23,25,,0000006951-23-000012
6951,2023-04-30,10-Q,2023-05-26,26,,0000006951-23-000022
6951,2023-07-30,10-Q,2023-08-24,25,,0000006951-23-000031
6951,2023-10-29,10-K,2023-12-15,47,,0000006951-23-000041
6951,2024-01-28,10-Q,2024-02-27,30,,0000006951-24-000012
6951,2024-04-28,10-Q,2024-05-23,25,,0000006951-24-000022
6951,2024-07-28,10-Q,2024-08-22,25,,0000006951-24-000032
6951,2024-10-27,10-K,2024-12-13,47,,0000006951-24-000044
7084,2012-03-31,10-Q,2012-05-09,39,,0000007084-12-000018
7084,2012-06-30,10-K,2012-08-27,58,,0000007084-12-000034
7084,2012-09-30,10-Q,2012-11-05,36,,0000007084-12-000048
7084,2013-03-31,10-Q,2013-05-07,37,,0000007084-13-000022
7084,2013-06-30,10-Q,2013-08-07,38,,0000007084-13-000034
7084,2013-09-30,10-Q,2013-11-01,32,,0000007084-13-000040
7084,2013-12-31,10-K,2014-02-26,57,,0000007084-14-000011
7084,2014-03-31,10-Q,2014-05-02,32,,0000007084-14-000018
7084,2014-06-30,10-Q,2014-08-05,36,,0000007084-14-000026
7084,2014-09-30,10-Q,2014-11-05,36,,0000007084-14-000033
7084,2014-12-31,10-K,2015-02-20,51,,0000007084-15-000005
7084,2015-03-31,10-Q,2015-05-06,36,,0000007084-15-000012
7084,2015-06-30,10-Q,2015-08-04,35,,0000007084-15-000023
7084,2015-09-30,10-Q,2015-11-03,34,,0000007084-15-000037
7084,2015-12-31,10-K,2016-02-19,50,,0000007084-16-000046
7084,2016-03-31,10-Q,2016-05-03,33,,0000007084-16-000054
7084,2016-06-30,10-Q,2016-08-02,33,,0000007084-16-000068
7084,2016-09-30,10-Q,2016-11-01,32,,0000007084-16-000076
7084,2016-12-31,10-K,2017-02-17,48,,0000007084-17-000008
7084,2017-03-31,10-Q,2017-05-02,32,,0000007084-17-000015
7084,2017-06-30,10-Q,2017-08-01,32,,0000007084-17-000027
7084,2017-09-30,10-Q,2017-10-31,31,,0000007084-17-000036
7084,2017-12-31,10-K,2018-02-16,47,,0000007084-18-000012
7084,2018-03-31,10-Q,2018-05-01,31,,0000007084-18-000021
7084,2018-06-30,10-Q,2018-07-31,31,,0000007084-18-000032
7084,2018-09-30,10-Q,2018-11-06,37,,0000007084-18-000039
7084,2018-12-31,10-K,2019-02-19,50,,0000007084-19-000012
7084,2019-03-31,10-Q,2019-04-26,26,,0000007084-19-000018
7084,2019-06-30,10-Q,2019-08-01,32,,0000007084-19-000028
7084,2019-09-30,10-Q,2019-10-31,31,,0000007084-19-000034
7084,2019-12-31,10-K,2020-02-18,49,,0000007084-20-000009
7084,2020-03-31,10-Q,2020-05-01,31,,0000007084-20-000015
7084,2020-06-30,10-Q,2020-07-30,30,,0000007084-20-000025
7084,2020-09-30,10-Q,2020-10-30,30,,0000007084-20-000038
7084,2020-12-31,10-K,2021-02-18,49,,0000007084-21-000008
7084,2021-03-31,10-Q,2021-04-28,28,,0000007084-21-000018
7084,2021-06-30,10-Q,2021-07-27,27,,0000007084-21-000031
7084,2021-09-30,10-Q,2021-10-26,26,,0000007084-21-000039
7084,2021-12-31,10-K,2022-02-17,48,,0000007084-22-000008
7084,2022-03-31,10-Q,2022-04-26,26,,0000007084-22-000013
7084,2022-06-30,10-Q,2022-07-26,26,,0000007084-22-000023
7084,2022-09-30,10-Q,2022-10-25,25,,0000007084-22-000029
7084,2022-12-31,10-K,2023-02-14,45,,0000007084-23-000010
7084,2023-03-31,10-Q,2023-04-25,25,,0000007084-23-000017
7084,2023-06-30,10-Q,2023-07-25,25,,0000007084-23-000028
7084,2023-09-30,10-Q,2023-10-24,24,,0000007084-23-000039
7084,2023-12-31,10-K,2024-03-12,72,,0000007084-24-000009
7084,2024-03-31,10-Q,2024-04-30,30,,0000007084-24-000017
7084,2024-06-30,10-Q,2024-07-30,30,,0000007084-24-000026
7084,2024-09-30,10-Q,2024-11-18,49,,0000007084-24-000054
7084,2024-12-31,10-K,2025-02-20,51,,0000007084-25-000011
7536,2012-03-31,10-Q,2012-05-01,31,,0001526508-12-000008
7536,2012-06-30,10-Q,2012-07-30,30,,0001526508-12-000013
7536,2012-09-29,10-Q,2012-10-31,32,,0001526508-12-000016
7536,2012-12-31,10-K,2013-02-07,38,,0001526508-13-000004
7536,2013-03-30,10-Q,2013-05-01,32,,0001526508-13-000015
7536,2013-06-29,10-Q,2013-07-24,25,,0001526508-13-000020
7536,2013-09-28,10-Q,2013-10-30,32,,0001526508-13-000023
7536,2013-12-31,10-K,2014-02-05,36,,0001526508-14-000006
7536,2014-03-29,10-Q,2014-05-06,38,,0001526508-14-000025
7536,2014-06-28,10-Q,2014-07-29,31,,0001526508-14-000034
7536,2014-09-27,10-Q,2014-10-29,32,,0001619580-14-000003
7536,2014-12-31,10-K,2015-02-05,36,,0001619580-15-000003
7536,2015-03-28,10-Q,2015-04-30,33,,0001619580-15-000011
7536,2015-06-27,10-Q,2015-07-28,31,,0001619580-15-000019
7536,2015-09-26,10-Q,2015-10-28,32,,0001650030-15-000003
7536,2015-12-31,10-K,2016-02-05,36,,0001650030-16-000009
7536,2016-04-02,10-Q,2016-05-03,31,,0001650030-16-000017
7536,2016-07-02,10-Q,2016-08-02,31,,0001666359-16-000002
7536,2016-10-01,10-Q,2016-11-03,33,,0001666359-16-000005
7536,2016-12-31,10-K,2017-02-07,38,,0001666359-17-000005
7536,2017-04-01,10-Q,2017-05-04,33,,0001666359-17-000009
7536,2017-07-01,10-Q,2017-08-03,33,,0001666359-17-000026
7536,2017-09-30,10-Q,2017-11-02,33,,0001666359-17-000033
7536,2017-12-31,10-K,2018-02-06,37,,0001666359-18-000002
7536,2018-03-31,10-Q,2018-05-03,33,,0001650030-18-000007
7536,2018-06-30,10-Q,2018-08-02,33,,0001666359-18-000003
7536,2018-09-29,10-Q,2018-11-01,33,,0001666359-18-000005
7536,2018-12-31,10-K,2019-02-07,38,,0001733391-19-000005
7536,2019-03-30,10-Q,2019-05-02,33,,0001666359-19-000002
7536,2019-06-29,10-Q,2019-08-01,33,,0001666359-19-000005
7536,2019-09-28,10-Q,2019-11-07,40,,0001666359-19-000009
7536,2019-12-31,10-K,2020-02-13,44,,0001775474-20-000003
7536,2020-03-28,10-Q,2020-05-06,39,,0001775474-20-000006
7536,2020-06-27,10-Q,2020-07-30,33,,0001733391-20-000011
7536,2020-09-26,10-Q,2020-10-29,33,,0001733391-20-000016
7536,2020-12-31,10-K,2021-02-11,42,,0001733391-21-000003
7536,2021-04-03,10-Q,2021-05-06,33,,0001733391-21-000004
7536,2021-07-03,10-Q,2021-08-05,33,,0001859644-21-000014
7536,2021-10-02,10-Q,2021-11-04,33,,0001859644-21-000018
7536,2021-12-31,10-K,2022-02-11,42,,0001859644-22-000008
7536,2022-04-02,10-Q,2022-05-05,33,,0001894806-22-000005
7536,2022-07-02,10-Q,2022-08-04,33,,0001894806-22-000007
7536,2022-10-01,10-Q,2022-11-03,33,,0001894806-22-000012
7536,2022-12-31,10-K,2023-02-09,40,,0001859644-23-000005
7536,2023-04-01,10-Q,2023-05-04,33,,0001859644-23-000008
7536,2023-07-01,10-Q,2023-08-03,33,,0001859644-23-000012
7536,2023-09-30,10-Q,2023-11-02,33,,0001558370-23-017325
7536,2023-12-31,10-K,2024-02-13,44,,0001558370-24-001018
7536,2024-03-30,10-Q,2024-05-02,33,,0001558370-24-006456
7536,2024-06-29,10-Q,2024-08-01,33,,0001558370-24-010531
7536,2024-09-28,10-Q,2024-10-31,33,,0001558370-24-014006
7536,2024-12-31,10-K,2025-02-11,42,,0001558370-25-000781
8858,2012-03-31,10-Q,2012-04-27,27,,0000008858-12-000008
8858,2012-06-30,10-K,2012-08-10,41,,0000008858-12-000011
8858,2012-09-29,10-Q,2012-10-26,27,,0000008858-12-000014
8858,2012-12-29,10-Q,2013-01-25,27,,0000008858-13-000004
8858,2013-03-30,10-Q,2013-04-26,27,,0000008858-13-000008
8858,2013-06-29,10-K,2013-08-09,41,,0000008858-13-000011
8858,2013-09-28,10-Q,2013-10-25,27,,0000008858-13-000015
8858,2013-12-28,10-Q,2014-01-24,27,,0000008858-14-000006
8858,2014-03-29,10-Q,2014-04-25,27,,0000008858-14-000009
8858,2014-06-28,10-K,2014-08-08,41,,0000008858-14-000012
8858,2014-09-27,10-Q,2014-10-24,27,,0000008858-14-000019
8858,2014-12-27,10-Q,2015-01-23,27,,0000008858-15-000008
8858,2015-03-28,10-Q,2015-04-24,27,,0001558370-15-000534
8858,2015-06-27,10-K,2015-08-07,41,,0001558370-15-001540
8858,2015-10-03,10-Q,2015-10-30,27,,0001558370-15-002060
8858,2016-01-02,10-Q,2016-01-28,26,,0001558370-16-002994
8858,2016-04-02,10-Q,2016-04-29,27,,0000008858-16-000020
8858,2016-07-02,10-K,2016-08-12,41,,0000008858-16-000038
8858,2016-10-01,10-Q,2016-10-28,27,,0000008858-16-000062
8858,2016-12-31,10-Q,2017-01-30,30,,0000008858-17-000014
8858,2017-04-01,10-Q,2017-05-02,31,,0000008858-17-000047
8858,2017-07-01,10-K,2017-08-17,47,,0000008858-17-000057
8858,2017-09-30,10-Q,2017-10-30,30,,0000008858-17-000072
8858,2017-12-30,10-Q,2018-01-26,27,,0001558370-18-000264
8858,2018-03-31,10-Q,2018-05-01,31,,0000008858-18-000023
8858,2018-06-30,10-K,2018-08-17,48,,0000008858-18-000047
8858,2018-09-29,10-Q,2018-11-08,40,,0000008858-18-000069
8858,2018-12-29,10-Q,2019-01-25,27,,0000008858-19-000010
8858,2019-03-30,10-Q,2019-04-26,27,,0000008858-19-000025
8858,2019-06-29,10-K,2019-08-15,47,,0000008858-19-000035
8858,2019-09-28,10-Q,2019-10-25,27,,0000008858-19-000044
8858,2019-12-28,10-Q,2020-01-24,27,,0000008858-20-000009
8858,2020-03-28,10-Q,2020-05-01,34,,0000008858-20-000019
8858,2020-06-27,10-K,2020-08-14,48,,0000008858-20-000025
8858,2020-10-03,10-Q,2020-10-30,27,,0000008858-20-000037
8858,2021-01-02,10-Q,2021-01-29,27,,0000008858-21-000011
8858,2021-04-03,10-Q,2021-04-30,27,,0000008858-21-000022
8858,2021-07-03,10-K,2021-08-13,41,,0000008858-21-000036
8858,2021-10-02,10-Q,2021-10-29,27,,0000008858-21-000048
8858,2022-01-01,10-Q,2022-01-28,27,,0000008858-22-000010
8858,2022-04-02,10-Q,2022-04-29,27,,0000008858-22-000020
8858,2022-07-02,10-K,2022-08-12,41,,0000008858-22-000031
8858,2022-10-01,10-Q,2022-10-28,27,,0000008858-22-000039
8858,2022-12-31,10-Q,2023-02-03,34,,0000008858-23-000012
8858,2023-04-01,10-Q,2023-05-05,34,,0000008858-23-000020
8858,2023-07-01,10-K,2023-08-18,48,,0000008858-23-000029
8858,2023-09-30,10-Q,2023-11-03,34,,0000008858-23-000039
8858,2023-12-30,10-Q,2024-02-02,34,,0000008858-24-000008
8858,2024-03-30,10-Q,2024-05-03,34,,0000008858-24-000020
8858,2024-06-29,10-K,2024-08-14,46,,0000008858-24-000030
8858,2024-09-28,10-Q,2024-11-01,34,,0000008858-24-000041
8858,2024-12-28,10-Q,2025-01-31,34,,0000008858-25-000009
12927,2012-03-31,10-Q,2012-04-25,25,,0001193125-12-181463
12927,2012-06-30,10-Q,2012-07-25,25,,0000012927-12-000012
12927,2012-09-30,10-Q,2012-10-24,24,,0000012927-12-000024
12927,2012-12-31,10-K,2013-02-11,42,,0000012927-13-000014
12927,2013-03-31,10-Q,2013-04-24,24,,0000012927-13-000023
12927,2013-06-30,10-Q,2013-07-24,24,,0000012927-13-000035
12927,2013-09-30,10-Q,2013-10-23,23,,0000012927-13-000041
12927,2013-12-31,10-K,2014-02-14,45,,0000012927-14-000004
12927,2014-03-31,10-Q,2014-04-23,23,,0000012927-14-000022
12927,2014-06-30,10-Q,2014-07-23,23,,0000012927-14-000042
12927,2014-09-30,10-Q,2014-10-22,22,,0000012927-14-000057
12927,2014-12-31,10-K,2015-02-12,43,,0000012927-15-000011
12927,2015-03-31,10-Q,2015-04-22,22,,0000012927-15-000019
12927,2015-06-30,10-Q,2015-07-22,22,,0000012927-15-000055
12927,2015-09-30,10-Q,2015-10-21,21,,0000012927-15-000068
12927,2015-12-31,10-K,2016-02-10,41,,0000012927-16-000099
12927,2016-03-31,10-Q,2016-04-27,27,,0000012927-16-000113
12927,2016-06-30,10-Q,2016-07-27,27,,0000012927-16-000143
12927,2016-09-30,10-Q,2016-10-26,26,,0000012927-16-000153
12927,2016-12-31,10-K,2017-02-08,39,,0000012927-17-000006
12927,2017-03-31,10-Q,2017-04-26,26,,0000012927-17-000024
12927,2017-06-30,10-Q,2017-07-26,26,,0000012927-17-000044
12927,2017-09-30,10-Q,2017-10-25,25,,0000012927-17-000073
12927,2017-12-31,10-K,2018-02-12,43,,0000012927-18-000007
12927,2018-03-31,10-Q,2018-04-25,25,,0000012927-18-000018
12927,2018-06-30,10-Q,2018-07-25,25,,0000012927-18-000048
12927,2018-09-30,10-Q,2018-10-24,24,,0000012927-18-000065
12927,2018-12-31,10-K,2019-02-08,39,,0000012927-19-000010
12927,2019-03-31,10-Q,2019-04-24,24,,0000012927-19-000030
12927,2019-06-30,10-Q,2019-07-24,24,,0000012927-19-000063
12927,2019-09-30,10-Q,2019-10-23,23,,0000012927-19-000077
12927,2019-12-31,10-K,2020-01-31,31,,0000012927-20-000014
12927,2020-03-31,10-Q,2020-04-29,29,,0000012927-20-000045
12927,2020-06-30,10-Q,2020-07-29,29,,0000012927-20-000065
12927,2020-09-30,10-Q,2020-10-28,28,,0000012927-20-000076
12927,2020-12-31,10-K,2021-02-01,32,,0000012927-21-000011
12927,2021-03-31,10-Q,2021-04-28,28,,0000012927-21-000040
12927,2021-06-30,10-Q,2021-07-28,28,,0000012927-21-000073
12927,2021-09-30,10-Q,2021-10-27,27,,0000012927-21-000094
12927,2021-12-31,10-K,2022-01-31,31,,0000012927-22-000010
12927,2022-03-31,10-Q,2022-04-27,27,,0000012927-22-000022
12927,2022-06-30,10-Q,2022-07-27,27,,0000012927-22-000058
12927,2022-09-30,10-Q,2022-10-26,26,,0000012927-22-000073
12927,2022-12-31,10-K,2023-01-27,27,,0000012927-23-000007
12927,2023-03-31,10-Q,2023-04-26,26,,0000012927-23-000029
12927,2023-06-30,10-Q,2023-07-26,26,,0000012927-23-000048
12927,2023-09-30,10-Q,2023-10-25,25,,0000012927-23-000062
12927,2023-12-31,10-K,2024-01-31,31,,0000012927-24-000010
12927,2024-03-31,10-Q,2024-04-24,24,,0000012927-24-000025
12927,2024-06-30,10-Q,2024-07-31,31,,0000012927-24-000055
12927,2024-09-30,10-Q,2024-10-23,23,,0000012927-24-000082
12927,2024-12-31,10-K,2025-02-03,34,,0000012927-25-000015
14272,2012-03-31,10-Q,2012-04-26,26,,0001193125-12-184689
14272,2012-06-30,10-Q,2012-07-25,25,,0001193125-12-313811
14272,2012-09-30,10-Q,2012-10-24,24,,0001193125-12-432664
14272,2012-12-31,10-K,2013-02-15,46,,0001193125-13-061678
14272,2013-03-31,10-Q,2013-04-25,25,,0001193125-13-172698
14272,2013-06-30,10-Q,2013-07-25,25,,0000014272-13-000005
14272,2013-09-30,10-Q,2013-10-23,23,,0000014272-13-000029
14272,2013-12-31,10-K,2014-02-14,45,,0000014272-14-000054
14272,2014-03-31,10-Q,2014-04-29,29,,0000014272-14-000175
14272,2014-06-30,10-Q,2014-07-24,24,,0000014272-14-000214
14272,2014-09-30,10-Q,2014-10-24,24,,0000014272-14-000257
14272,2014-12-31,10-K,2015-02-13,44,,0000014272-15-000055
14272,2015-03-31,10-Q,2015-04-28,28,,0000014272-15-000178
14272,2015-06-30,10-Q,2015-07-23,23,,0000014272-15-000212
14272,2015-09-30,10-Q,2015-10-27,27,,0000014272-15-000235
14272,2015-12-31,10-K,2016-02-12,43,,0000014272-16-000288
14272,2016-03-31,10-Q,2016-04-28,28,,0000014272-16-000399
14272,2016-06-30,10-Q,2016-07-28,28,,0000014272-16-000461
14272,2016-09-30,10-Q,2016-10-27,27,,0000014272-16-000491
14272,2016-12-31,10-K,2017-02-21,52,,0000014272-17-000047
14272,2017-03-31,10-Q,2017-04-27,27,,0000014272-17-000132
14272,2017-06-30,10-Q,2017-07-27,27,,0000014272-17-000165
14272,2017-09-30,10-Q,2017-10-26,26,,0000014272-17-000195
14272,2017-12-31,10-K,2018-02-13,44,,0000014272-18-000055
14272,2018-03-31,10-Q,2018-04-26,26,,0000014272-18-000117
14272,2018-06-30,10-Q,2018-07-26,26,,0000014272-18-000160
14272,2018-09-30,10-Q,2018-10-25,25,,0000014272-18-000197
14272,2018-12-31,10-K,2019-02-25,56,,0000014272-19-000047
14272,2019-03-31,10-Q,2019-04-25,25,,0000014272-19-000107
14272,2019-06-30,10-Q,2019-07-25,25,,0000014272-19-000160
14272,2019-09-30,10-Q,2019-10-31,31,,0000014272-19-000194
14272,2019-12-31,10-K,2020-02-24,55,,0000014272-20-000082
14272,2020-03-31,10-Q,2020-05-07,37,,0000014272-20-000168
14272,2020-06-30,10-Q,2020-08-06,37,,0000014272-20-000229
14272,2020-09-30,10-Q,2020-11-05,36,,0000014272-20-000279
14272,2020-12-31,10-K,2021-02-10,41,,0000014272-21-000066
14272,2021-03-31,10-Q,2021-04-29,29,,0000014272-21-000126
14272,2021-06-30,10-Q,2021-07-28,28,,0000014272-21-000186
14272,2021-09-30,10-Q,2021-10-27,27,,0000014272-21-000224
14272,2021-12-31,10-K,2022-02-09,40,,0000014272-22-000051
14272,2022-03-31,10-Q,2022-04-29,29,,0000014272-22-000114
14272,2022-06-30,10-Q,2022-07-27,27,,0000014272-22-000166
14272,2022-09-30,10-Q,2022-10-26,26,,0000014272-22-000196
14272,2022-12-31,10-K,2023-02-14,45,,0000014272-23-000046
14272,2023-03-31,10-Q,2023-04-27,27,,0000014272-23-000104
14272,2023-06-30,10-Q,2023-07-27,27,,0000014272-23-000152
14272,2023-09-30,10-Q,2023-10-26,26,,0000014272-23-000181
14272,2023-12-31,10-K,2024-02-13,44,,0000014272-24-000044
14272,2024-03-31,10-Q,2024-04-25,25,,0000014272-24-000096
14272,2024-06-30,10-Q,2024-07-26,26,,0000014272-24-000123
14272,2024-09-30,10-Q,2024-10-31,31,,0000014272-24-000147
14272,2024-12-31,10-K,2025-02-12,43,,0000014272-25-000039
18230,2012-03-31,10-Q,2012-05-07,37,,0000018230-12-000280
18230,2012-06-30,10-Q,2012-08-06,37,,0000018230-12-000409
18230,2012-09-30,10-Q,2012-11-02,33,,0000018230-12-000506
18230,2012-12-31,10-K,2013-02-19,50,,0000018230-13-000075
18230,2013-03-31,10-Q,2013-05-02,32,,0000018230-13-000239
18230,2013-06-30,10-Q,2013-08-02,33,,0000018230-13-000363
18230,2013-09-30,10-Q,2013-11-01,32,,0000018230-13-000443
18230,2013-12-31,10-K,2014-02-18,49,,0000018230-14-000058
18230,2014-03-31,10-Q,2014-05-02,32,,0000018230-14-000177
18230,2014-06-30,10-Q,2014-08-01,32,,0000018230-14-000285
18230,2014-09-30,10-Q,2014-10-31,31,,0000018230-14-000386
18230,2014-12-31,10-K,2015-02-17,48,,0000018230-15-000061
18230,2015-03-31,10-Q,2015-05-01,31,,0000018230-15-000161
18230,2015-06-30,10-Q,2015-07-31,31,,0000018230-15-000266
18230,2015-09-30,10-Q,2015-10-30,30,,0000018230-15-000324
18230,2015-12-31,10-K,2016-02-16,47,,0000018230-16-000410
18230,2016-03-31,10-Q,2016-05-02,32,,0000018230-16-000512
18230,2016-06-30,10-Q,2016-08-03,34,,0000018230-16-000630
18230,2016-09-30,10-Q,2016-11-02,33,,0000018230-16-000715
18230,2016-12-31,10-K,2017-02-15,46,,0000018230-17-000041
18230,2017-03-31,10-Q,2017-05-03,33,,0000018230-17-000145
18230,2017-06-30,10-Q,2017-08-02,33,,0000018230-17-000245
18230,2017-09-30,10-Q,2017-11-01,32,,0000018230-17-000305
18230,2017-12-31,10-K,2018-02-15,46,,0000018230-18-000042
18230,2018-03-31,10-Q,2018-05-02,32,,0000018230-18-000136
18230,2018-06-30,10-Q,2018-08-07,38,,0000018230-18-000229
18230,2018-09-30,10-Q,2018-10-31,31,,0000018230-18-000293
18230,2018-12-31,10-K,2019-02-14,45,,0000018230-19-000034
18230,2019-03-31,10-Q,2019-05-06,36,,0000018230-19-000153
18230,2019-06-30,10-Q,2019-08-01,32,,0000018230-19-000224
18230,2019-09-30,10-Q,2019-10-31,31,,0000018230-19-000281
18230,2019-12-31,10-K,2020-02-19,50,,0000018230-20-000056
18230,2020-03-31,10-Q,2020-05-06,36,,0000018230-20-000155
18230,2020-06-30,10-Q,2020-08-05,36,,0000018230-20-000214
18230,2020-09-30,10-Q,2020-11-04,35,,0000018230-20-000297
18230,2020-12-31,10-K,2021-02-17,48,,0000018230-21-000063
18230,2021-03-31,10-Q,2021-05-05,35,,0000018230-21-000151
18230,2021-06-30,10-Q,2021-08-04,35,,0000018230-21-000221
18230,2021-09-30,10-Q,2021-11-03,34,,0000018230-21-000260
18230,2021-12-31,10-K,2022-02-16,47,,0000018230-22-000050
18230,2022-03-31,10-Q,2022-05-04,34,,0000018230-22-000112
18230,2022-06-30,10-Q,2022-08-03,34,,0000018230-22-000183
18230,2022-09-30,10-Q,2022-11-02,33,,0000018230-22-000223
18230,2022-12-31,10-K,2023-02-15,46,,0000018230-23-000011
18230,2023-03-31,10-Q,2023-05-03,33,,0000018230-23-000022
18230,2023-06-30,10-Q,2023-08-02,33,,0000018230-23-000047
18230,2023-09-30,10-Q,2023-11-01,32,,0000018230-23-000056
18230,2023-12-31,10-K,2024-02-16,47,,0000018230-24-000009
18230,2024-03-31,10-Q,2024-05-01,31,,0000018230-24-000020
18230,2024-06-30,10-Q,2024-08-07,38,,0000018230-24-000045
18230,2024-09-30,10-Q,2024-11-06,37,,0000018230-24-000053
18230,2024-12-31,10-K,2025-02-14,45,,0000018230-25-000008
19617,2012-03-31,10-Q,2012-05-10,40,,0000019617-12-000213
19617,2012-06-30,10-Q,2012-08-09,40,,0000019617-12-000264
19617,2012-09-30,10-Q,2012-11-08,39,,0000019617-12-000308
19617,2012-12-31,10-K,2013-02-28,59,,0000019617-13-000221
19617,2013-03-31,10-Q,2013-05-08,38,,0000019617-13-000300
19617,2013-06-30,10-Q,2013-08-07,38,,0000019617-13-000354
19617,2013-09-30,10-Q,2013-11-01,32,,0000019617-13-000400
19617,2013-12-31,10-K,2014-02-20,51,,0000019617-14-000289
19617,2014-03-31,10-Q,2014-05-02,32,,0000019617-14-000339
19617,2014-06-30,10-Q,2014-08-04,35,,0000019617-14-000409
19617,2014-09-30,10-Q,2014-11-03,34,,0000019617-14-000451
19617,2014-12-31,10-K,2015-02-24,55,,0000019617-15-000272
19617,2015-03-31,10-Q,2015-05-05,35,,0000019617-15-000318
19617,2015-06-30,10-Q,2015-08-03,34,,0000019617-15-000367
19617,2015-09-30,10-Q,2015-11-02,33,,0000019617-15-000464
19617,2015-12-31,10-K,2016-02-23,54,,0000019617-16-000902
19617,2016-03-31,10-Q,2016-04-29,29,,0000019617-16-000960
19617,2016-06-30,10-Q,2016-08-03,34,,0000019617-16-001056
19617,2016-09-30,10-Q,2016-11-01,32,,0000019617-16-001150
19617,2016-12-31,10-K,2017-02-28,59,,0000019617-17-000314
19617,2017-03-31,10-Q,2017-05-02,32,,0000019617-17-000364
19617,2017-06-30,10-Q,2017-08-02,33,,0000019617-17-000486
19617,2017-09-30,10-Q,2017-11-01,32,,0000019617-17-000552
19617,2017-12-31,10-K,2018-02-27,58,,0000019617-18-000057
19617,2018-03-31,10-Q,2018-05-02,32,,0000019617-18-000092
19617,2018-06-30,10-Q,2018-08-01,32,,0000019617-18-000151
19617,2018-09-30,10-Q,2018-10-31,31,,0000019617-18-000206
19617,2018-12-31,10-K,2019-02-26,57,,0000019617-19-000054
19617,2019-03-31,10-Q,2019-05-02,32,,0000019617-19-000067
19617,2019-06-30,10-Q,2019-08-06,37,,0000019617-19-000127
19617,2019-09-30,10-Q,2019-11-04,35,,0000019617-19-000232
19617,2019-12-31,10-K,2020-02-25,56,,0000019617-20-000257
19617,2020-03-31,10-Q,2020-05-07,37,,0000019617-20-000299
19617,2020-06-30,10-Q,2020-08-03,34,,0000019617-20-000372
19617,2020-09-30,10-Q,2020-11-02,33,,0000019617-20-000438
19617,2020-12-31,10-K,2021-02-23,54,,0000019617-21-000236
19617,2021-03-31,10-Q,2021-05-04,34,,0000019617-21-000292
19617,2021-06-30,10-Q,2021-08-02,33,,0000019617-21-000373
19617,2021-09-30,10-Q,2021-11-02,33,,0000019617-21-000458
19617,2021-12-31,10-K,2022-02-22,53,,0000019617-22-000272
19617,2022-03-31,10-Q,2022-05-03,33,,0000019617-22-000319
19617,2022-06-30,10-Q,2022-08-03,34,,0000019617-22-000422
19617,2022-09-30,10-Q,2022-11-03,34,,0000019617-22-000492
19617,2022-12-31,10-K,2023-02-21,52,,0000019617-23-000231
19617,2023-03-31,10-Q,2023-05-03,33,,0000019617-23-000310
19617,2023-06-30,10-Q,2023-08-03,34,,0000019617-23-000432
19617,2023-09-30,10-Q,2023-11-01,32,,0000019617-23-000524
19617,2023-12-31,10-K,2024-02-16,47,,0000019617-24-000225
19617,2024-03-31,10-Q,2024-05-01,31,,0000019617-24-000326
19617,2024-06-30,10-Q,2024-08-02,33,,0000019617-24-000453
19617,2024-09-30,10-Q,2024-10-30,30,,0000019617-24-000611
19617,2024-12-31,10-K,2025-02-14,45,,0000019617-25-000270
21344,2012-03-30,10-Q,2012-04-26,27,,0000021344-12-000023
21344,2012-06-29,10-Q,2012-07-26,27,,0000021344-12-000037
21344,2012-09-28,10-Q,2012-10-25,27,,0000021344-12-000051
21344,2012-12-31,10-K,2013-02-27,58,,0000021344-13-000007
21344,2013-03-29,10-Q,2013-04-25,27,,0000021344-13-000017
21344,2013-06-28,10-Q,2013-07-25,27,,0000021344-13-000039
21344,2013-09-27,10-Q,2013-10-24,27,,0000021344-13-000050
21344,2013-12-31,10-K,2014-02-27,58,,0000021344-14-000008
21344,2014-03-28,10-Q,2014-04-24,27,,0000021344-14-000016
21344,2014-06-27,10-Q,2014-07-30,33,,0000021344-14-000029
21344,2014-09-26,10-Q,2014-10-29,33,,0000021344-14-000036
21344,2014-12-31,10-K,2015-02-25,56,,0000021344-15-000005
21344,2015-04-03,10-Q,2015-04-30,27,,0000021344-15-000011
21344,2015-07-03,10-Q,2015-07-29,26,,0000021344-15-000031
21344,2015-10-02,10-Q,2015-10-28,26,,0000021344-15-000041
21344,2015-12-31,10-K,2016-02-25,56,,0000021344-16-000050
21344,2016-04-01,10-Q,2016-04-28,27,,0000021344-16-000059
21344,2016-07-01,10-Q,2016-07-28,27,,0000021344-16-000065
21344,2016-09-30,10-Q,2016-10-27,27,,0000021344-16-000076
21344,2016-12-31,10-K,2017-02-24,55,,0000021344-17-000009
21344,2017-03-31,10-Q,2017-04-27,27,,0000021344-17-000019
21344,2017-06-30,10-Q,2017-07-27,27,,0000021344-17-000026
21344,2017-09-29,10-Q,2017-10-26,27,,0000021344-17-000032
21344,2017-12-31,10-K,2018-02-23,54,,0000021344-18-000008
21344,2018-03-30,10-Q,2018-05-01,32,,0000021344-18-000023
21344,2018-06-29,10-Q,2018-07-26,27,,0000021344-18-000032
21344,2018-09-28,10-Q,2018-10-30,32,,0000021344-18-000042
21344,2018-12-31,10-K,2019-02-21,52,,0000021344-19-000014
21344,2019-03-29,10-Q,2019-04-25,27,,0000021344-19-000028
21344,2019-06-28,10-Q,2019-07-25,27,,0000021344-19-000034
21344,2019-09-27,10-Q,2019-10-24,27,,0000021344-19-000042
21344,2019-12-31,10-K,2020-02-24,55,,0000021344-20-000006
21344,2020-03-27,10-Q,2020-04-24,28,,0000021344-20-000014
21344,2020-06-26,10-Q,2020-07-22,26,,0000021344-20-000041
21344,2020-09-25,10-Q,2020-10-22,27,,0000021344-20-000046
21344,2020-12-31,10-K,2021-02-25,56,,0000021344-21-000008
21344,2021-04-02,10-Q,2021-04-27,25,,0000021344-21-000014
21344,2021-07-02,10-Q,2021-07-26,24,,0000021344-21-000024
21344,2021-10-01,10-Q,2021-10-28,27,,0000021344-21-000030
21344,2021-12-31,10-K,2022-02-22,53,,0000021344-22-000009
21344,2022-04-01,10-Q,2022-04-28,27,,0000021344-22-000016
21344,2022-07-01,10-Q,2022-07-27,26,,0000021344-22-000034
21344,2022-09-30,10-Q,2022-10-26,26,,0000021344-22-000042
21344,2022-12-31,10-K,2023-02-21,52,,0000021344-23-000011
21344,2023-03-31,10-Q,2023-04-26,26,,0000021344-23-000024
21344,2023-06-30,10-Q,2023-07-27,27,,0000021344-23-000048
21344,2023-09-29,10-Q,2023-10-24,25,,0000021344-23-000060
21344,2023-12-31,10-K,2024-02-20,51,,0000021344-24-000009
21344,2024-03-29,10-Q,2024-05-02,34,,0000021344-24-000017
21344,2024-06-28,10-Q,2024-07-29,31,,0000021344-24-000044
21344,2024-09-27,10-Q,2024-10-24,27,,0000021344-24-000060
21344,2024-12-31,10-K,2025-02-20,51,,0000021344-25-000011
26172,2012-04-01,10-Q,2012-05-02,31,,0001104659-12-031984
26172,2012-07-01,10-Q,2012-08-01,31,,0001104659-12-053073
26172,2012-09-30,10-Q,2012-10-31,31,,0001104659-12-072625
26172,2012-12-31,10-K,2013-02-20,51,,0001047469-13-001297
26172,2013-03-31,10-Q,2013-05-01,31,,0001104659-13-035765
26172,2013-06-30,10-Q,2013-07-31,31,,0001104659-13-058381
26172,2013-09-29,10-Q,2013-10-30,31,,0000026172-13-000021
26172,2013-12-31,10-K,2014-02-18,49,,0000026172-14-000008
26172,2014-03-30,10-Q,2014-04-30,31,,0000026172-14-000017
26172,2014-06-29,10-Q,2014-07-29,30,,0000026172-14-000028
26172,2014-09-28,10-Q,2014-10-29,31,,0000026172-14-000034
26172,2014-12-31,10-K,2015-02-17,48,,0000026172-15-000007
26172,2015-03-29,10-Q,2015-04-29,31,,0000026172-15-000014
26172,2015-06-28,10-Q,2015-07-29,31,,0000026172-15-000020
26172,2015-09-27,10-Q,2015-10-27,30,,0000026172-15-000027
26172,2015-12-31,10-K,2016-02-12,43,,0000026172-16-000033
26172,2016-04-03,10-Q,2016-05-03,30,,0000026172-16-000039
26172,2016-07-03,10-Q,2016-08-02,30,,0000026172-16-000049
26172,2016-10-02,10-Q,2016-11-01,30,,0000026172-16-000059
26172,2016-12-31,10-K,2017-02-13,44,,0000026172-17-000007
26172,2017-04-02,10-Q,2017-05-02,30,,0000026172-17-000012
26172,2017-07-02,10-Q,2017-08-01,30,,0000026172-17-000019
26172,2017-10-01,10-Q,2017-10-31,30,,0000026172-17-000027
26172,2017-12-31,10-K,2018-02-14,45,,0000026172-18-000011
26172,2018-04-01,10-Q,2018-05-01,30,,0000026172-18-000019
26172,2018-07-01,10-Q,2018-07-31,30,,0000026172-18-000039
26172,2018-09-30,10-Q,2018-10-30,30,,0000026172-18-000045
26172,2018-12-31,10-K,2019-02-11,42,,0000026172-19-000009
26172,2019-03-31,10-Q,2019-04-30,30,,0000026172-19-000015
26172,2019-06-30,10-Q,2019-07-30,30,,0000026172-19-000031
26172,2019-09-29,10-Q,2019-10-29,30,,0000026172-19-000041
26172,2019-12-31,10-K,2020-02-11,42,,0000026172-20-000009
26172,2020-03-29,10-Q,2020-04-28,30,,0000026172-20-000019
26172,2020-06-28,10-Q,2020-07-28,30,,0000026172-20-000042
26172,2020-09-27,10-Q,2020-10-27,30,,0000026172-20-000054
26172,2020-12-31,10-K,2021-02-10,41,,0000026172-21-000012
26172,2021-04-04,10-Q,2021-05-04,30,,0000026172-21-000027
26172,2021-07-04,10-Q,2021-08-03,30,,0000026172-21-000043
26172,2021-10-03,10-Q,2021-11-02,30,,0000026172-21-000057
26172,2021-12-31,10-K,2022-02-08,39,,0000026172-22-000008
26172,2022-03-31,10-Q,2022-05-03,33,,0000026172-22-000021
26172,2022-06-30,10-Q,2022-08-03,34,,0000026172-22-000046
26172,2022-09-30,10-Q,2022-11-04,35,,0000026172-22-000057
26172,2022-12-31,10-K,2023-02-14,45,,0000026172-23-000005
26172,2023-03-31,10-Q,2023-05-02,32,,0000026172-23-000016
26172,2023-06-30,10-Q,2023-08-03,34,,0000026172-23-000035
26172,2023-09-30,10-Q,2023-11-02,33,,0000026172-23-000045
26172,2023-12-31,10-K,2024-02-12,43,,0000026172-24-000012
26172,2024-03-31,10-Q,2024-05-02,32,,0000026172-24-000023
26172,2024-06-30,10-Q,2024-08-01,32,,0000026172-24-000037
26172,2024-09-30,10-Q,2024-11-05,36,,0000026172-24-000046
26172,2024-12-31,10-K,2025-02-11,42,,0000026172-25-000007
27419,2012-01-28,10-K,2012-03-15,47,,0001047469-12-002714
27419,2012-04-28,10-Q,2012-05-23,25,,0001104659-12-039309
27419,2012-07-28,10-Q,2012-08-23,26,,0001104659-12-059766
27419,2012-10-27,10-Q,2012-11-21,25,,0001104659-12-079507
27419,2013-02-02,10-K,2013-03-20,46,,0001047469-13-003100
27419,2013-05-04,10-Q,2013-05-30,26,,0001104659-13-045630
27419,2013-08-03,10-Q,2013-08-28,25,,0001104659-13-066569
27419,2013-11-02,10-Q,2013-11-27,25,,0000027419-13-000007
27419,2014-02-01,10-K,2014-03-14,41,,0000027419-14-000014
27419,2014-05-03,10-Q,2014-05-29,26,,0000027419-14-000021
27419,2014-08-02,10-Q,2014-08-27,25,,0000027419-14-000028
27419,2014-11-01,10-Q,2014-11-26,25,,0000027419-14-000036
27419,2015-01-31,10-K,2015-03-13,41,,0000027419-15-000012
27419,2015-05-02,10-Q,2015-05-28,26,,0000027419-15-000018
27419,2015-08-01,10-Q,2015-08-25,24,,0000027419-15-000029
27419,2015-10-31,10-Q,2015-11-25,25,,0000027419-15-000036
27419,2016-01-30,10-K,2016-03-11,41,,0000027419-16-000043
27419,2016-04-30,10-Q,2016-05-25,25,,0000027419-16-000051
27419,2016-07-30,10-Q,2016-08-24,25,,0000027419-16-000058
27419,2016-10-29,10-Q,2016-11-23,25,,0000027419-16-000066
27419,2017-01-28,10-K,2017-03-08,39,,0000027419-17-000008
27419,2017-04-29,10-Q,2017-05-22,23,,0000027419-17-000014
27419,2017-07-29,10-Q,2017-08-21,23,,0000027419-17-000027
27419,2017-10-28,10-Q,2017-11-20,23,,0000027419-17-000034
27419,2018-02-03,10-K,2018-03-14,39,,0000027419-18-000010
27419,2018-05-05,10-Q,2018-05-29,24,,0000027419-18-000018
27419,2018-08-04,10-Q,2018-08-27,23,,0000027419-18-000027
27419,2018-11-03,10-Q,2018-11-27,24,,0000027419-18-000036
27419,2019-02-02,10-K,2019-03-13,39,,0000027419-19-000006
27419,2019-05-04,10-Q,2019-05-31,27,,0000027419-19-000013
27419,2019-08-03,10-Q,2019-08-30,27,,0000027419-19-000021
27419,2019-11-02,10-Q,2019-11-27,25,,0000027419-19-000026
27419,2020-02-01,10-K,2020-03-11,39,,0000027419-20-000008
27419,2020-05-02,10-Q,2020-05-29,27,,0000027419-20-000014
27419,2020-08-01,10-Q,2020-08-28,27,,0000027419-20-000023
27419,2020-10-31,10-Q,2020-11-25,25,,0000027419-20-000034
27419,2021-01-30,10-K,2021-03-10,39,,0000027419-21-000010
27419,2021-05-01,10-Q,2021-05-28,27,,0000027419-21-000017
27419,2021-07-31,10-Q,2021-08-27,27,,0000027419-21-000026
27419,2021-10-30,10-Q,2021-11-24,25,,0000027419-21-000034
27419,2022-01-29,10-K,2022-03-09,39,,0000027419-22-000007
27419,2022-04-30,10-Q,2022-05-27,27,,0000027419-22-000015
27419,2022-07-30,10-Q,2022-08-26,27,,0000027419-22-000027
27419,2022-10-29,10-Q,2022-11-23,25,,0000027419-22-000037
27419,2023-01-28,10-K,2023-03-08,39,,0000027419-23-000015
27419,2023-04-29,10-Q,2023-05-26,27,,0000027419-23-000025
27419,2023-07-29,10-Q,2023-08-25,27,,0000027419-23-000035
27419,2023-10-28,10-Q,2023-11-22,25,,0000027419-23-000052
27419,2024-02-03,10-K,2024-03-13,39,,0000027419-24-000032
27419,2024-05-04,10-Q,2024-05-31,27,,0000027419-24-000129
27419,2024-08-03,10-Q,2024-08-30,27,,0000027419-24-000152
27419,2024-11-02,10-Q,2024-11-27,25,,0000027419-24-000179
27904,2012-03-31,10-Q,2012-04-25,25,,0001445305-12-001171
27904,2012-06-30,10-Q,2012-07-25,25,,0001445305-12-002271
27904,2012-09-30,10-Q,2012-10-26,26,,0001445305-12-003245
27904,2012-12-31,10-K,2013-02-13,44,,0001445305-13-000209
27904,2013-03-31,10-Q,2013-04-24,24,,0001445305-13-000892
27904,2013-06-30,10-Q,2013-08-01,32,,0000027904-13-000005
27904,2013-09-30,10-Q,2013-10-23,23,,0000027904-13-000008
27904,2013-12-31,10-K,2014-02-24,55,,0000027904-14-000003
27904,2014-03-31,10-Q,2014-04-24,24,,0000027904-14-000006
27904,2014-06-30,10-Q,2014-07-24,24,,0000027904-14-000011
27904,2014-09-30,10-Q,2014-10-24,24,,0000027904-14-000014
27904,2014-12-31,10-K,2015-02-11,42,,0000027904-15-000003
27904,2015-03-31,10-Q,2015-04-15,15,,0000027904-15-000006
27904,2015-06-30,10-Q,2015-07-15,15,,0000027904-15-000010
27904,2015-09-30,10-Q,2015-10-14,14,,0000027904-15-000013
27904,2015-12-31,10-K,2016-02-05,36,,0000027904-16-000018
27904,2016-03-31,10-Q,2016-04-14,14,,0000027904-16-000022
27904,2016-06-30,10-Q,2016-07-15,15,,0000027904-16-000026
27904,2016-09-30,10-Q,2016-10-13,13,,0000027904-16-000029
27904,2016-12-31,10-K,2017-02-13,44,,0000027904-17-000004
27904,2017-03-31,10-Q,2017-04-12,12,,0000027904-17-000008
27904,2017-06-30,10-Q,2017-07-13,13,,0000027904-17-000013
27904,2017-09-30,10-Q,2017-10-11,11,,0000027904-17-000017
27904,2017-12-31,10-K,2018-02-23,54,,0000027904-18-000006
27904,2018-03-31,10-Q,2018-04-12,12,,0000027904-18-000013
27904,2018-06-30,10-Q,2018-07-12,12,,0000027904-18-000016
27904,2018-09-30,10-Q,2018-10-11,11,,0000027904-18-000020
27904,2018-12-31,10-K,2019-02-15,46,,0000027904-19-000003
27904,2019-03-31,10-Q,2019-04-10,10,,0000027904-19-000005
27904,2019-06-30,10-Q,2019-07-11,11,,0000027904-19-000008
27904,2019-09-30,10-Q,2019-10-10,10,,0000027904-19-000012
27904,2019-12-31,10-K,2020-02-13,44,,0000027904-20-000004
27904,2020-03-31,10-Q,2020-04-22,22,,0000027904-20-000007
27904,2020-06-30,10-Q,2020-07-15,15,,0000027904-20-000010
27904,2020-09-30,10-Q,2020-10-14,14,,0000027904-20-000013
27904,2020-12-31,10-K,2021-02-12,43,,0000027904-21-000003
27904,2021-03-31,10-Q,2021-04-15,15,,0000027904-21-000006
27904,2021-06-30,10-Q,2021-07-14,14,,0000027904-21-000009
27904,2021-09-30,10-Q,2021-10-13,13,,0000027904-21-000012
27904,2021-12-31,10-K,2022-02-11,42,,0000027904-22-000003
27904,2022-03-31,10-Q,2022-04-13,13,,0000027904-22-000006
27904,2022-06-30,10-Q,2022-07-13,13,,0000027904-22-000010
27904,2022-09-30,10-Q,2022-10-13,13,,0000027904-22-000013
27904,2022-12-31,10-K,2023-02-10,41,,0000027904-23-000003
27904,2023-03-31,10-Q,2023-04-13,13,,0000027904-23-000006
27904,2023-06-30,10-Q,2023-07-13,13,,0000027904-23-000009
27904,2023-09-30,10-Q,2023-10-12,12,,0000027904-23-000013
27904,2023-12-31,10-K,2024-02-12,43,,0000027904-24-000003
27904,2024-03-31,10-Q,2024-04-10,10,,0000027904-24-000006
27904,2024-06-30,10-Q,2024-07-11,11,,0000027904-24-000009
27904,2024-09-30,10-Q,2024-10-10,10,,0000027904-24-000012
27904,2024-12-31,10-K,2025-02-11,42,,0000027904-25-000004
29534,2012-02-03,10-K,2012-03-22,48,,0001047469-12-003084
29534,2012-05-04,10-Q,2012-06-04,31,,0001104659-12-041627
29534,2012-08-03,10-Q,2012-09-05,33,,0001104659-12-061560
29534,2012-11-02,10-Q,2012-12-11,39,,0001104659-12-083153
29534,2013-02-01,10-K,2013-03-25,52,,0001047469-13-003283
29534,2013-05-03,10-Q,2013-06-04,32,,0001104659-13-046606
29534,2013-08-02,10-Q,2013-09-04,33,,0001104659-13-067873
29534,2013-11-01,10-Q,2013-12-05,34,,0001104659-13-088513
29534,2014-01-31,10-K,2014-03-20,48,,0001047469-14-002721
29534,2014-05-02,10-Q,2014-06-03,32,,0001104659-14-043520
29534,2014-08-01,10-Q,2014-08-28,27,,0001104659-14-063547
29534,2014-10-31,10-Q,2014-12-04,34,,0001104659-14-084786
29534,2015-01-30,10-K,2015-03-20,49,,0001047469-15-002540
29534,2015-05-01,10-Q,2015-06-02,32,,0001104659-15-042757
29534,2015-07-31,10-Q,2015-08-27,27,,0001104659-15-062037
29534,2015-10-30,10-Q,2015-12-03,34,,0001104659-15-082600
29534,2016-01-29,10-K,2016-03-22,53,,0001047469-16-011420
29534,2016-04-29,10-Q,2016-05-26,27,,0001104659-16-123482
29534,2016-07-29,10-Q,2016-08-25,27,,0001104659-16-141285
29534,2016-10-28,10-Q,2016-12-01,34,,0001558370-16-010321
29534,2017-02-03,10-K,2017-03-24,49,,0001558370-17-002116
29534,2017-05-05,10-Q,2017-06-01,27,,0001558370-17-004622
29534,2017-08-04,10-Q,2017-08-31,27,,0001558370-17-006873
29534,2017-11-03,10-Q,2017-12-07,34,,0001558370-17-009219
29534,2018-02-02,10-K,2018-03-23,49,,0001558370-18-002366
29534,2018-05-04,10-Q,2018-05-31,27,,0001558370-18-005033
29534,2018-08-03,10-Q,2018-08-30,27,,0001558370-18-007294
29534,2018-11-02,10-Q,2018-12-04,32,,0001558370-18-009556
29534,2019-02-01,10-K,2019-03-22,49,,0001558370-19-002383
29534,2019-05-03,10-Q,2019-05-30,27,,0001558370-19-005361
29534,2019-08-02,10-Q,2019-08-29,27,,0001558370-19-008369
29534,2019-11-01,10-Q,2019-12-05,34,,0001558370-19-011341
29534,2020-01-31,10-K,2020-03-19,48,,0001558370-20-002915
29534,2020-05-01,10-Q,2020-05-28,27,,0001558370-20-007046
29534,2020-07-31,10-Q,2020-08-27,27,,0001558370-20-010856
29534,2020-10-30,10-Q,2020-12-03,34,,0001558370-20-014156
29534,2021-01-29,10-K,2021-03-19,49,,0001558370-21-003245
29534,2021-04-30,10-Q,2021-05-27,27,,0001558370-21-007762
29534,2021-07-30,10-Q,2021-08-26,27,,0001558370-21-012076
29534,2021-10-29,10-Q,2021-12-02,34,,0001558370-21-016455
29534,2022-01-28,10-K,2022-03-18,49,,0001558370-22-003921
29534,2022-04-29,10-Q,2022-05-26,27,,0001558370-22-009363
29534,2022-07-29,10-Q,2022-08-25,27,,0001558370-22-013950
29534,2022-10-28,10-Q,2022-12-01,34,,0001558370-22-018302
29534,2023-02-03,10-K,2023-03-24,49,,0001558370-23-004574
29534,2023-05-05,10-Q,2023-06-01,27,,0001558370-23-010690
29534,2023-08-04,10-Q,2023-08-31,27,,0001558370-23-015376
29534,2023-11-03,10-Q,2023-12-07,34,,0001558370-23-019576
29534,2024-02-02,10-K,2024-03-25,52,,0001558370-24-003813
29534,2024-05-03,10-Q,2024-05-30,27,,0001558370-24-008742
29534,2024-08-02,10-Q,2024-08-29,27,,0001558370-24-012525
29534,2024-11-01,10-Q,2024-12-05,34,,0001558370-24-016024
34088,2012-03-31,10-Q,2012-05-03,33,,0001193125-12-208076
34088,2012-06-30,10-Q,2012-08-02,33,,0000034088-12-000036
34088,2012-11-06,10-Q,2012-11-06,0,lag_implausibly_short,0000034088-12-000050
34088,2012-12-31,10-K,2013-02-27,58,,0000034088-13-000011
34088,2013-03-31,10-Q,2013-05-02,32,,0000034088-13-000019
34088,2013-06-30,10-Q,2013-08-06,37,,0000034088-13-000035
34088,2013-09-30,10-Q,2013-11-05,36,,0000034088-13-000046
34088,2013-12-31,10-K,2014-02-26,57,,0000034088-14-000012
34088,2014-03-31,10-Q,2014-05-07,37,,0000034088-14-000019
34088,2014-06-30,10-Q,2014-08-06,37,,0000034088-14-000036
34088,2014-09-30,10-Q,2014-11-05,36,,0000034088-14-000044
34088,2014-12-31,10-K,2015-02-25,56,,0000034088-15-000013
34088,2015-03-31,10-Q,2015-05-06,36,,0000034088-15-000021
34088,2015-06-30,10-Q,2015-08-05,36,,0000034088-15-000035
34088,2015-09-30,10-Q,2015-11-04,35,,0000034088-15-000044
34088,2015-12-31,10-K,2016-02-24,55,,0000034088-16-000065
34088,2016-03-31,10-Q,2016-05-04,34,,0000034088-16-000071
34088,2016-06-30,10-Q,2016-08-03,34,,0000034088-16-000082
34088,2016-09-30,10-Q,2016-11-03,34,,0000034088-16-000097
34088,2016-12-31,10-K,2017-02-22,53,,0000034088-17-000017
34088,2017-03-31,10-Q,2017-05-03,33,,0000034088-17-000027
34088,2017-06-30,10-Q,2017-08-02,33,,0000034088-17-000041
34088,2017-09-30,10-Q,2017-11-01,32,,0000034088-17-000052
34088,2017-12-31,10-K,2018-02-28,59,,0000034088-18-000015
34088,2018-03-31,10-Q,2018-05-03,33,,0000034088-18-000024
34088,2018-06-30,10-Q,2018-08-02,33,,0000034088-18-000039
34088,2018-09-30,10-Q,2018-11-07,38,,0000034088-18-000048
34088,2018-12-31,10-K,2019-02-27,58,,0000034088-19-000010
34088,2019-03-31,10-Q,2019-05-02,32,,0000034088-19-000017
34088,2019-06-30,10-Q,2019-08-07,38,,0000034088-19-000042
34088,2019-09-30,10-Q,2019-11-06,37,,0000034088-19-000062
34088,2019-12-31,10-K,2020-02-26,57,,0000034088-20-000016
34088,2020-03-31,10-Q,2020-05-06,36,,0000034088-20-000037
34088,2020-06-30,10-Q,2020-08-05,36,,0000034088-20-000073
34088,2020-09-30,10-Q,2020-11-04,35,,0000034088-20-000090
34088,2020-12-31,10-K,2021-02-24,55,,0000034088-21-000012
34088,2021-03-31,10-Q,2021-05-05,35,,0000034088-21-000024
34088,2021-06-30,10-Q,2021-08-04,35,,0000034088-21-000051
34088,2021-09-30,10-Q,2021-11-03,34,,0000034088-21-000064
34088,2021-12-31,10-K,2022-02-23,54,,0000034088-22-000011
34088,2022-03-31,10-Q,2022-05-04,34,,0000034088-22-000026
34088,2022-06-30,10-Q,2022-08-03,34,,0000034088-22-000051
34088,2022-09-30,10-Q,2022-11-02,33,,0000034088-22-000064
34088,2022-12-31,10-K,2023-02-22,53,,0000034088-23-000020
34088,2023-03-31,10-Q,2023-05-02,32,,0000034088-23-000030
34088,2023-06-30,10-Q,2023-08-01,32,,0000034088-23-000048
34088,2023-09-30,10-Q,2023-10-31,31,,0000034088-23-000056
34088,2023-12-31,10-K,2024-02-28,59,,0000034088-24-000018
34088,2024-03-31,10-Q,2024-04-29,29,,0000034088-24-000029
34088,2024-06-30,10-Q,2024-08-05,36,,0000034088-24-000050
34088,2024-09-30,10-Q,2024-11-04,35,,0000034088-24-000068
34088,2024-12-31,10-K,2025-02-19,50,,0000034088-25-000010
36104,2012-03-31,10-Q,2012-05-07,37,,0001193125-12-212780
36104,2012-06-30,10-Q,2012-08-03,34,,0001193125-12-334354
36104,2012-09-30,10-Q,2012-11-05,36,,0001193125-12-451606
36104,2012-12-31,10-K,2013-02-22,53,,0001193125-13-071069
36104,2013-03-31,10-Q,2013-05-03,33,,0001193125-13-199123
36104,2013-06-30,10-Q,2013-08-07,38,,0001193125-13-324389
36104,2013-09-30,10-Q,2013-11-01,32,,0001193125-13-422783
36104,2013-12-31,10-K,2014-02-21,52,,0001193125-14-062530
36104,2014-03-31,10-Q,2014-05-07,37,,0001193125-14-187251
36104,2014-06-30,10-Q,2014-08-06,37,,0001193125-14-297896
36104,2014-09-30,10-Q,2014-11-06,37,,0001193125-14-400765
36104,2014-12-31,10-K,2015-02-27,58,,0001193125-15-068728
36104,2015-03-31,10-Q,2015-05-06,36,,0001193125-15-174506
36104,2015-06-30,10-Q,2015-08-05,36,,0001193125-15-278501
36104,2015-09-30,10-Q,2015-11-04,35,,0001193125-15-366273
36104,2015-12-31,10-K,2016-02-25,56,,0001193125-16-478568
36104,2016-03-31,10-Q,2016-05-06,36,,0001193125-16-581459
36104,2016-06-30,10-Q,2016-08-05,36,,0001193125-16-673126
36104,2016-09-30,10-Q,2016-11-04,35,,0001193125-16-759887
36104,2016-12-31,10-K,2017-02-23,54,,0001193125-17-053947
36104,2017-03-31,10-Q,2017-05-05,35,,0001193125-17-160671
36104,2017-06-30,10-Q,2017-08-04,35,,0001193125-17-248499
36104,2017-09-30,10-Q,2017-11-03,34,,0001193125-17-332564
36104,2017-12-31,10-K,2018-02-22,53,,0001193125-18-053893
36104,2018-03-31,10-Q,2018-05-03,33,,0001193125-18-150855
36104,2018-06-30,10-Q,2018-08-02,33,,0001193125-18-236628
36104,2018-09-30,10-Q,2018-11-02,33,,0001193125-18-316582
36104,2018-12-31,10-K,2019-02-22,53,,0001193125-19-047201
36104,2019-03-31,10-Q,2019-05-09,39,,0001193125-19-142913
36104,2019-06-30,10-Q,2019-08-01,32,,0001193125-19-210903
36104,2019-09-30,10-Q,2019-11-08,39,,0001193125-19-287486
36104,2019-12-31,10-K,2020-02-20,51,,0001193125-20-043622
36104,2020-03-31,10-Q,2020-05-07,37,,0001193125-20-136359
36104,2020-06-30,10-Q,2020-08-06,37,,0001193125-20-211979
36104,2020-09-30,10-Q,2020-11-05,36,,0001193125-20-286983
36104,2020-12-31,10-K,2021-02-23,54,,0001193125-21-052547
36104,2021-03-31,10-Q,2021-05-04,34,,0001193125-21-150169
36104,2021-06-30,10-Q,2021-08-03,34,,0001193125-21-234982
36104,2021-09-30,10-Q,2021-11-02,33,,0001193125-21-317037
36104,2021-12-31,10-K,2022-02-22,53,,0001193125-22-048709
36104,2022-03-31,10-Q,2022-05-03,33,,0001193125-22-138788
36104,2022-06-30,10-Q,2022-08-04,35,,0001193125-22-212040
36104,2022-09-30,10-Q,2022-11-01,32,,0001193125-22-275036
36104,2022-12-31,10-K,2023-02-27,58,,0001193125-23-050691
36104,2023-03-31,10-Q,2023-05-08,38,,0001193125-23-137980
36104,2023-06-30,10-Q,2023-08-07,38,,0001193125-23-204050
36104,2023-09-30,10-Q,2023-11-01,32,,0001193125-23-268341
36104,2023-12-31,10-K,2024-02-20,51,,0000036104-24-000018
36104,2024-03-31,10-Q,2024-05-01,31,,0000036104-24-000037
36104,2024-06-30,10-Q,2024-08-06,37,,0000036104-24-000052
36104,2024-09-30,10-Q,2024-11-05,36,,0000036104-24-000072
36104,2024-12-31,10-K,2025-02-21,52,,0000036104-25-000016
37996,2012-03-31,10-Q,2012-05-04,34,,0000037996-12-000023
37996,2012-06-30,10-Q,2012-08-03,34,,0000037996-12-000036
37996,2012-09-30,10-Q,2012-11-02,33,,0000037996-12-000049
37996,2012-12-31,10-K,2013-02-19,50,,0000037996-13-000014
37996,2013-03-31,10-Q,2013-05-01,31,,0000037996-13-000027
37996,2013-06-30,10-Q,2013-07-31,31,,0000037996-13-000042
37996,2013-09-30,10-Q,2013-10-31,31,,0000037996-13-000055
37996,2013-12-31,10-K,2014-02-18,49,,0000037996-14-000010
37996,2014-03-31,10-Q,2014-05-01,31,,0000037996-14-000023
37996,2014-06-30,10-Q,2014-07-31,31,,0000037996-14-000043
37996,2014-09-30,10-Q,2014-10-31,31,,0000037996-14-000057
37996,2014-12-31,10-K,2015-02-13,44,,0000037996-15-000013
37996,2015-03-31,10-Q,2015-04-28,28,,0000037996-15-000029
37996,2015-06-30,10-Q,2015-07-28,28,,0000037996-15-000046
37996,2015-09-30,10-Q,2015-10-27,27,,0000037996-15-000064
37996,2015-12-31,10-K,2016-02-11,42,,0000037996-16-000092
37996,2016-03-31,10-Q,2016-04-28,28,,0000037996-16-000107
37996,2016-06-30,10-Q,2016-07-28,28,,0000037996-16-000133
37996,2016-09-30,10-Q,2016-10-27,27,,0000037996-16-000158
37996,2016-12-31,10-K,2017-02-09,40,,0000037996-17-000013
37996,2017-03-31,10-Q,2017-04-27,27,,0000037996-17-000036
37996,2017-06-30,10-Q,2017-07-26,26,,0000037996-17-000068
37996,2017-09-30,10-Q,2017-10-26,26,,0000037996-17-000092
37996,2017-12-31,10-K,2018-02-08,39,,0000037996-18-000015
37996,2018-03-31,10-Q,2018-04-26,26,,0000037996-18-000036
37996,2018-06-30,10-Q,2018-07-26,26,,0000037996-18-000063
37996,2018-09-30,10-Q,2018-10-25,25,,0000037996-18-000084
37996,2018-12-31,10-K,2019-02-21,52,,0000037996-19-000012
37996,2019-03-31,10-Q,2019-04-26,26,,0000037996-19-000026
37996,2019-06-30,10-Q,2019-07-25,25,,0000037996-19-000067
37996,2019-09-30,10-Q,2019-10-24,24,,0000037996-19-000078
37996,2019-12-31,10-K,2020-02-05,36,,0000037996-20-000010
37996,2020-03-31,10-Q,2020-04-29,29,,0000037996-20-000041
37996,2020-06-30,10-Q,2020-07-31,31,,0000037996-20-000057
37996,2020-09-30,10-Q,2020-10-29,29,,0000037996-20-000071
37996,2020-12-31,10-K,2021-02-05,36,,0000037996-21-000012
37996,2021-03-31,10-Q,2021-04-29,29,,0000037996-21-000026
37996,2021-06-30,10-Q,2021-07-29,29,,0000037996-21-000058
37996,2021-09-30,10-Q,2021-10-28,28,,0000037996-21-000086
37996,2021-12-31,10-K,2022-02-04,35,,0000037996-22-000013
37996,2022-03-31,10-Q,2022-04-28,28,,0000037996-22-000024
37996,2022-06-30,10-Q,2022-07-28,28,,0000037996-22-000048
37996,2022-09-30,10-Q,2022-10-27,27,,0000037996-22-000073
37996,2022-12-31,10-K,2023-02-03,34,,0000037996-23-000012
37996,2023-03-31,10-Q,2023-05-03,33,,0000037996-23-000029
37996,2023-06-30,10-Q,2023-07-28,28,,0000037996-23-000050
37996,2023-09-30,10-Q,2023-10-27,27,,0000037996-23-000068
37996,2023-12-31,10-K,2024-02-07,38,,0000037996-24-000009
37996,2024-03-31,10-Q,2024-04-25,25,,0000037996-24-000075
37996,2024-06-30,10-Q,2024-07-25,25,,0000037996-24-000144
37996,2024-09-30,10-Q,2024-10-29,29,,0000037996-24-000185
37996,2024-12-31,10-K,2025-02-06,37,,0000037996-25-000013
40533,2012-04-01,10-Q,2012-05-01,30,,0001193125-12-201343
40533,2012-07-01,10-Q,2012-08-01,31,,0001193125-12-327606
40533,2012-09-30,10-Q,2012-10-30,30,,0000040533-12-000007
40533,2012-12-31,10-K,2013-02-08,39,,0000040533-13-000005
40533,2013-03-31,10-Q,2013-04-30,30,,0000040533-13-000009
40533,2013-06-30,10-Q,2013-07-24,24,,0000040533-13-000013
40533,2013-09-29,10-Q,2013-10-23,24,,0000040533-13-000019
40533,2013-12-31,10-K,2014-02-07,38,,0000040533-14-000002
40533,2014-03-30,10-Q,2014-04-23,24,,0000040533-14-000010
40533,2014-06-29,10-Q,2014-07-23,24,,0000040533-14-000015
40533,2014-09-28,10-Q,2014-10-22,24,,0000040533-14-000025
40533,2014-12-31,10-K,2015-02-09,40,,0000040533-15-000009
40533,2015-04-05,10-Q,2015-04-29,24,,0000040533-15-000016
40533,2015-07-05,10-Q,2015-07-29,24,,0000040533-15-000038
40533,2015-10-04,10-Q,2015-10-28,24,,0000040533-15-000046
40533,2015-12-31,10-K,2016-02-08,39,,0000040533-16-000056
40533,2016-04-03,10-Q,2016-04-27,24,,0000040533-16-000065
40533,2016-07-03,10-Q,2016-07-27,24,,0000040533-16-000081
40533,2016-10-02,10-Q,2016-10-26,24,,0000040533-16-000090
40533,2016-12-31,10-K,2017-02-06,37,,0000040533-17-000006
40533,2017-04-02,10-Q,2017-04-26,24,,0000040533-17-000014
40533,2017-07-02,10-Q,2017-07-26,24,,0000040533-17-000033
40533,2017-10-01,10-Q,2017-10-25,24,,0000040533-17-000043
40533,2017-12-31,10-K,2018-02-12,43,,0000040533-18-000008
40533,2018-04-01,10-Q,2018-04-25,24,,0000040533-18-000018
40533,2018-07-01,10-Q,2018-07-25,24,,0000040533-18-000043
40533,2018-09-30,10-Q,2018-10-24,24,,0000040533-18-000060
40533,2018-12-31,10-K,2019-02-13,44,,0000040533-19-000010
40533,2019-03-31,10-Q,2019-04-24,24,,0000040533-19-000021
40533,2019-06-30,10-Q,2019-07-24,24,,0000040533-19-000048
40533,2019-09-29,10-Q,2019-10-23,24,,0000040533-19-000056
40533,2019-12-31,10-K,2020-02-10,41,,0000040533-20-000015
40533,2020-03-29,10-Q,2020-04-29,31,,0000040533-20-000029
40533,2020-06-28,10-Q,2020-07-29,31,,0000040533-20-000057
40533,2020-09-27,10-Q,2020-10-28,31,,0000040533-20-000063
40533,2020-12-31,10-K,2021-02-09,40,,0000040533-21-000010
40533,2021-04-04,10-Q,2021-04-28,24,,0000040533-21-000016
40533,2021-07-04,10-Q,2021-07-28,24,,0000040533-21-000043
40533,2021-10-03,10-Q,2021-10-27,24,,0000040533-21-000050
40533,2021-12-31,10-K,2022-02-09,40,,0000040533-22-000007
40533,2022-04-03,10-Q,2022-04-27,24,,0000040533-22-000013
40533,2022-07-03,10-Q,2022-07-27,24,,0000040533-22-000039
40533,2022-10-02,10-Q,2022-10-26,24,,0000040533-22-000048
40533,2022-12-31,10-K,2023-02-07,38,,0000040533-23-000014
40533,2023-04-02,10-Q,2023-04-26,24,,0000040533-23-000027
40533,2023-07-02,10-Q,2023-07-26,24,,0000040533-23-000060
40533,2023-10-01,10-Q,2023-10-25,24,,0000040533-23-000070
40533,2023-12-31,10-K,2024-02-08,39,,0000040533-24-000007
40533,2024-03-31,10-Q,2024-04-24,24,,0000040533-24-000014
40533,2024-06-30,10-Q,2024-07-24,24,,0000040533-24-000035
40533,2024-09-29,10-Q,2024-10-23,24,,0000040533-24-000043
40533,2024-12-31,10-K,2025-02-07,38,,0000040533-25-000008
40545,2012-03-31,10-Q,2012-05-04,34,,0000040545-12-000037
40545,2012-06-30,10-Q,2012-07-30,30,,0000040545-12-000071
40545,2012-09-30,10-Q,2012-11-07,38,,0000040545-12-000088
40545,2012-12-31,10-K,2013-02-26,57,,0000040545-13-000036
40545,2013-03-31,10-Q,2013-05-08,38,,0000040545-13-000057
40545,2013-06-30,10-Q,2013-07-26,26,,0000040545-13-000075
40545,2013-09-30,10-Q,2013-11-01,32,,0000040545-13-000092
40545,2013-12-31,10-K,2014-02-27,58,,0000040554-14-000023
40545,2014-05-09,10-Q,2014-05-12,3,lag_implausibly_short,0000040554-14-000061
40545,2014-07-31,10-Q,2014-07-31,0,lag_implausibly_short,0000040545-14-000034
40545,2014-11-03,10-Q,2014-11-04,1,lag_implausibly_short,0000040545-14-000049
40545,2015-02-27,10-K,2015-02-27,0,lag_implausibly_short,0000040545-15-000030
40545,2015-03-31,10-Q,2015-05-04,34,,0000040545-15-000054
40545,2015-06-30,10-Q,2015-07-30,30,,0000040545-15-000088
40545,2015-09-30,10-Q,2015-11-02,33,,0000040545-15-000114
40545,2015-12-31,10-K,2016-02-26,57,,0000040545-16-000145
40545,2016-03-31,10-Q,2016-05-04,34,,0000040545-16-000152
40545,2016-06-30,10-Q,2016-08-01,32,,0000040545-16-000174
40545,2016-09-30,10-Q,2016-11-02,33,,0000040545-16-000195
40545,2016-12-31,10-K,2017-02-24,55,,0000040545-17-000010
40545,2017-03-31,10-Q,2017-05-05,35,,0000040545-17-000028
40545,2017-06-30,10-Q,2017-07-28,28,,0000040545-17-000053
40545,2017-09-30,10-Q,2017-10-30,30,,0000040545-17-000073
40545,2017-12-31,10-K,2018-02-23,54,,0000040545-18-000014
40545,2018-03-31,10-Q,2018-05-01,31,,0000040545-18-000032
40545,2018-06-30,10-Q,2018-07-27,27,,0000040545-18-000061
40545,2018-09-30,10-Q,2018-10-30,30,,0000040545-18-000081
40545,2018-12-31,10-K,2019-02-26,57,,0000040545-19-000014
40545,2019-03-31,10-Q,2019-04-30,30,,0000040545-19-000024
40545,2019-06-30,10-Q,2019-07-31,31,,0000040545-19-000053
40545,2019-09-30,10-Q,2019-10-30,30,,0000040545-19-000069
40545,2019-12-31,10-K,2020-02-24,55,,0000040545-20-000009
40545,2020-03-31,10-Q,2020-04-29,29,,0000040545-20-000021
40545,2020-06-30,10-Q,2020-07-29,29,,0000040545-20-000046
40545,2020-09-30,10-Q,2020-10-28,28,,0000040545-20-000058
40545,2020-12-31,10-K,2021-02-12,43,,0000040545-21-000011
40545,2021-03-31,10-Q,2021-04-27,27,,0000040545-21-000026
40545,2021-06-30,10-Q,2021-07-27,27,,0000040545-21-000052
40545,2021-09-30,10-Q,2021-10-26,26,,0000040545-21-000064
40545,2021-12-31,10-K,2022-02-11,42,,0000040545-22-000008
40545,2022-03-31,10-Q,2022-04-26,26,,0000040545-22-000027
40545,2022-06-30,10-Q,2022-07-26,26,,0000040545-22-000050
40545,2022-09-30,10-Q,2022-10-25,25,,0000040545-22-000060
40545,2022-12-31,10-K,2023-02-10,41,,0000040545-23-000023
40545,2023-03-31,10-Q,2023-04-25,25,,0000040545-23-000136
40545,2023-06-30,10-Q,2023-07-25,25,,0000040545-23-000198
40545,2023-09-30,10-Q,2023-10-24,24,,0000040545-23-000238
40545,2023-12-31,10-K,2024-02-02,33,,0000040545-24-000027
40545,2024-03-31,10-Q,2024-04-23,23,,0000040545-24-000113
40545,2024-06-30,10-Q,2024-07-23,23,,0000040545-24-000176
40545,2024-09-30,10-Q,2024-10-22,22,,0000040545-24-000200
40545,2024-12-31,10-K,2025-02-03,34,,0000040545-25-000015
47217,2012-01-31,10-Q,2012-03-12,41,,0001047469-12-002476
47217,2012-04-30,10-Q,2012-06-08,39,,0001047469-12-006550
47217,2012-07-31,10-Q,2012-09-10,41,,0001047469-12-008732
47217,2012-10-31,10-K,2012-12-27,57,,0001047469-12-011417
47217,2013-01-31,10-Q,2013-03-11,39,,0001047469-13-002541
47217,2013-04-30,10-Q,2013-06-06,37,,0001047469-13-006802
47217,2013-07-31,10-Q,2013-09-09,40,,0001047469-13-008916
47217,2013-10-31,10-K,2013-12-30,60,,0001047469-13-011417
47217,2014-01-31,10-Q,2014-03-11,39,,0001047469-14-002153
47217,2014-04-30,10-Q,2014-06-09,40,,0001047469-14-005424
47217,2014-07-31,10-Q,2014-09-09,40,,0001047469-14-007462
47217,2014-10-31,10-K,2014-12-18,48,,0001047469-14-009977
47217,2015-01-31,10-Q,2015-03-11,39,,0001047469-15-001999
47217,2015-04-30,10-Q,2015-06-08,39,,0001047469-15-005313
47217,2015-07-31,10-Q,2015-09-08,39,,0001047469-15-007197
47217,2015-10-31,10-K,2015-12-16,46,,0001047469-15-009251
47217,2016-01-31,10-Q,2016-03-03,32,,0001047469-16-010678
47217,2016-04-30,10-Q,2016-06-03,34,,0001047469-16-013586
47217,2016-07-31,10-Q,2016-09-01,32,,0000047217-16-000082
47217,2016-10-31,10-K,2016-12-15,45,,0000047217-16-000093
47217,2017-01-31,10-Q,2017-03-02,30,,0000047217-17-000008
47217,2017-04-30,10-Q,2017-06-01,32,,0000047217-17-000019
47217,2017-07-31,10-Q,2017-08-31,31,,0000047217-17-000029
47217,2017-10-31,10-K,2017-12-14,44,,0000047217-17-000043
47217,2018-01-31,10-Q,2018-03-01,29,,0000047217-18-000008
47217,2018-04-30,10-Q,2018-06-05,36,,0000047217-18-000026
47217,2018-07-31,10-Q,2018-08-28,28,,0000047217-18-000044
47217,2018-10-31,10-K,2018-12-13,43,,0000047217-18-000052
47217,2019-01-31,10-Q,2019-03-05,33,,0000047217-19-000017
47217,2019-04-30,10-Q,2019-05-30,30,,0000047217-19-000034
47217,2019-07-31,10-Q,2019-08-29,29,,0000047217-19-000048
47217,2019-10-31,10-K,2019-12-12,42,,0000047217-19-000071
47217,2020-01-31,10-Q,2020-03-05,34,,0000047217-20-000006
47217,2020-04-30,10-Q,2020-06-05,36,,0000047217-20-000020
47217,2020-07-31,10-Q,2020-09-04,35,,0000047217-20-000034
47217,2020-10-31,10-K,2020-12-10,40,,0000047217-20-000045
47217,2021-01-31,10-Q,2021-03-05,33,,0000047217-21-000012
47217,2021-04-30,10-Q,2021-06-04,35,,0000047217-21-000031
47217,2021-07-31,10-Q,2021-09-03,34,,0000047217-21-000048
47217,2021-10-31,10-K,2021-12-09,39,,0000047217-21-000060
47217,2022-01-31,10-Q,2022-03-07,35,,0000047217-22-000013
47217,2022-04-30,10-Q,2022-06-03,34,,0000047217-22-000037
47217,2022-07-31,10-Q,2022-09-02,33,,0000047217-22-000054
47217,2022-10-31,10-K,2022-12-06,36,,0000047217-22-000068
47217,2023-01-31,10-Q,2023-03-01,29,,0000047217-23-000019
47217,2023-04-30,10-Q,2023-05-31,31,,0000047217-23-000038
47217,2023-07-31,10-Q,2023-09-11,42,,0000047217-23-000076
47217,2023-10-31,10-K,2023-12-18,48,,0000047217-23-000100
47217,2024-01-31,10-Q,2024-02-28,28,,0000047217-24-000024
47217,2024-04-30,10-Q,2024-05-30,30,,0000047217-24-000041
47217,2024-07-31,10-Q,2024-08-29,29,,0000047217-24-000070
47217,2024-10-31,10-K,2024-12-13,43,,0000047217-24-000080
49071,2012-03-31,10-Q,2012-04-30,30,,0001193125-12-196253
49071,2012-06-30,10-Q,2012-08-01,32,,0001193125-12-327550
49071,2012-09-30,10-Q,2012-11-05,36,,0001193125-12-452022
49071,2012-12-31,10-K,2013-02-22,53,,0001193125-13-069911
49071,2013-03-31,10-Q,2013-05-01,31,,0001193125-13-192313
49071,2013-06-30,10-Q,2013-07-31,31,,0001193125-13-312590
49071,2013-09-30,10-Q,2013-11-06,37,,0001193125-13-429313
49071,2013-12-31,10-K,2014-02-19,50,,0001193125-14-058508
49071,2014-03-31,10-Q,2014-05-07,37,,0001193125-14-187480
49071,2014-06-30,10-Q,2014-07-30,30,,0001193125-14-287100
49071,2014-09-30,10-Q,2014-11-07,38,,0000049071-14-000128
49071,2014-12-31,10-K,2015-02-18,49,,0000049071-15-000019
49071,2015-03-31,10-Q,2015-04-29,29,,0000049071-15-000061
49071,2015-06-30,10-Q,2015-07-29,29,,0000049071-15-000075
49071,2015-09-30,10-Q,2015-11-06,37,,0000049071-15-000098
49071,2015-12-31,10-K,2016-02-18,49,,0000049071-16-000117
49071,2016-03-31,10-Q,2016-05-04,34,,0000049071-16-000146
49071,2016-06-30,10-Q,2016-08-03,34,,0000049071-16-000169
49071,2016-09-30,10-Q,2016-11-04,35,,0000049071-16-000184
49071,2016-12-31,10-K,2017-02-17,48,,0000049071-17-000019
49071,2017-03-31,10-Q,2017-05-03,33,,0000049071-17-000102
49071,2017-06-30,10-Q,2017-08-02,33,,0000049071-17-000143
49071,2017-09-30,10-Q,2017-11-08,39,,0000049071-17-000169
49071,2017-12-31,10-K,2018-02-16,47,,0000049071-18-000014
49071,2018-03-31,10-Q,2018-05-02,32,,0000049071-18-000062
49071,2018-06-30,10-Q,2018-08-01,32,,0000049071-18-000100
49071,2018-09-30,10-Q,2018-11-07,38,,0000049071-18-000123
49071,2018-12-31,10-K,2019-02-21,52,,0000049071-19-000023
49071,2019-03-31,10-Q,2019-05-01,31,,0000049071-19-000061
49071,2019-06-30,10-Q,2019-07-31,31,,0000049071-19-000085
49071,2019-09-30,10-Q,2019-11-06,37,,0000049071-19-000105
49071,2019-12-31,10-K,2020-02-20,51,,0000049071-20-000032
49071,2020-03-31,10-Q,2020-04-29,29,,0000049071-20-000083
49071,2020-06-30,10-Q,2020-08-05,36,,0000049071-20-000106
49071,2020-09-30,10-Q,2020-11-03,34,,0000049071-20-000135
49071,2020-12-31,10-K,2021-02-18,49,,0000049071-21-000039
49071,2021-03-31,10-Q,2021-04-28,28,,0000049071-21-000081
49071,2021-06-30,10-Q,2021-07-28,28,,0000049071-21-000112
49071,2021-09-30,10-Q,2021-11-03,34,,0000049071-21-000136
49071,2021-12-31,10-K,2022-02-17,48,,0000049071-22-000017
49071,2022-03-31,10-Q,2022-04-27,27,,0000049071-22-000032
49071,2022-06-30,10-Q,2022-07-27,27,,0000049071-22-000057
49071,2022-09-30,10-Q,2022-11-02,33,,0000049071-22-000071
49071,2022-12-31,10-K,2023-02-16,47,,0000049071-23-000011
49071,2023-03-31,10-Q,2023-04-26,26,,0000049071-23-000025
49071,2023-06-30,10-Q,2023-08-02,33,,0000049071-23-000049
49071,2023-09-30,10-Q,2023-11-01,32,,0000049071-23-000064
49071,2023-12-31,10-K,2024-02-15,46,,0000049071-24-000012
49071,2024-03-31,10-Q,2024-04-24,24,,0000049071-24-000023
49071,2024-06-30,10-Q,2024-07-31,31,,0000049071-24-000040
49071,2024-09-30,10-Q,2024-10-30,30,,0000049071-24-000055
49071,2024-12-31,10-K,2025-02-20,51,,0000049071-25-000007
50863,2012-03-31,10-Q,2012-05-04,34,,0001193125-12-212253
50863,2012-06-30,10-Q,2012-08-01,32,,0001193125-12-329132
50863,2012-09-29,10-Q,2012-10-31,32,,0001193125-12-444095
50863,2012-12-29,10-K,2013-02-19,52,,0001193125-13-065416
50863,2013-03-30,10-Q,2013-04-29,30,,0000050863-13-000043
50863,2013-06-29,10-Q,2013-07-29,30,,0000050863-13-000087
50863,2013-09-28,10-Q,2013-10-28,30,,0000050863-13-000104
50863,2013-12-28,10-K,2014-02-14,48,,0000050863-14-000020
50863,2014-03-29,10-Q,2014-04-25,27,,0000050863-14-000032
50863,2014-06-28,10-Q,2014-07-25,27,,0000050863-14-000058
50863,2014-09-27,10-Q,2014-10-29,32,,0000050863-14-000069
50863,2014-12-27,10-K,2015-02-13,48,,0000050863-15-000015
50863,2015-03-28,10-Q,2015-04-27,30,,0000050863-15-000028
50863,2015-06-27,10-Q,2015-07-27,30,,0000050863-15-000055
50863,2015-09-26,10-Q,2015-10-28,32,,0000050863-15-000072
50863,2015-12-26,10-K,2016-02-12,48,,0000050863-16-000105
50863,2016-04-02,10-Q,2016-05-02,30,,0000050863-16-000125
50863,2016-07-02,10-Q,2016-08-01,30,,0000050863-16-000142
50863,2016-10-01,10-Q,2016-10-31,30,,0000050863-16-000153
50863,2016-12-31,10-K,2017-02-17,48,,0000050863-17-000012
50863,2017-04-01,10-Q,2017-04-27,26,,0000050863-17-000029
50863,2017-07-01,10-Q,2017-07-27,26,,0000050863-17-000041
50863,2017-09-30,10-Q,2017-10-26,26,,0000050863-17-000048
50863,2017-12-30,10-K,2018-02-16,48,,0000050863-18-000007
50863,2018-03-31,10-Q,2018-04-27,27,,0000050863-18-000013
50863,2018-06-30,10-Q,2018-07-27,27,,0000050863-18-000022
50863,2018-09-29,10-Q,2018-10-26,27,,0000050863-18-000029
50863,2018-12-29,10-K,2019-02-01,34,,0000050863-19-000007
50863,2019-03-30,10-Q,2019-04-26,27,,0000050863-19-000013
50863,2019-06-29,10-Q,2019-07-26,27,,0000050863-19-000023
50863,2019-09-28,10-Q,2019-10-25,27,,0000050863-19-000029
50863,2019-12-28,10-K,2020-01-24,27,,0000050863-20-000011
50863,2020-03-28,10-Q,2020-04-24,27,,0000050863-20-000017
50863,2020-06-27,10-Q,2020-07-24,27,,0000050863-20-000026
50863,2020-09-26,10-Q,2020-10-23,27,,0000050863-20-000043
50863,2020-12-26,10-K,2021-01-22,27,,0000050863-21-000010
50863,2021-03-27,10-Q,2021-04-23,27,,0000050863-21-000018
50863,2021-06-26,10-Q,2021-07-23,27,,0000050863-21-000030
50863,2021-09-25,10-Q,2021-10-22,27,,0000050863-21-000038
50863,2021-12-25,10-K,2022-01-27,33,,0000050863-22-000007
50863,2022-04-02,10-Q,2022-04-29,27,,0000050863-22-000020
50863,2022-07-02,10-Q,2022-07-29,27,,0000050863-22-000030
50863,2022-10-01,10-Q,2022-10-28,27,,0000050863-22-000038
50863,2022-12-31,10-K,2023-01-27,27,,0000050863-23-000006
50863,2023-04-01,10-Q,2023-04-28,27,,0000050863-23-000028
50863,2023-07-01,10-Q,2023-07-28,27,,0000050863-23-000069
50863,2023-09-30,10-Q,2023-10-27,27,,0000050863-23-000103
50863,2023-12-30,10-K,2024-01-26,27,,0000050863-24-000010
50863,2024-03-30,10-Q,2024-04-26,27,,0000050863-24-000076
50863,2024-06-29,10-Q,2024-08-02,34,,0000050863-24-000124
50863,2024-09-28,10-Q,2024-11-01,34,,0000050863-24-000149
50863,2024-12-28,10-K,2025-01-31,34,,0000050863-25-000009
51143,2012-03-31,10-Q,2012-04-24,24,,0001104659-12-027715
51143,2012-06-30,10-Q,2012-07-31,31,,0001104659-12-052637
51143,2012-09-30,10-Q,2012-10-30,30,,0001104659-12-072210
51143,2012-12-31,10-K,2013-02-26,57,,0001047469-13-001698
51143,2013-03-31,10-Q,2013-04-30,30,,0001104659-13-035106
51143,2013-06-30,10-Q,2013-07-31,31,,0001104659-13-058041
51143,2013-09-30,10-Q,2013-10-29,29,,0000051143-13-000007
51143,2013-12-31,10-K,2014-02-25,56,,0001047469-14-001302
51143,2014-04-29,10-Q,2014-04-29,0,lag_implausibly_short,0000051143-14-000004
51143,2014-06-30,10-Q,2014-07-29,29,,0000051143-14-000007
51143,2014-09-30,10-Q,2014-10-28,28,,0000051143-14-000010
51143,2014-12-31,10-K,2015-02-24,55,,0001047469-15-001106
51143,2015-03-31,10-Q,2015-04-28,28,,0000051143-15-000003
51143,2015-06-30,10-Q,2015-07-28,28,,0000051143-15-000005
51143,2015-09-30,10-Q,2015-10-27,27,,0000051143-15-000009
51143,2015-12-31,10-K,2016-02-23,54,,0001047469-16-010329
51143,2016-03-31,10-Q,2016-04-26,26,,0000051143-16-000013
51143,2016-06-30,10-Q,2016-07-26,26,,0001104659-16-134367
51143,2016-09-30,10-Q,2016-10-25,25,,0001104659-16-151931
51143,2016-12-31,10-K,2017-02-28,59,,0001047469-17-001061
51143,2017-03-31,10-Q,2017-04-25,25,,0001104659-17-025881
51143,2017-06-30,10-Q,2017-07-25,25,,0001104659-17-046808
51143,2017-09-30,10-Q,2017-10-31,31,,0001104659-17-064968
51143,2017-12-31,10-K,2018-02-27,58,,0001047469-18-001117
51143,2018-03-31,10-Q,2018-04-24,24,,0001104659-18-026178
51143,2018-06-30,10-Q,2018-07-31,31,,0001104659-18-048404
51143,2018-09-30,10-Q,2018-10-30,30,,0001104659-18-064673
51143,2018-12-31,10-K,2019-02-26,57,,0001047469-19-000712
51143,2019-03-31,10-Q,2019-04-30,30,,0001104659-19-025328
51143,2019-06-30,10-Q,2019-07-30,30,,0001558370-19-006560
51143,2019-09-30,10-Q,2019-10-29,29,,0001558370-19-009324
51143,2019-12-31,10-K,2020-02-25,56,,0001558370-20-001334
51143,2020-03-31,10-Q,2020-04-28,28,,0001558370-20-004491
51143,2020-06-30,10-Q,2020-07-28,28,,0001558370-20-008516
51143,2020-09-30,10-Q,2020-10-27,27,,0001558370-20-011799
51143,2020-12-31,10-K,2021-02-23,54,,0001558370-21-001489
51143,2021-03-31,10-Q,2021-04-27,27,,0001558370-21-004922
51143,2021-06-30,10-Q,2021-07-27,27,,0001558370-21-009351
51143,2021-09-30,10-Q,2021-11-05,36,,0001558370-21-014734
51143,2021-12-31,10-K,2022-02-22,53,,0001558370-22-001584
51143,2022-03-31,10-Q,2022-04-26,26,,0001558370-22-005983
51143,2022-06-30,10-Q,2022-07-25,25,,0001558370-22-010985
51143,2022-09-30,10-Q,2022-10-25,25,,0001558370-22-015322
51143,2022-12-31,10-K,2023-02-28,59,,0001558370-23-002376
51143,2023-03-31,10-Q,2023-04-25,25,,0001558370-23-006656
51143,2023-06-30,10-Q,2023-07-25,25,,0000051143-23-000021
51143,2023-09-30,10-Q,2023-10-31,31,,0000051143-23-000032
51143,2023-12-31,10-K,2024-02-26,57,,0000051143-24-000012
51143,2024-03-31,10-Q,2024-04-30,30,,0000051143-24-000025
51143,2024-06-30,10-Q,2024-07-30,30,,0000051143-24-000039
51143,2024-09-30,10-Q,2024-10-30,30,,0000051143-24-000049
51143,2024-12-31,10-K,2025-02-25,56,,0000051143-25-000015
56873,2012-01-28,10-K,2012-03-27,59,,0001104659-12-021358
56873,2012-05-19,10-Q,2012-06-26,38,,0001104659-12-045745
56873,2012-08-11,10-Q,2012-09-18,38,,0001104659-12-063958
56873,2012-11-03,10-Q,2012-12-11,38,,0001104659-12-083205
56873,2013-02-02,10-K,2013-04-02,59,,0001104659-13-026395
56873,2013-05-25,10-Q,2013-06-28,34,,0001104659-13-052257
56873,2013-08-17,10-Q,2013-09-24,38,,0001104659-13-071849
56873,2013-11-09,10-Q,2013-12-13,34,,0001104659-13-090082
56873,2014-02-01,10-K,2014-04-01,59,,0001104659-14-024819
56873,2014-05-24,10-Q,2014-07-01,38,,0001104659-14-049599
56873,2014-08-16,10-Q,2014-09-23,38,,0001104659-14-067650
56873,2014-11-08,10-Q,2014-12-16,38,,0001104659-14-086951
56873,2015-01-31,10-K,2015-03-31,59,,0001104659-15-024557
56873,2015-05-23,10-Q,2015-06-30,38,,0001104659-15-048764
56873,2015-08-15,10-Q,2015-09-22,38,,0001104659-15-066444
56873,2015-11-07,10-Q,2015-12-17,40,,0001104659-15-085378
56873,2016-01-30,10-K,2016-03-29,59,,0001104659-16-108277
56873,2016-05-21,10-Q,2016-06-28,38,,0001104659-16-129759
56873,2016-08-13,10-Q,2016-09-20,38,,0001104659-16-145692
56873,2016-11-05,10-Q,2016-12-13,38,,0001558370-16-010538
56873,2017-01-28,10-K,2017-03-28,59,,0001558370-17-002198
56873,2017-05-20,10-Q,2017-06-27,38,,0001558370-17-004958
56873,2017-08-12,10-Q,2017-09-15,34,,0001558370-17-007064
56873,2017-11-04,10-Q,2017-12-08,34,,0001558370-17-009265
56873,2018-02-03,10-K,2018-04-03,59,,0001558370-18-002753
56873,2018-05-26,10-Q,2018-06-29,34,,0001558370-18-005499
56873,2018-08-18,10-Q,2018-09-25,38,,0001558370-18-007555
56873,2018-11-10,10-Q,2018-12-18,38,,0001558370-18-009745
56873,2019-02-02,10-K,2019-04-02,59,,0001558370-19-002756
56873,2019-05-25,10-Q,2019-06-28,34,,0001558370-19-005961
56873,2019-08-17,10-Q,2019-09-24,38,,0001558370-19-008688
56873,2019-11-09,10-Q,2019-12-17,38,,0001558370-19-011552
56873,2020-02-01,10-K,2020-04-01,60,,0001558370-20-003501
56873,2020-05-23,10-Q,2020-06-26,34,,0001558370-20-007804
56873,2020-08-15,10-Q,2020-09-22,38,,0001558370-20-011232
56873,2020-11-07,10-Q,2020-12-15,38,,0001558370-20-014382
56873,2021-01-30,10-K,2021-03-30,59,,0001558370-21-003706
56873,2021-05-22,10-Q,2021-06-25,34,,0001558370-21-008603
56873,2021-08-14,10-Q,2021-09-17,34,,0001558370-21-012583
56873,2021-11-06,10-Q,2021-12-10,34,,0001558370-21-016667
56873,2022-01-29,10-K,2022-03-29,59,,0001558370-22-004595
56873,2022-05-21,10-Q,2022-06-24,34,,0001558370-22-010253
56873,2022-08-13,10-Q,2022-09-16,34,,0001558370-22-014443
56873,2022-11-05,10-Q,2022-12-09,34,,0001558370-22-018508
56873,2023-01-28,10-K,2023-03-28,59,,0001558370-23-004767
56873,2023-05-20,10-Q,2023-06-23,34,,0001558370-23-011335
56873,2023-08-12,10-Q,2023-09-15,34,,0001558370-23-015803
56873,2023-11-04,10-Q,2023-12-08,34,,0001558370-23-019686
56873,2024-02-03,10-K,2024-04-02,59,,0001558370-24-004603
56873,2024-05-25,10-Q,2024-06-28,34,,0001558370-24-009615
56873,2024-08-17,10-Q,2024-09-20,34,,0001558370-24-012921
56873,2024-11-09,10-Q,2024-12-13,34,,0001558370-24-016233
59478,2012-03-31,10-Q,2012-04-30,30,,0001193125-12-195656
59478,2012-06-30,10-Q,2012-07-27,27,,0000059478-12-000006
59478,2012-09-30,10-Q,2012-10-26,26,,0000059478-12-000021
59478,2012-12-31,10-K,2013-02-21,52,,0000059478-13-000007
59478,2013-03-31,10-Q,2013-04-26,26,,0000059478-13-000019
59478,2013-06-30,10-Q,2013-07-26,26,,0000059478-13-000043
59478,2013-09-30,10-Q,2013-10-30,30,,0000059478-13-000057
59478,2013-12-31,10-K,2014-02-19,50,,0000059478-14-000078
59478,2014-03-31,10-Q,2014-04-28,28,,0000059478-14-000102
59478,2014-06-30,10-Q,2014-07-28,28,,0000059478-14-000129
59478,2014-09-30,10-Q,2014-10-29,29,,0000059478-14-000169
59478,2014-12-31,10-K,2015-02-19,50,,0000059478-15-000100
59478,2015-03-31,10-Q,2015-04-30,30,,0000059478-15-000132
59478,2015-06-30,10-Q,2015-07-30,30,,0000059478-15-000164
59478,2015-09-30,10-Q,2015-10-30,30,,0000059478-15-000175
59478,2015-12-31,10-K,2016-02-19,50,,0000059478-16-000321
59478,2016-03-31,10-Q,2016-04-29,29,,0000059478-16-000353
59478,2016-06-30,10-Q,2016-07-28,28,,0000059478-16-000399
59478,2016-09-30,10-Q,2016-10-28,28,,0000059478-16-000440
59478,2016-12-31,10-K,2017-02-21,52,,0000059478-17-000098
59478,2017-03-31,10-Q,2017-05-01,31,,0000059478-17-000129
59478,2017-06-30,10-Q,2017-07-28,28,,0000059478-17-000183
59478,2017-09-30,10-Q,2017-10-27,27,,0000059478-17-000204
59478,2017-12-31,10-K,2018-02-20,51,,0000059478-18-000089
59478,2018-03-31,10-Q,2018-04-27,27,,0000059478-18-000136
59478,2018-06-30,10-Q,2018-07-25,25,,0000059478-18-000188
59478,2018-09-30,10-Q,2018-11-06,37,,0000059478-18-000256
59478,2018-12-31,10-K,2019-02-19,50,,0000059478-19-000082
59478,2019-03-31,10-Q,2019-05-02,32,,0000059478-19-000174
59478,2019-06-30,10-Q,2019-08-02,33,,0000059478-19-000232
59478,2019-09-30,10-Q,2019-10-25,25,,0000059478-19-000278
59478,2019-12-31,10-K,2020-02-19,50,,0000059478-20-000057
59478,2020-03-31,10-Q,2020-05-01,31,,0000059478-20-000104
59478,2020-06-30,10-Q,2020-07-31,31,,0000059478-20-000131
59478,2020-09-30,10-Q,2020-10-28,28,,0000059478-20-000155
59478,2020-12-31,10-K,2021-02-17,48,,0000059478-21-000083
59478,2021-03-31,10-Q,2021-04-30,30,,0000059478-21-000122
59478,2021-06-30,10-Q,2021-08-03,34,,0000059478-21-000171
59478,2021-09-30,10-Q,2021-10-27,27,,0000059478-21-000216
59478,2021-12-31,10-K,2022-02-23,54,,0000059478-22-000068
59478,2022-03-31,10-Q,2022-04-29,29,,0000059478-22-000133
59478,2022-06-30,10-Q,2022-08-04,35,,0000059478-22-000196
59478,2022-09-30,10-Q,2022-11-01,32,,0000059478-22-000250
59478,2022-12-31,10-K,2023-02-22,53,,0000059478-23-000082
59478,2023-03-31,10-Q,2023-04-27,27,,0000059478-23-000162
59478,2023-06-30,10-Q,2023-08-08,39,,0000059478-23-000221
59478,2023-09-30,10-Q,2023-11-02,33,,0000059478-23-000284
59478,2023-12-31,10-K,2024-02-21,52,,0000059478-24-000065
59478,2024-03-31,10-Q,2024-04-30,30,,0000059478-24-000118
59478,2024-06-30,10-Q,2024-08-08,39,,0000059478-24-000187
59478,2024-09-30,10-Q,2024-10-30,30,,0000059478-24-000245
59478,2024-12-31,10-K,2025-02-19,50,,0000059478-25-000067
60667,2012-02-03,10-K,2012-04-02,59,,0000060667-12-000096
60667,2012-05-04,10-Q,2012-06-06,33,,0000060667-12-000149
60667,2012-08-03,10-Q,2012-09-04,32,,0000060667-12-000176
60667,2012-11-02,10-Q,2012-12-04,32,,0000060667-12-000220
60667,2013-02-01,10-K,2013-04-02,60,,0000060667-13-000045
60667,2013-05-03,10-Q,2013-06-04,32,,0000060667-13-000093
60667,2013-08-02,10-Q,2013-09-03,32,,0000060667-13-000121
60667,2013-11-01,10-Q,2013-12-03,32,,0000060667-13-000169
60667,2014-01-31,10-K,2014-03-31,59,,0000060667-14-000054
60667,2014-05-02,10-Q,2014-06-03,32,,0000060667-14-000110
60667,2014-08-01,10-Q,2014-09-02,32,,0000060667-14-000148
60667,2014-10-31,10-Q,2014-12-02,32,,0000060667-14-000202
60667,2015-01-30,10-K,2015-03-31,60,,0000060667-15-000057
60667,2015-05-01,10-Q,2015-06-02,32,,0000060667-15-000102
60667,2015-07-31,10-Q,2015-09-01,32,,0000060667-15-000134
60667,2015-10-30,10-Q,2015-12-02,33,,0000060667-15-000186
60667,2016-01-29,10-K,2016-03-29,60,,0000060667-16-000276
60667,2016-04-29,10-Q,2016-05-31,32,,0000060667-16-000321
60667,2016-07-29,10-Q,2016-09-02,35,,0000060667-16-000363
60667,2016-10-28,10-Q,2016-11-29,32,,0000060667-16-000407
60667,2017-02-03,10-K,2017-04-04,60,,0000060667-17-000076
60667,2017-05-05,10-Q,2017-06-06,32,,0000060667-17-000111
60667,2017-08-04,10-Q,2017-09-05,32,,0000060667-17-000130
60667,2017-11-03,10-Q,2017-12-05,32,,0000060667-17-000176
60667,2018-02-02,10-K,2018-04-02,59,,0000060667-18-000051
60667,2018-05-04,10-Q,2018-06-05,32,,0000060667-18-000117
60667,2018-08-03,10-Q,2018-09-04,32,,0000060667-18-000157
60667,2018-11-02,10-Q,2018-12-06,34,,0000060667-18-000203
60667,2019-02-01,10-K,2019-04-02,60,,0000060667-19-000042
60667,2019-05-03,10-Q,2019-06-03,31,,0000060667-19-000086
60667,2019-08-02,10-Q,2019-09-03,32,,0000060667-19-000138
60667,2019-11-01,10-Q,2019-12-04,33,,0000060667-19-000184
60667,2020-01-31,10-K,2020-03-23,52,,0000060667-20-000036
60667,2020-05-01,10-Q,2020-05-28,27,,0000060667-20-000085
60667,2020-07-31,10-Q,2020-08-26,26,,0000060667-20-000138
60667,2020-10-30,10-Q,2020-11-25,26,,0000060667-20-000175
60667,2021-01-29,10-K,2021-03-22,52,,0000060667-21-000026
60667,2021-04-30,10-Q,2021-05-27,27,,0000060667-21-000074
60667,2021-07-30,10-Q,2021-08-26,27,,0000060667-21-000149
60667,2021-10-29,10-Q,2021-11-24,26,,0000060667-21-000168
60667,2022-01-28,10-K,2022-03-21,52,,0000060667-22-000038
60667,2022-04-29,10-Q,2022-05-26,27,,0000060667-22-000079
60667,2022-07-29,10-Q,2022-08-25,27,,0000060667-22-000139
60667,2022-10-28,10-Q,2022-11-23,26,,0000060667-22-000170
60667,2023-02-03,10-K,2023-03-27,52,,0000060667-23-000034
60667,2023-05-05,10-Q,2023-06-01,27,,0000060667-23-000114
60667,2023-08-04,10-Q,2023-08-30,26,,0000060667-23-000139
60667,2023-11-03,10-Q,2023-11-29,26,,0000060667-23-000164
60667,2024-02-02,10-K,2024-03-25,52,,0000060667-24-000033
60667,2024-05-03,10-Q,2024-05-30,27,,0000060667-24-000085
60667,2024-08-02,10-Q,2024-08-29,27,,0000060667-24-000140
60667,2024-11-01,10-Q,2024-11-27,26,,0000060667-24-000169
64803,2012-03-31,10-Q,2012-05-02,32,,0001104659-12-031650
64803,2012-06-30,10-Q,2012-08-07,38,,0001104659-12-055261
64803,2012-09-30,10-Q,2012-11-06,37,,0001104659-12-074770
64803,2012-12-31,10-K,2013-02-15,46,,0001104659-13-011354
64803,2013-03-31,10-Q,2013-05-01,31,,0000064803-13-000005
64803,2013-06-30,10-Q,2013-08-06,37,,0000064803-13-000021
64803,2013-09-30,10-Q,2013-11-05,36,,0000064803-13-000027
64803,2013-12-31,10-K,2014-02-11,42,,0000064803-14-000008
64803,2014-03-31,10-Q,2014-05-02,32,,0000064803-14-000017
64803,2014-06-30,10-Q,2014-08-05,36,,0000064803-14-000028
64803,2014-09-30,10-Q,2014-11-04,35,,0000064803-14-000036
64803,2014-12-31,10-K,2015-02-10,41,,0000064803-15-000008
64803,2015-03-31,10-Q,2015-05-01,31,,0000064803-15-000023
64803,2015-06-30,10-Q,2015-08-04,35,,0000064803-15-000054
64803,2015-09-30,10-Q,2015-10-30,30,,0000064803-15-000064
64803,2015-12-31,10-K,2016-02-09,40,,0000064803-16-000074
64803,2016-03-31,10-Q,2016-05-03,33,,0000064803-16-000080
64803,2016-06-30,10-Q,2016-08-02,33,,0000064803-16-000090
64803,2016-09-30,10-Q,2016-11-08,39,,0000064803-16-000097
64803,2016-12-31,10-K,2017-02-09,40,,0000064803-17-000006
64803,2017-03-31,10-Q,2017-05-02,32,,0001558370-17-003258
64803,2017-06-30,10-Q,2017-08-08,39,,0001558370-17-006198
64803,2017-09-30,10-Q,2017-11-06,37,,0001558370-17-008250
64803,2017-12-31,10-K,2018-02-14,45,,0001558370-18-000707
64803,2018-03-31,10-Q,2018-05-02,32,,0001558370-18-003777
64803,2018-06-30,10-Q,2018-08-08,39,,0001558370-18-006683
64803,2018-09-30,10-Q,2018-11-06,37,,0001558370-18-008642
64803,2018-12-31,10-K,2019-02-28,59,,0000064803-19-000013
64803,2019-03-31,10-Q,2019-05-01,31,,0000064803-19-000021
64803,2019-06-30,10-Q,2019-08-07,38,,0000064803-19-000039
64803,2019-09-30,10-Q,2019-11-06,37,,0000064803-19-000049
64803,2019-12-31,10-K,2020-02-18,49,,0000064803-20-000007
64803,2020-03-31,10-Q,2020-05-06,36,,0000064803-20-000015
64803,2020-06-30,10-Q,2020-08-05,36,,0000064803-20-000030
64803,2020-09-30,10-Q,2020-11-06,37,,0000064803-20-000041
64803,2020-12-31,10-K,2021-02-16,47,,0000064803-21-000011
64803,2021-03-31,10-Q,2021-05-04,34,,0000064803-21-000017
64803,2021-06-30,10-Q,2021-08-04,35,,0000064803-21-000028
64803,2021-09-30,10-Q,2021-11-03,34,,0000064803-21-000034
64803,2021-12-31,10-K,2022-02-09,40,,0000064803-22-000008
64803,2022-03-31,10-Q,2022-05-04,34,,0000064803-22-000016
64803,2022-06-30,10-Q,2022-08-03,34,,0000064803-22-000029
64803,2022-09-30,10-Q,2022-11-02,33,,0000064803-22-000038
64803,2022-12-31,10-K,2023-02-08,39,,0000064803-23-000009
64803,2023-03-31,10-Q,2023-05-03,33,,0000064803-23-000016
64803,2023-06-30,10-Q,2023-08-02,33,,0000064803-23-000033
64803,2023-09-30,10-Q,2023-11-01,32,,0000064803-23-000047
64803,2023-12-31,10-K,2024-02-07,38,,0000064803-24-000007
64803,2024-03-31,10-Q,2024-05-01,31,,0000064803-24-000016
64803,2024-06-30,10-Q,2024-08-07,38,,0000064803-24-000029
64803,2024-09-30,10-Q,2024-11-06,37,,0000064803-24-000034
64803,2024-12-31,10-K,2025-02-12,43,,0000064803-25-000007
70858,2012-03-31,10-Q,2012-05-03,33,,0000070858-12-000191
70858,2012-06-30,10-Q,2012-08-02,33,,0000070858-12-000308
70858,2012-09-30,10-Q,2012-11-02,33,,0000070858-12-000362
70858,2012-12-31,10-K,2013-02-28,59,,0000070858-13-000097
70858,2013-03-31,10-Q,2013-05-07,37,,0000070858-13-000147
70858,2013-06-30,10-Q,2013-08-01,32,,0000070858-13-000216
70858,2013-09-30,10-Q,2013-10-30,30,,0000070858-13-000248
70858,2013-12-31,10-K,2014-02-25,56,,0000070858-14-000012
70858,2014-03-31,10-Q,2014-05-01,31,,0000070858-14-000056
70858,2014-06-30,10-Q,2014-07-29,29,,0000070858-14-000088
70858,2014-09-30,10-Q,2014-11-06,37,,0000070858-14-000139
70858,2014-12-31,10-K,2015-02-25,56,,0000070858-15-000008
70858,2015-03-31,10-Q,2015-04-29,29,,0000070858-15-000048
70858,2015-06-30,10-Q,2015-07-29,29,,0000070858-15-000078
70858,2015-09-30,10-Q,2015-10-30,30,,0000070858-15-000103
70858,2015-12-31,10-K,2016-02-24,55,,0000070858-16-000137
70858,2016-03-31,10-Q,2016-05-02,32,,0000070858-16-000166
70858,2016-06-30,10-Q,2016-08-01,32,,0000070858-16-000200
70858,2016-09-30,10-Q,2016-11-01,32,,0000070858-16-000222
70858,2016-12-31,10-K,2017-02-23,54,,0000070858-17-000013
70858,2017-03-31,10-Q,2017-05-02,32,,0000070858-17-000025
70858,2017-06-30,10-Q,2017-07-31,31,,0000070858-17-000037
70858,2017-09-30,10-Q,2017-10-30,30,,0000070858-17-000046
70858,2017-12-31,10-K,2018-02-22,53,,0000070858-18-000009
70858,2018-03-31,10-Q,2018-04-30,30,,0000070858-18-000020
70858,2018-06-30,10-Q,2018-07-30,30,,0000070858-18-000030
70858,2018-09-30,10-Q,2018-10-29,29,,0000070858-18-000042
70858,2018-12-31,10-K,2019-02-26,57,,0000070858-19-000012
70858,2019-03-31,10-Q,2019-04-26,26,,0000070858-19-000026
70858,2019-06-30,10-Q,2019-07-29,29,,0000070858-19-000042
70858,2019-09-30,10-Q,2019-10-28,28,,0000070858-19-000057
70858,2019-12-31,10-K,2020-02-19,50,,0000070858-20-000011
70858,2020-03-31,10-Q,2020-05-01,31,,0000070858-20-000023
70858,2020-06-30,10-Q,2020-07-31,31,,0000070858-20-000040
70858,2020-09-30,10-Q,2020-10-30,30,,0000070858-20-000071
70858,2020-12-31,10-K,2021-02-24,55,,0000070858-21-000023
70858,2021-03-31,10-Q,2021-04-29,29,,0000070858-21-000063
70858,2021-06-30,10-Q,2021-07-30,30,,0000070858-21-000084
70858,2021-09-30,10-Q,2021-10-29,29,,0000070858-21-000107
70858,2021-12-31,10-K,2022-02-22,53,,0000070858-22-000062
70858,2022-03-31,10-Q,2022-04-29,29,,0000070858-22-000088
70858,2022-06-30,10-Q,2022-07-29,29,,0000070858-22-000112
70858,2022-09-30,10-Q,2022-10-28,28,,0000070858-22-000131
70858,2022-12-31,10-K,2023-02-22,53,,0000070858-23-000092
70858,2023-03-31,10-Q,2023-05-01,31,,0000070858-23-000142
70858,2023-06-30,10-Q,2023-07-31,31,,0000070858-23-000176
70858,2023-09-30,10-Q,2023-10-31,31,,0000070858-23-000272
70858,2023-12-31,10-K,2024-02-20,51,,0000070858-24-000122
70858,2024-03-31,10-Q,2024-04-30,30,,0000070858-24-000156
70858,2024-06-30,10-Q,2024-07-30,30,,0000070858-24-000208
70858,2024-09-30,10-Q,2024-10-29,29,,0000070858-24-000280
70858,2024-12-31,10-K,2025-02-25,56,,0000070858-25-000139
73309,2012-03-31,10-Q,2012-05-09,39,,0001193125-12-221372
73309,2012-06-30,10-Q,2012-08-08,39,,0001193125-12-343602
73309,2012-09-29,10-Q,2012-11-07,39,,0001193125-12-456452
73309,2012-12-31,10-K,2013-02-28,59,,0001193125-13-084517
73309,2013-03-30,10-Q,2013-05-08,39,,0001193125-13-206887
73309,2013-06-29,10-Q,2013-08-07,39,,0001193125-13-323814
73309,2013-09-28,10-Q,2013-11-06,39,,0001193125-13-429733
73309,2013-12-31,10-K,2014-02-28,59,,0001193125-14-077349
73309,2014-04-05,10-Q,2014-05-14,39,,0001193125-14-199077
73309,2014-07-05,10-Q,2014-08-13,39,,0001193125-14-307878
73309,2014-10-04,10-Q,2014-11-12,39,,0001193125-14-408729
73309,2014-12-31,10-K,2015-02-27,58,,0001193125-15-068895
73309,2015-04-04,10-Q,2015-05-13,39,,0001193125-15-185690
73309,2015-07-04,10-Q,2015-08-12,39,,0001193125-15-287733
73309,2015-10-03,10-Q,2015-11-12,40,,0001193125-15-374781
73309,2015-12-31,10-K,2016-02-26,57,,0001193125-16-481119
73309,2016-04-02,10-Q,2016-05-11,39,,0001193125-16-586874
73309,2016-07-02,10-Q,2016-08-10,39,,0001193125-16-677912
73309,2016-10-01,10-Q,2016-11-09,39,,0001193125-16-764062
73309,2016-12-31,10-K,2017-02-28,59,,0001193125-17-062124
73309,2017-04-01,10-Q,2017-05-10,39,,0001193125-17-165702
73309,2017-07-01,10-Q,2017-08-09,39,,0001193125-17-252608
73309,2017-09-30,10-Q,2017-11-08,39,,0001193125-17-337077
73309,2017-12-31,10-K,2018-02-28,59,,0001193125-18-064018
73309,2018-03-31,10-Q,2018-05-09,39,,0001193125-18-157220
73309,2018-06-30,10-Q,2018-08-08,39,,0001193125-18-242368
73309,2018-09-29,10-Q,2018-11-07,39,,0001193125-18-320749
73309,2018-12-31,10-K,2019-02-28,59,,0001193125-19-057744
73309,2019-03-30,10-Q,2019-05-08,39,,0001193125-19-141391
73309,2019-06-29,10-Q,2019-08-07,39,,0001564590-19-029949
73309,2019-09-28,10-Q,2019-11-06,39,,0001564590-19-040956
73309,2019-12-31,10-K,2020-02-28,59,,0001564590-20-007794
73309,2020-04-04,10-Q,2020-05-13,39,,0001564590-20-025117
73309,2020-07-04,10-Q,2020-08-12,39,,0001564590-20-039639
73309,2020-10-03,10-Q,2020-11-12,40,,0001564590-20-053596
73309,2020-12-31,10-K,2021-02-26,57,,0001564590-21-009503
73309,2021-04-03,10-Q,2021-05-12,39,,0001564590-21-026758
73309,2021-07-03,10-Q,2021-08-11,39,,0001564590-21-043479
73309,2021-10-02,10-Q,2021-11-10,39,,0001564590-21-056213
73309,2021-12-31,10-K,2022-02-28,59,,0001564590-22-007679
73309,2022-04-02,10-Q,2022-05-11,39,,0001564590-22-019391
73309,2022-07-02,10-Q,2022-08-10,39,,0001564590-22-028899
73309,2022-10-01,10-Q,2022-11-09,39,,0001564590-22-037206
73309,2022-12-31,10-K,2023-03-01,60,,0001564590-23-002793
73309,2023-04-01,10-Q,2023-05-10,39,,0000950170-23-020173
73309,2023-07-01,10-Q,2023-08-09,39,,0000950170-23-040234
73309,2023-09-30,10-Q,2023-11-08,39,,0000950170-23-060729
73309,2023-12-31,10-K,2024-02-27,58,,0000950170-24-021195
73309,2024-03-30,10-Q,2024-05-08,39,,0000950170-24-055144
73309,2024-06-29,10-Q,2024-08-07,39,,0000950170-24-092479
73309,2024-09-28,10-Q,2024-11-06,39,,0000950170-24-121863
73309,2024-12-31,10-K,2025-02-27,58,,0000950170-25-028427
75362,2012-03-31,10-Q,2012-05-10,40,,0001193125-12-224972
75362,2012-06-30,10-Q,2012-08-08,39,,0001193125-12-344247
75362,2012-09-30,10-Q,2012-11-07,38,,0001193125-12-457500
75362,2012-12-31,10-K,2013-02-27,58,,0001193125-13-080215
75362,2013-03-31,10-Q,2013-05-08,38,,0001193125-13-207512
75362,2013-06-30,10-Q,2013-08-07,38,,0001193125-13-324177
75362,2013-09-30,10-Q,2013-11-07,38,,0001193125-13-432974
75362,2013-12-31,10-K,2014-02-27,58,,0001193125-14-073103
75362,2014-03-31,10-Q,2014-05-07,37,,0001193125-14-187511
75362,2014-06-30,10-Q,2014-08-07,38,,0001193125-14-300871
75362,2014-09-30,10-Q,2014-11-06,37,,0001193125-14-401045
75362,2014-12-31,10-K,2015-02-26,57,,0001193125-15-065702
75362,2015-03-31,10-Q,2015-05-06,36,,0001193125-15-174512
75362,2015-06-30,10-Q,2015-08-06,37,,0001193125-15-281040
75362,2015-09-30,10-Q,2015-11-05,36,,0001193125-15-368291
75362,2015-12-31,10-K,2016-02-16,47,,0001193125-16-465258
75362,2016-03-31,10-Q,2016-05-04,34,,0001193125-16-577596
75362,2016-06-30,10-Q,2016-08-03,34,,0001193125-16-670077
75362,2016-09-30,10-Q,2016-11-04,35,,0001193125-16-760179
75362,2016-12-31,10-K,2017-02-21,52,,0001193125-17-050405
75362,2017-03-31,10-Q,2017-05-04,34,,0001193125-17-158733
75362,2017-06-30,10-Q,2017-08-04,35,,0001193125-17-248773
75362,2017-09-30,10-Q,2017-11-03,34,,0001564590-17-021522
75362,2017-12-31,10-K,2018-02-21,52,,0001564590-18-002675
75362,2018-03-31,10-Q,2018-05-04,34,,0001564590-18-010845
75362,2018-06-30,10-Q,2018-08-03,34,,0001564590-18-019160
75362,2018-09-30,10-Q,2018-11-02,33,,0001564590-18-026487
75362,2018-12-31,10-K,2019-02-21,52,,0001564590-19-003670
75362,2019-03-31,10-Q,2019-05-02,32,,0001564590-19-015329
75362,2019-06-30,10-Q,2019-08-02,33,,0001564590-19-028370
75362,2019-09-30,10-Q,2019-10-30,30,,0001564590-19-038819
75362,2019-12-31,10-K,2020-02-19,50,,0001564590-20-005276
75362,2020-03-31,10-Q,2020-05-04,34,,0001564590-20-020820
75362,2020-06-30,10-Q,2020-08-03,34,,0001564590-20-035572
75362,2020-09-30,10-Q,2020-11-02,33,,0001564590-20-049631
75362,2020-12-31,10-K,2021-02-17,48,,0001564590-21-006370
75362,2021-03-31,10-Q,2021-05-03,33,,0001564590-21-022825
75362,2021-06-30,10-Q,2021-08-02,33,,0001564590-21-039777
75362,2021-09-30,10-Q,2021-11-01,32,,0001564590-21-053170
75362,2021-12-31,10-K,2022-02-23,54,,0001564590-22-006237
75362,2022-03-31,10-Q,2022-05-03,33,,0001564590-22-017431
75362,2022-06-30,10-Q,2022-08-02,33,,0001564590-22-027473
75362,2022-09-30,10-Q,2022-10-28,28,,0001564590-22-035704
75362,2022-12-31,10-K,2023-02-22,53,,0001564590-23-002203
75362,2023-03-31,10-Q,2023-05-02,32,,0001564590-23-006847
75362,2023-06-30,10-Q,2023-08-02,33,,0000950170-23-037133
75362,2023-09-30,10-Q,2023-11-02,33,,0000950170-23-058179
75362,2023-12-31,10-K,2024-02-21,52,,0000950170-24-017900
75362,2024-03-31,10-Q,2024-05-02,32,,0000950170-24-052081
75362,2024-06-30,10-Q,2024-07-31,31,,0000950170-24-088553
75362,2024-09-30,10-Q,2024-10-30,30,,0000950170-24-118960
75362,2024-12-31,10-K,2025-02-19,50,,0000950170-25-023145
77476,2012-03-24,10-Q,2012-04-26,33,,0001193125-12-186092
77476,2012-06-16,10-Q,2012-07-25,39,,0001193125-12-314695
77476,2012-09-08,10-Q,2012-10-17,39,,0001445305-12-003144
77476,2012-12-29,10-K,2013-02-21,54,,0001445305-13-000278
77476,2013-03-23,10-Q,2013-04-19,27,,0000077476-13-000008
77476,2013-06-15,10-Q,2013-07-24,39,,0000077476-13-000020
77476,2013-09-07,10-Q,2013-10-16,39,,0000077476-13-000027
77476,2013-12-28,10-K,2014-02-14,48,,0000077476-14-000007
77476,2014-03-22,10-Q,2014-04-17,26,,0000077476-14-000025
77476,2014-06-14,10-Q,2014-07-23,39,,0000077476-14-000044
77476,2014-09-06,10-Q,2014-10-09,33,,0000077476-14-000057
77476,2014-12-27,10-K,2015-02-12,47,,0000077476-15-000012
77476,2015-03-21,10-Q,2015-04-23,33,,0000077476-15-000021
77476,2015-06-13,10-Q,2015-07-09,26,,0000077476-15-000036
77476,2015-09-05,10-Q,2015-10-06,31,,0000077476-15-000050
77476,2015-12-26,10-K,2016-02-11,47,,0000077476-16-000066
77476,2016-03-19,10-Q,2016-04-18,30,,0000077476-16-000074
77476,2016-06-11,10-Q,2016-07-07,26,,0000077476-16-000094
77476,2016-09-03,10-Q,2016-09-29,26,,0000077476-16-000107
77476,2016-12-31,10-K,2017-02-15,46,,0000077476-17-000010
77476,2017-03-25,10-Q,2017-04-26,32,,0000077476-17-000017
77476,2017-06-17,10-Q,2017-07-11,24,,0000077476-17-000033
77476,2017-09-09,10-Q,2017-10-04,25,,0000077476-17-000048
77476,2017-12-30,10-K,2018-02-13,45,,0000077476-18-000012
77476,2018-03-24,10-Q,2018-04-26,33,,0000077476-18-000032
77476,2018-06-16,10-Q,2018-07-10,24,,0000077476-18-000055
77476,2018-09-08,10-Q,2018-10-02,24,,0000077476-18-000076
77476,2018-12-29,10-K,2019-02-15,48,,0000077476-19-000017
77476,2019-03-23,10-Q,2019-04-17,25,,0000077476-19-000038
77476,2019-06-15,10-Q,2019-07-09,24,,0000077476-19-000070
77476,2019-09-07,10-Q,2019-10-03,26,,0000077476-19-000093
77476,2019-12-28,10-K,2020-02-13,47,,0000077476-20-000015
77476,2020-03-21,10-Q,2020-04-28,38,,0000077476-20-000041
77476,2020-06-13,10-Q,2020-07-13,30,,0000077476-20-000060
77476,2020-09-05,10-Q,2020-10-01,26,,0000077476-20-000068
77476,2020-12-26,10-K,2021-02-11,47,,0000077476-21-000007
77476,2021-03-20,10-Q,2021-04-15,26,,0000077476-21-000018
77476,2021-06-12,10-Q,2021-07-13,31,,0000077476-21-000039
77476,2021-09-04,10-Q,2021-10-05,31,,0000077476-21-000050
77476,2021-12-25,10-K,2022-02-10,47,,0000077476-22-000010
77476,2022-03-19,10-Q,2022-04-26,38,,0000077476-22-000020
77476,2022-06-11,10-Q,2022-07-12,31,,0000077476-22-000043
77476,2022-09-03,10-Q,2022-10-12,39,,0000077476-22-000052
77476,2022-12-31,10-K,2023-02-09,40,,0000077476-23-000007
77476,2023-03-25,10-Q,2023-04-25,31,,0000077476-23-000023
77476,2023-06-17,10-Q,2023-07-13,26,,0000077476-23-000046
77476,2023-09-09,10-Q,2023-10-10,31,,0000077476-23-000058
77476,2023-12-30,10-K,2024-02-09,41,,0000077476-24-000008
77476,2024-03-23,10-Q,2024-04-23,31,,0000077476-24-000017
77476,2024-06-15,10-Q,2024-07-11,26,,0000077476-24-000042
77476,2024-09-07,10-Q,2024-10-08,31,,0000077476-24-000052
77476,2024-12-28,10-K,2025-02-04,38,,0000077476-25-000007
78003,2012-04-01,10-Q,2012-05-10,39,,0001157523-12-002789
78003,2012-07-01,10-Q,2012-08-09,39,,0001157523-12-004450
78003,2012-09-30,10-Q,2012-11-09,40,,0000078003-12-000008
78003,2012-12-31,10-K,2013-02-28,59,,0000078003-13-000006
78003,2013-03-31,10-Q,2013-05-10,40,,0000078003-13-000013
78003,2013-06-30,10-Q,2013-08-09,40,,0000078003-13-000017
78003,2013-09-29,10-Q,2013-11-08,40,,0000078003-13-000029
78003,2013-12-31,10-K,2014-02-28,59,,0000078003-14-000018
78003,2014-03-30,10-Q,2014-05-08,39,,0000078003-14-000030
78003,2014-06-29,10-Q,2014-08-07,39,,0000078003-14-000039
78003,2014-09-28,10-Q,2014-11-06,39,,0000078003-14-000046
78003,2014-12-31,10-K,2015-02-27,58,,0000078003-15-000014
78003,2015-03-29,10-Q,2015-05-07,39,,0000078003-15-000026
78003,2015-06-28,10-Q,2015-08-06,39,,0000078003-15-000034
78003,2015-09-27,10-Q,2015-11-05,39,,0000078003-15-000051
78003,2015-12-31,10-K,2016-02-29,60,,0000078003-16-000077
78003,2016-04-03,10-Q,2016-05-12,39,,0000078003-16-000096
78003,2016-07-03,10-Q,2016-08-11,39,,0000078003-16-000105
78003,2016-10-02,10-Q,2016-11-10,39,,0000078003-16-000113
78003,2016-12-31,10-K,2017-02-23,54,,0000078003-17-000014
78003,2017-04-02,10-Q,2017-05-11,39,,0000078003-17-000024
78003,2017-07-02,10-Q,2017-08-10,39,,0000078003-17-000039
78003,2017-10-01,10-Q,2017-11-09,39,,0000078003-17-000049
78003,2017-12-31,10-K,2018-02-22,53,,0000078003-18-000027
78003,2018-04-01,10-Q,2018-05-10,39,,0000078003-18-000045
78003,2018-07-01,10-Q,2018-08-09,39,,0000078003-18-000070
78003,2018-09-30,10-Q,2018-11-08,39,,0000078003-18-000091
78003,2018-12-31,10-K,2019-02-28,59,,0000078003-19-000015
78003,2019-03-31,10-Q,2019-05-09,39,,0000078003-19-000026
78003,2019-06-30,10-Q,2019-08-08,39,,0000078003-19-000064
78003,2019-09-29,10-Q,2019-11-07,39,,0000078003-19-000082
78003,2019-12-31,10-K,2020-02-27,58,,0000078003-20-000014
78003,2020-03-29,10-Q,2020-05-07,39,,0000078003-20-000037
78003,2020-06-28,10-Q,2020-08-06,39,,0000078003-20-000060
78003,2020-09-27,10-Q,2020-11-05,39,,0000078003-20-000070
78003,2020-12-31,10-K,2021-02-25,56,,0000078003-21-000038
78003,2021-04-04,10-Q,2021-05-13,39,,0000078003-21-000065
78003,2021-07-04,10-Q,2021-08-12,39,,0000078003-21-000093
78003,2021-10-03,10-Q,2021-11-12,40,,0000078003-21-000107
78003,2021-12-31,10-K,2022-02-24,55,,0000078003-22-000027
78003,2022-04-03,10-Q,2022-05-11,38,,0000078003-22-000071
78003,2022-07-03,10-Q,2022-08-10,38,,0000078003-22-000094
78003,2022-10-02,10-Q,2022-11-09,38,,0000078003-22-000101
78003,2022-12-31,10-K,2023-02-23,54,,0000078003-23-000024
78003,2023-04-02,10-Q,2023-05-10,38,,0001628280-23-017196
78003,2023-07-02,10-Q,2023-08-09,38,,0000078003-23-000088
78003,2023-10-01,10-Q,2023-11-08,38,,0000078003-23-000115
78003,2023-12-31,10-K,2024-02-22,53,,0000078003-24-000039
78003,2024-03-31,10-Q,2024-05-08,38,,0000078003-24-000107
78003,2024-06-30,10-Q,2024-08-05,36,,0000078003-24-000166
78003,2024-09-29,10-Q,2024-11-04,36,,0000078003-24-000191
78003,2024-12-31,10-K,2025-02-27,58,,0000078003-25-000054
80424,2012-03-31,10-Q,2012-04-27,27,,0000080424-12-000040
80424,2012-06-30,10-K,2012-08-08,39,,0000080424-12-000063
80424,2012-09-30,10-Q,2012-10-25,25,,0000080424-12-000092
80424,2012-12-31,10-Q,2013-01-25,25,,0000080424-13-000012
80424,2013-03-31,10-Q,2013-04-24,24,,0000080424-13-000033
80424,2013-06-30,10-K,2013-08-08,39,,0000080424-13-000063
80424,2013-09-30,10-Q,2013-10-25,25,,0000080424-13-000089
80424,2013-12-31,10-Q,2014-01-24,24,,0000080424-14-000012
80424,2014-03-31,10-Q,2014-04-23,23,,0000080424-14-000038
80424,2014-06-30,10-K,2014-08-08,39,,0000080424-14-000057
80424,2014-09-30,10-Q,2014-10-24,24,,0000080424-14-000077
80424,2014-12-31,10-Q,2015-01-27,27,,0000080424-15-000014
80424,2015-03-31,10-Q,2015-04-23,23,,0000080424-15-000039
80424,2015-06-30,10-K,2015-08-07,38,,0000080424-15-000070
80424,2015-09-30,10-Q,2015-10-23,23,,0000080424-15-000098
80424,2015-12-31,10-Q,2016-01-26,26,,0000080424-16-000166
80424,2016-03-31,10-Q,2016-04-26,26,,0000080424-16-000183
80424,2016-06-30,10-K,2016-08-09,40,,0000080424-16-000212
80424,2016-09-30,10-Q,2016-10-25,25,,0000080424-16-000244
80424,2016-12-31,10-Q,2017-01-20,20,,0000080424-17-000011
80424,2017-03-31,10-Q,2017-04-26,26,,0000080424-17-000026
80424,2017-06-30,10-K,2017-08-07,38,,0000080424-17-000047
80424,2017-09-30,10-Q,2017-10-20,20,,0000080424-17-000078
80424,2017-12-31,10-Q,2018-01-23,23,,0000080424-18-000013
80424,2018-03-31,10-Q,2018-04-19,19,,0000080424-18-000034
80424,2018-06-30,10-K,2018-08-07,38,,0000080424-18-000055
80424,2018-09-30,10-Q,2018-10-19,19,,0000080424-18-000100
80424,2018-12-31,10-Q,2019-01-23,23,,0000080424-19-000014
80424,2019-03-31,10-Q,2019-04-23,23,,0000080424-19-000031
80424,2019-06-30,10-K,2019-08-06,37,,0000080424-19-000050
80424,2019-09-30,10-Q,2019-10-22,22,,0000080424-19-000086
80424,2019-12-31,10-Q,2020-01-23,23,,0000080424-20-000017
80424,2020-03-31,10-Q,2020-04-20,20,,0000080424-20-000038
80424,2020-06-30,10-K,2020-08-06,37,,0000080424-20-000053
80424,2020-09-30,10-Q,2020-10-20,20,,0000080424-20-000097
80424,2020-12-31,10-Q,2021-01-20,20,,0000080424-21-000026
80424,2021-03-31,10-Q,2021-04-20,20,,0000080424-21-000062
80424,2021-06-30,10-K,2021-08-06,37,,0000080424-21-000100
80424,2021-09-30,10-Q,2021-10-19,19,,0000080424-21-000129
80424,2021-12-31,10-Q,2022-01-19,19,,0000080424-22-000016
80424,2022-03-31,10-Q,2022-04-20,20,,0000080424-22-000035
80424,2022-06-30,10-K,2022-08-05,36,,0000080424-22-000064
80424,2022-09-30,10-Q,2022-10-19,19,,0000080424-22-000102
80424,2022-12-31,10-Q,2023-01-19,19,,0000080424-23-000014
80424,2023-03-31,10-Q,2023-04-21,21,,0000080424-23-000046
80424,2023-06-30,10-K,2023-08-04,35,,0000080424-23-000073
80424,2023-09-30,10-Q,2023-10-18,18,,0000080424-23-000103
80424,2023-12-31,10-Q,2024-01-23,23,,0000080424-24-000018
80424,2024-03-31,10-Q,2024-04-19,19,,0000080424-24-000051
80424,2024-06-30,10-K,2024-08-05,36,,0000080424-24-000083
80424,2024-09-30,10-Q,2024-10-18,18,,0000080424-24-000113
80424,2024-12-31,10-Q,2025-01-22,22,,0000080424-25-000013
80661,2012-03-31,10-Q,2012-05-07,37,,0001193125-12-213884
80661,2012-06-30,10-Q,2012-08-02,33,,0001193125-12-330549
80661,2012-09-30,10-Q,2012-11-01,32,,0001193125-12-445379
80661,2012-12-31,10-K,2013-02-26,57,,0001193125-13-075784
80661,2013-03-31,10-Q,2013-05-02,32,,0001193125-13-194648
80661,2013-06-30,10-Q,2013-08-06,37,,0001193125-13-320754
80661,2013-09-30,10-Q,2013-11-12,43,,0000080661-13-000090
80661,2013-12-31,10-K,2014-02-26,57,,0000080661-14-000010
80661,2014-03-31,10-Q,2014-05-12,42,,0000080661-14-000022
80661,2014-06-30,10-Q,2014-07-30,30,,0000080661-14-000035
80661,2014-09-30,10-Q,2014-10-29,29,,0000080661-14-000051
80661,2014-12-31,10-K,2015-03-02,61,,0000080661-15-000010
80661,2015-03-31,10-Q,2015-05-11,41,,0000080661-15-000026
80661,2015-06-30,10-Q,2015-08-05,36,,0000080661-15-000040
80661,2015-09-30,10-Q,2015-11-05,36,,0000080661-15-000058
80661,2015-12-31,10-K,2016-02-29,60,,0000080661-16-000080
80661,2016-03-31,10-Q,2016-05-05,35,,0000080661-16-000097
80661,2016-06-30,10-Q,2016-08-03,34,,0000080661-16-000116
80661,2016-09-30,10-Q,2016-11-03,34,,0000080661-16-000128
80661,2016-12-31,10-K,2017-03-01,60,,0000080661-17-000012
80661,2017-03-31,10-Q,2017-05-03,33,,0000080661-17-000025
80661,2017-06-30,10-Q,2017-08-02,33,,0000080661-17-000052
80661,2017-09-30,10-Q,2017-11-02,33,,0000080661-17-000066
80661,2017-12-31,10-K,2018-02-27,58,,0000080661-18-000011
80661,2018-03-31,10-Q,2018-05-02,32,,0000080661-18-000025
80661,2018-06-30,10-Q,2018-07-31,31,,0000080661-18-000039
80661,2018-09-30,10-Q,2018-10-31,31,,0000080661-18-000050
80661,2018-12-31,10-K,2019-02-27,58,,0000080661-19-000008
80661,2019-03-31,10-Q,2019-05-01,31,,0000080661-19-000023
80661,2019-06-30,10-Q,2019-08-07,38,,0000080661-19-000034
80661,2019-09-30,10-Q,2019-11-06,37,,0000080661-19-000043
80661,2019-12-31,10-K,2020-03-02,62,,0000080661-20-000006
80661,2020-03-31,10-Q,2020-05-05,35,,0000080661-20-000020
80661,2020-06-30,10-Q,2020-08-04,35,,0000080661-20-000032
80661,2020-09-30,10-Q,2020-11-03,34,,0000080661-20-000040
80661,2020-12-31,10-K,2021-03-01,60,,0000080661-21-000014
80661,2021-03-31,10-Q,2021-05-04,34,,0000080661-21-000030
80661,2021-06-30,10-Q,2021-08-03,34,,0000080661-21-000044
80661,2021-09-30,10-Q,2021-11-02,33,,0000080661-21-000053
80661,2021-12-31,10-K,2022-02-28,59,,0000080661-22-000046
80661,2022-03-31,10-Q,2022-05-02,32,,0000080661-22-000058
80661,2022-06-30,10-Q,2022-08-02,33,,0000080661-22-000071
80661,2022-09-30,10-Q,2022-11-01,32,,0000080661-22-000080
80661,2022-12-31,10-K,2023-02-27,58,,0000080661-23-000006
80661,2023-03-31,10-Q,2023-05-02,32,,0000080661-23-000023
80661,2023-06-30,10-Q,2023-08-01,32,,0000080661-23-000037
80661,2023-09-30,10-Q,2023-10-31,31,,0000080661-23-000049
80661,2023-12-31,10-K,2024-02-26,57,,0000080661-24-000007
80661,2024-03-31,10-Q,2024-05-06,36,,0000080661-24-000018
80661,2024-06-30,10-Q,2024-08-05,36,,0000080661-24-000031
80661,2024-09-30,10-Q,2024-11-04,35,,0000080661-24-000045
80661,2024-12-31,10-K,2025-03-03,62,,0000080661-25-000007
81061,2012-03-31,10-Q,2012-05-10,40,,0001193125-12-224027
81061,2012-06-30,10-Q,2012-08-09,40,,0001193125-12-345884
81061,2012-09-29,10-Q,2012-11-08,40,,0001193125-12-459306
81061,2012-12-29,10-K,2013-02-28,61,,0001193125-13-084552
81061,2013-03-30,10-Q,2013-05-09,40,,0000081061-13-000009
81061,2013-06-29,10-Q,2013-08-08,40,,0000081061-13-000017
81061,2013-09-28,10-Q,2013-11-07,40,,0000081061-13-000025
81061,2013-12-31,10-K,2014-03-03,62,,0000081061-14-000002
81061,2014-03-29,10-Q,2014-05-01,33,,0000081061-14-000016
81061,2014-06-28,10-Q,2014-08-01,34,,0000081061-14-000025
81061,2014-09-27,10-Q,2014-11-03,37,,0000081061-14-000034
81061,2014-12-27,10-K,2015-03-02,65,,0000081061-15-000002
81061,2015-03-28,10-Q,2015-05-01,34,,0000081061-15-000014
81061,2015-06-27,10-Q,2015-08-03,37,,0000081061-15-000024
81061,2015-09-26,10-Q,2015-11-02,37,,0000081061-15-000031
81061,2015-12-26,10-K,2016-03-01,66,,0000081061-16-000041
81061,2016-03-26,10-Q,2016-05-02,37,,0000081061-16-000055
81061,2016-06-25,10-Q,2016-08-01,37,,0000081061-16-000069
81061,2016-09-24,10-Q,2016-11-01,38,,0000081061-16-000077
81061,2016-12-31,10-K,2017-03-01,60,,0000081061-17-000007
81061,2017-04-01,10-Q,2017-05-01,30,,0000081061-17-000018
81061,2017-07-01,10-Q,2017-08-01,31,,0000081061-17-000033
81061,2017-09-30,10-Q,2017-11-01,32,,0000081061-17-000041
81061,2017-12-30,10-K,2018-03-01,61,,0000081061-18-000006
81061,2018-03-31,10-Q,2018-05-01,31,,0000081061-18-000019
81061,2018-06-30,10-Q,2018-08-01,32,,0000081061-18-000034
81061,2018-09-29,10-Q,2018-11-01,33,,0000081061-18-000044
81061,2018-12-29,10-K,2019-03-01,62,,0000081061-19-000010
81061,2019-03-30,10-Q,2019-05-01,32,,0000081061-19-000026
81061,2019-06-29,10-Q,2019-08-01,33,,0000081061-19-000035
81061,2019-09-28,10-Q,2019-11-01,34,,0000081061-19-000043
81061,2019-12-28,10-K,2020-03-02,65,,0000081061-20-000006
81061,2020-03-28,10-Q,2020-05-01,34,,0000081061-20-000019
81061,2020-06-27,10-Q,2020-08-03,37,,0000081061-20-000027
81061,2020-09-26,10-Q,2020-11-02,37,,0000081061-20-000038
81061,2020-12-26,10-K,2021-03-01,65,,0000081061-21-000014
81061,2021-03-27,10-Q,2021-05-03,37,,0000081061-21-000027
81061,2021-06-26,10-Q,2021-08-02,37,,0000081061-21-000037
81061,2021-09-25,10-Q,2021-11-01,37,,0000081061-21-000044
81061,2021-12-25,10-K,2022-03-01,66,,0000081061-22-000011
81061,2022-03-26,10-Q,2022-05-02,37,,0000081061-22-000024
81061,2022-06-25,10-Q,2022-08-01,37,,0000081061-22-000034
81061,2022-09-24,10-Q,2022-11-01,38,,0000081061-22-000042
81061,2022-12-31,10-K,2023-03-01,60,,0000081061-23-000009
81061,2023-04-01,10-Q,2023-05-01,30,,0000081061-23-000023
81061,2023-07-01,10-Q,2023-08-01,31,,0000081061-23-000034
81061,2023-09-30,10-Q,2023-11-01,32,,0000081061-23-000041
81061,2023-12-30,10-K,2024-03-01,62,,0000081061-24-000009
81061,2024-03-30,10-Q,2024-05-01,32,,0000081061-24-000024
81061,2024-06-29,10-Q,2024-08-01,33,,0000081061-24-000034
81061,2024-09-28,10-Q,2024-11-01,34,,0000081061-24-000043
81061,2024-12-28,10-K,2025-03-03,65,,0000081061-25-000007
86312,2012-03-31,10-Q,2012-04-19,19,,0001104659-12-026316
86312,2012-06-30,10-Q,2012-07-19,19,,0001104659-12-049705
86312,2012-09-30,10-Q,2012-10-18,18,,0001104659-12-069751
86312,2012-12-31,10-K,2013-02-19,50,,0001047469-13-001211
86312,2013-03-31,10-Q,2013-04-23,23,,0001104659-13-031454
86312,2013-06-30,10-Q,2013-07-23,23,,0001104659-13-055745
86312,2013-09-30,10-Q,2013-10-22,22,,0001104659-13-076858
86312,2013-12-31,10-K,2014-02-13,44,,0001047469-14-000854
86312,2014-03-31,10-Q,2014-04-22,22,,0001104659-14-029036
86312,2014-06-30,10-Q,2014-07-22,22,,0001104659-14-052582
86312,2014-09-30,10-Q,2014-10-21,21,,0001104659-14-072594
86312,2014-12-31,10-K,2015-02-12,43,,0001047469-15-000743
86312,2015-03-31,10-Q,2015-04-21,21,,0001104659-15-028880
86312,2015-06-30,10-Q,2015-07-21,21,,0001104659-15-051991
86312,2015-09-30,10-Q,2015-10-20,20,,0001104659-15-071489
86312,2015-12-31,10-K,2016-02-11,42,,0001047469-16-010107
86312,2016-03-31,10-Q,2016-04-21,21,,0001104659-16-113040
86312,2016-06-30,10-Q,2016-07-21,21,,0001104659-16-133593
86312,2016-09-30,10-Q,2016-10-20,20,,0001104659-16-151040
86312,2016-12-31,10-K,2017-02-16,47,,0001047469-17-000695
86312,2017-03-31,10-Q,2017-04-20,20,,0001104659-17-024701
86312,2017-06-30,10-Q,2017-07-20,20,,0001104659-17-045895
86312,2017-09-30,10-Q,2017-10-19,19,,0001104659-17-062842
86312,2017-12-31,10-K,2018-02-15,46,,0001047469-18-000812
86312,2018-03-31,10-Q,2018-04-24,24,,0000086312-18-000008
86312,2018-06-30,10-Q,2018-07-19,19,,0000086312-18-000024
86312,2018-09-30,10-Q,2018-10-18,18,,0000086312-18-000038
86312,2018-12-31,10-K,2019-02-14,45,,0000086312-19-000009
86312,2019-03-31,10-Q,2019-04-18,18,,0000086312-19-000021
86312,2019-06-30,10-Q,2019-07-23,23,,0000086312-19-000035
86312,2019-09-30,10-Q,2019-10-22,22,,0000086312-19-000046
86312,2019-12-31,10-K,2020-02-13,44,,0000086312-20-000011
86312,2020-03-31,10-Q,2020-04-21,21,,0000086312-20-000021
86312,2020-06-30,10-Q,2020-07-23,23,,0000086312-20-000039
86312,2020-09-30,10-Q,2020-10-20,20,,0000086312-20-000049
86312,2020-12-31,10-K,2021-02-11,42,,0000086312-21-000011
86312,2021-03-31,10-Q,2021-04-20,20,,0000086312-21-000018
86312,2021-06-30,10-Q,2021-07-20,20,,0000086312-21-000034
86312,2021-09-30,10-Q,2021-10-19,19,,0000086312-21-000042
86312,2021-12-31,10-K,2022-02-17,48,,0000086312-22-000013
86312,2022-03-31,10-Q,2022-04-19,19,,0000086312-22-000029
86312,2022-06-30,10-Q,2022-07-21,21,,0000086312-22-000055
86312,2022-09-30,10-Q,2022-10-19,19,,0000086312-22-000065
86312,2022-12-31,10-K,2023-02-16,47,,0000086312-23-000011
86312,2023-03-31,10-Q,2023-04-19,19,,0000086312-23-000037
86312,2023-06-30,10-Q,2023-07-20,20,,0000086312-23-000053
86312,2023-09-30,10-Q,2023-10-18,18,,0000086312-23-000063
86312,2023-12-31,10-K,2024-02-15,46,,0000086312-24-000012
86312,2024-03-31,10-Q,2024-04-17,17,,0000086312-24-000032
86312,2024-06-30,10-Q,2024-07-19,19,,0000086312-24-000051
86312,2024-09-30,10-Q,2024-10-17,17,,0000086312-24-000059
86312,2024-12-31,10-K,2025-02-13,44,,0000086312-25-000012
87347,2012-03-31,10-Q,2012-04-25,25,,0001193125-12-180984
87347,2012-06-30,10-Q,2012-07-25,25,,0001193125-12-313818
87347,2012-09-30,10-Q,2012-10-24,24,,0001193125-12-432709
87347,2012-12-31,10-K,2013-01-31,31,,0001193125-13-031766
87347,2013-03-31,10-Q,2013-04-24,24,,0001193125-13-169511
87347,2013-06-30,10-Q,2013-07-24,24,,0001193125-13-299983
87347,2013-09-30,10-Q,2013-10-23,23,,0001564590-13-000735
87347,2013-12-31,10-K,2014-01-31,31,,0001564590-14-000090
87347,2014-03-31,10-Q,2014-04-23,23,,0001564590-14-001564
87347,2014-06-30,10-Q,2014-07-23,23,,0001564590-14-002860
87347,2014-09-30,10-Q,2014-10-22,22,,0001564590-14-004404
87347,2014-12-31,10-K,2015-01-29,29,,0001564590-15-000337
87347,2015-03-31,10-Q,2015-04-22,22,,0001564590-15-002749
87347,2015-06-30,10-Q,2015-07-22,22,,0001564590-15-005555
87347,2015-09-30,10-Q,2015-10-21,21,,0001564590-15-008511
87347,2015-12-31,10-K,2016-01-27,27,,0001564590-16-012009
87347,2016-03-31,10-Q,2016-04-27,27,,0001564590-16-016687
87347,2016-06-30,10-Q,2016-07-27,27,,0001564590-16-021567
87347,2016-09-30,10-Q,2016-10-26,26,,0001564590-16-026174
87347,2016-12-31,10-K,2017-01-25,25,,0001564590-17-000589
87347,2017-03-31,10-Q,2017-04-26,26,,0001564590-17-007214
87347,2017-06-30,10-Q,2017-07-26,26,,0001564590-17-014007
87347,2017-09-30,10-Q,2017-10-25,25,,0001564590-17-019977
87347,2017-12-31,10-K,2018-01-24,24,,0001564590-18-000821
87347,2018-03-31,10-Q,2018-04-25,25,,0001564590-18-008981
87347,2018-06-30,10-Q,2018-07-25,25,,0001564590-18-017379
87347,2018-09-30,10-Q,2018-10-24,24,,0001564590-18-024846
87347,2018-12-31,10-K,2019-01-23,23,,0001564590-19-000928
87347,2019-03-31,10-Q,2019-04-24,24,,0001564590-19-012635
87347,2019-06-30,10-Q,2019-07-24,24,,0001564590-19-025739
87347,2019-09-30,10-Q,2019-10-23,23,,0001564590-19-037505
87347,2019-12-31,10-K,2020-01-22,22,,0001564590-20-001578
87347,2020-03-31,10-Q,2020-04-22,22,,0001564590-20-017823
87347,2020-06-30,10-Q,2020-07-29,29,,0001564590-20-034137
87347,2020-09-30,10-Q,2020-10-21,21,,0001564590-20-047045
87347,2020-12-31,10-K,2021-01-27,27,,0001564590-21-002477
87347,2021-03-31,10-Q,2021-04-28,28,,0001564590-21-021157
87347,2021-06-30,10-Q,2021-07-28,28,,0001564590-21-038547
87347,2021-09-30,10-Q,2021-10-27,27,,0001564590-21-052182
87347,2021-12-31,10-K,2022-01-26,26,,0001564590-22-002421
87347,2022-03-31,10-Q,2022-04-27,27,,0001564590-22-015889
87347,2022-06-30,10-Q,2022-07-27,27,,0001564590-22-026594
87347,2022-09-30,10-Q,2022-10-26,26,,0001564590-22-035199
87347,2022-12-31,10-K,2023-01-25,25,,0001564590-23-000762
87347,2023-03-31,10-Q,2023-04-26,26,,0000950170-23-014656
87347,2023-06-30,10-Q,2023-07-26,26,,0000950170-23-034590
87347,2023-09-30,10-Q,2023-10-25,25,,0000950170-23-055042
87347,2023-12-31,10-K,2024-01-24,24,,0000950170-24-006884
87347,2024-03-31,10-Q,2024-04-24,24,,0000950170-24-047250
87347,2024-06-30,10-Q,2024-07-24,24,,0000950170-24-085905
87347,2024-09-30,10-Q,2024-10-23,23,,0000950170-24-116535
87347,2024-12-31,10-K,2025-01-22,22,,0000950170-25-007638
92380,2012-03-31,10-Q,2012-04-25,25,,0000092380-12-000016
92380,2012-06-30,10-Q,2012-07-27,27,,0000092380-12-000089
92380,2012-09-30,10-Q,2012-10-26,26,,0000092380-12-000103
92380,2012-12-31,10-K,2013-02-07,38,,0001193125-13-041608
92380,2013-03-31,10-Q,2013-05-02,32,,0000092380-13-000020
92380,2013-06-30,10-Q,2013-07-31,31,,0000092380-13-000097
92380,2013-09-30,10-Q,2013-10-30,30,,0000092380-13-000111
92380,2013-12-31,10-K,2014-02-04,35,,0000092380-14-000010
92380,2014-03-31,10-Q,2014-05-01,31,,0000092380-14-000024
92380,2014-06-30,10-Q,2014-07-30,30,,0000092380-14-000117
92380,2014-09-30,10-Q,2014-10-29,29,,0000092380-14-000151
92380,2014-12-31,10-K,2015-02-06,37,,0000092380-15-000027
92380,2015-03-31,10-Q,2015-04-30,30,,0000092380-15-000042
92380,2015-06-30,10-Q,2015-07-31,31,,0000092380-15-000098
92380,2015-09-30,10-Q,2015-10-29,29,,0000092380-15-000129
92380,2015-12-31,10-K,2016-02-03,34,,0000092380-16-000175
92380,2016-03-31,10-Q,2016-04-29,29,,0000092380-16-000213
92380,2016-06-30,10-Q,2016-07-28,28,,0000092380-16-000252
92380,2016-09-30,10-Q,2016-10-31,31,,0000092380-16-000270
92380,2016-12-31,10-K,2017-02-07,38,,0000092380-17-000029
92380,2017-03-31,10-Q,2017-05-03,33,,0000092380-17-000078
92380,2017-06-30,10-Q,2017-08-01,32,,0000092380-17-000146
92380,2017-09-30,10-Q,2017-11-01,32,,0000092380-17-000167
92380,2017-12-31,10-K,2018-02-07,38,,0000092380-18-000031
92380,2018-03-31,10-Q,2018-05-01,31,,0000092380-18-000073
92380,2018-06-30,10-Q,2018-08-01,32,,0000092380-18-000110
92380,2018-09-30,10-Q,2018-10-30,30,,0000092380-18-000130
92380,2018-12-31,10-K,2019-02-05,36,,0000092380-19-000022
92380,2019-03-31,10-Q,2019-04-30,30,,0000092380-19-000049
92380,2019-06-30,10-Q,2019-07-30,30,,0000092380-19-000077
92380,2019-09-30,10-Q,2019-11-08,39,,0000092380-19-000085
92380,2019-12-31,10-K,2020-02-04,35,,0000092380-20-000024
92380,2020-03-31,10-Q,2020-04-28,28,,0000092380-20-000060
92380,2020-06-30,10-Q,2020-07-27,27,,0000092380-20-000122
92380,2020-09-30,10-Q,2020-10-27,27,,0000092380-20-000145
92380,2020-12-31,10-K,2021-02-08,39,,0000092380-21-000033
92380,2021-03-31,10-Q,2021-04-27,27,,0000092380-21-000101
92380,2021-06-30,10-Q,2021-07-27,27,,0000092380-21-000143
92380,2021-09-30,10-Q,2021-10-26,26,,0000092380-21-000160
92380,2021-12-31,10-K,2022-02-07,38,,0000092380-22-000007
92380,2022-03-31,10-Q,2022-05-02,32,,0000092380-22-000020
92380,2022-06-30,10-Q,2022-08-02,33,,0000092380-22-000048
92380,2022-09-30,10-Q,2022-10-31,31,,0000092380-22-000060
92380,2022-12-31,10-K,2023-02-07,38,,0000092380-23-000010
92380,2023-03-31,10-Q,2023-04-28,28,,0000092380-23-000024
92380,2023-06-30,10-Q,2023-07-28,28,,0000092380-23-000038
92380,2023-09-30,10-Q,2023-10-30,30,,0000092380-23-000049
92380,2023-12-31,10-K,2024-02-06,37,,0000092380-24-000027
92380,2024-03-31,10-Q,2024-04-26,26,,0000092380-24-000055
92380,2024-06-30,10-Q,2024-07-29,29,,0000092380-24-000111
92380,2024-09-30,10-Q,2024-10-28,28,,0000092380-24-000147
92380,2024-12-31,10-K,2025-02-07,38,,0000092380-25-000024
93410,2012-03-31,10-Q,2012-05-03,33,,0001193125-12-207154
93410,2012-06-30,10-Q,2012-08-02,33,,0001193125-12-330913
93410,2012-09-30,10-Q,2012-11-06,37,,0000093410-12-000003
93410,2012-12-31,10-K,2013-02-22,53,,0000093410-13-000003
93410,2013-03-31,10-Q,2013-05-02,32,,0000093410-13-000010
93410,2013-06-30,10-Q,2013-08-07,38,,0000093410-13-000028
93410,2013-09-30,10-Q,2013-11-08,39,,0000093410-13-000045
93410,2013-12-31,10-K,2014-02-21,52,,0000093410-14-000011
93410,2014-03-31,10-Q,2014-05-02,32,,0000093410-14-000024
93410,2014-06-30,10-Q,2014-08-06,37,,0000093410-14-000042
93410,2014-09-30,10-Q,2014-11-07,38,,0000093410-14-000049
93410,2014-12-31,10-K,2015-02-20,51,,0000093410-15-000010
93410,2015-03-31,10-Q,2015-05-07,37,,0000093410-15-000020
93410,2015-06-30,10-Q,2015-08-05,36,,0000093410-15-000031
93410,2015-09-30,10-Q,2015-11-06,37,,0000093410-15-000038
93410,2015-12-31,10-K,2016-02-25,56,,0000093410-16-000049
93410,2016-03-31,10-Q,2016-05-05,35,,0000093410-16-000056
93410,2016-06-30,10-Q,2016-08-04,35,,0000093410-16-000070
93410,2016-09-30,10-Q,2016-11-03,34,,0000093410-16-000083
93410,2016-12-31,10-K,2017-02-23,54,,0000093410-17-000013
93410,2017-03-31,10-Q,2017-05-04,34,,0000093410-17-000019
93410,2017-06-30,10-Q,2017-08-03,34,,0000093410-17-000033
93410,2017-09-30,10-Q,2017-11-02,33,,0000093410-17-000046
93410,2017-12-31,10-K,2018-02-22,53,,0000093410-18-000010
93410,2018-03-31,10-Q,2018-05-03,33,,0000093410-18-000016
93410,2018-06-30,10-Q,2018-08-02,33,,0000093410-18-000029
93410,2018-09-30,10-Q,2018-11-08,39,,0000093410-18-000035
93410,2018-12-31,10-K,2019-02-22,53,,0000093410-19-000008
93410,2019-03-31,10-Q,2019-05-02,32,,0000093410-19-000014
93410,2019-06-30,10-Q,2019-08-07,38,,0000093410-19-000029
93410,2019-09-30,10-Q,2019-11-07,38,,0000093410-19-000038
93410,2019-12-31,10-K,2020-02-21,52,,0000093410-20-000010
93410,2020-03-31,10-Q,2020-05-06,36,,0000093410-20-000020
93410,2020-06-30,10-Q,2020-08-05,36,,0000093410-20-000039
93410,2020-09-30,10-Q,2020-11-05,36,,0000093410-20-000050
93410,2020-12-31,10-K,2021-02-25,56,,0000093410-21-000009
93410,2021-03-31,10-Q,2021-05-06,36,,0000093410-21-000015
93410,2021-06-30,10-Q,2021-08-05,36,,0000093410-21-000036
93410,2021-09-30,10-Q,2021-11-04,35,,0000093410-21-000046
93410,2021-12-31,10-K,2022-02-24,55,,0000093410-22-000019
93410,2022-03-31,10-Q,2022-05-04,34,,0000093410-22-000026
93410,2022-06-30,10-Q,2022-08-04,35,,0000093410-22-000066
93410,2022-09-30,10-Q,2022-11-03,34,,0000093410-22-000075
93410,2022-12-31,10-K,2023-02-23,54,,0000093410-23-000009
93410,2023-03-31,10-Q,2023-05-04,34,,0000093410-23-000066
93410,2023-06-30,10-Q,2023-08-03,34,,0000093410-23-000079
93410,2023-09-30,10-Q,2023-11-02,33,,0000093410-23-000088
93410,2023-12-31,10-K,2024-02-26,57,,0000093410-24-000013
93410,2024-03-31,10-Q,2024-05-02,32,,0000093410-24-000021
93410,2024-06-30,10-Q,2024-08-07,38,,0000093410-24-000040
93410,2024-09-30,10-Q,2024-11-07,38,,0000093410-24-000059
93410,2024-12-31,10-K,2025-02-21,52,,0000093410-25-000009
96021,2012-03-31,10-Q,2012-05-08,38,,0001193125-12-216752
96021,2012-06-30,10-K,2012-08-28,59,,0000096021-12-000062
96021,2012-09-29,10-Q,2012-11-06,38,,0000096021-12-000091
96021,2012-12-29,10-Q,2013-02-05,38,,0000096021-13-000004
96021,2013-03-30,10-Q,2013-05-07,38,,0000096021-13-000046
96021,2013-06-29,10-K,2013-08-27,59,,0000096021-13-000073
96021,2013-09-28,10-Q,2013-11-05,38,,0000096021-13-000091
96021,2013-12-28,10-Q,2014-02-04,38,,0000096021-14-000004
96021,2014-03-29,10-Q,2014-05-06,38,,0000096021-14-000027
96021,2014-06-28,10-K,2014-08-26,59,,0000096021-14-000040
96021,2014-09-27,10-Q,2014-11-04,38,,0000096021-14-000066
96021,2014-12-27,10-Q,2015-02-03,38,,0000096021-15-000004
96021,2015-03-28,10-Q,2015-05-05,38,,0000096021-15-000028
96021,2015-06-27,10-K,2015-08-25,59,,0000096021-15-000057
96021,2015-09-26,10-Q,2015-11-03,38,,0000096021-15-000083
96021,2015-12-26,10-Q,2016-02-02,38,,0000096021-16-000165
96021,2016-03-26,10-Q,2016-05-03,38,,0000096021-16-000200
96021,2016-07-02,10-K,2016-08-30,59,,0000096021-16-000275
96021,2016-10-01,10-Q,2016-11-08,38,,0000096021-16-000318
96021,2016-12-31,10-Q,2017-02-07,38,,0000096021-17-000035
96021,2017-04-01,10-Q,2017-05-09,38,,0000096021-17-000073
96021,2017-07-01,10-K,2017-08-30,60,,0000096021-17-000120
96021,2017-09-30,10-Q,2017-11-09,40,,0000096021-17-000170
96021,2017-12-30,10-Q,2018-02-06,38,,0000096021-18-000038
96021,2018-03-31,10-Q,2018-05-08,38,,0000096021-18-000083
96021,2018-06-30,10-K,2018-08-27,58,,0000096021-18-000126
96021,2018-09-29,10-Q,2018-11-06,38,,0000096021-18-000178
96021,2018-12-29,10-Q,2019-02-05,38,,0000096021-19-000008
96021,2019-03-30,10-Q,2019-05-07,38,,0000096021-19-000041
96021,2019-06-29,10-K,2019-08-26,58,,0000096021-19-000093
96021,2019-09-28,10-Q,2019-11-05,38,,0000096021-19-000126
96021,2019-12-28,10-Q,2020-02-05,39,,0000096021-20-000017
96021,2020-03-28,10-Q,2020-05-06,39,,0000096021-20-000044
96021,2020-06-27,10-K,2020-08-26,60,,0000096021-20-000100
96021,2020-09-26,10-Q,2020-11-04,39,,0000096021-20-000122
96021,2020-12-26,10-Q,2021-02-03,39,,0000096021-21-000018
96021,2021-03-27,10-Q,2021-05-05,39,,0000096021-21-000045
96021,2021-07-03,10-K,2021-08-30,58,,0000096021-21-000093
96021,2021-10-02,10-Q,2021-11-09,38,,0000096021-21-000139
96021,2022-01-01,10-Q,2022-02-09,39,,0000096021-22-000036
96021,2022-04-02,10-Q,2022-05-11,39,,0000096021-22-000082
96021,2022-07-02,10-K,2022-08-26,55,,0000096021-22-000151
96021,2022-10-01,10-Q,2022-11-02,32,,0000096021-22-000211
96021,2022-12-31,10-Q,2023-02-01,32,,0000096021-23-000033
96021,2023-04-01,10-Q,2023-05-02,31,,0000096021-23-000065
96021,2023-07-01,10-K,2023-08-25,55,,0000096021-23-000117
96021,2023-09-30,10-Q,2023-11-01,32,,0000096021-23-000201
96021,2023-12-30,10-Q,2024-01-31,32,,0000096021-24-000018
96021,2024-03-30,10-Q,2024-05-01,32,,0000096021-24-000043
96021,2024-06-29,10-K,2024-08-28,60,,0000096021-24-000128
96021,2024-09-28,10-Q,2024-10-30,32,,0000096021-24-000186
96021,2024-12-28,10-Q,2025-01-29,32,,0000096021-25-000010
97745,2012-03-31,10-Q,2012-05-04,34,,0000097745-12-000016
97745,2012-06-30,10-Q,2012-08-03,34,,0000097745-12-000029
97745,2012-09-29,10-Q,2012-11-02,34,,0000097745-12-000039
97745,2012-12-31,10-K,2013-02-27,58,,0000097745-13-000007
97745,2013-03-30,10-Q,2013-05-03,34,,0000097745-13-000024
97745,2013-06-29,10-Q,2013-08-02,34,,0000097745-13-000042
97745,2013-09-28,10-Q,2013-11-01,34,,0000097745-13-000048
97745,2013-12-31,10-K,2014-02-27,58,,0000097745-14-000014
97745,2014-03-29,10-Q,2014-05-02,34,,0000097745-14-000031
97745,2014-06-28,10-Q,2014-08-01,34,,0000097745-14-000045
97745,2014-09-27,10-Q,2014-10-31,34,,0000097745-14-000052
97745,2014-12-31,10-K,2015-02-26,57,,0000097745-15-000007
97745,2015-03-28,10-Q,2015-05-01,34,,0000097745-15-000014
97745,2015-06-27,10-Q,2015-07-31,34,,0000097745-15-000026
97745,2015-09-26,10-Q,2015-10-30,34,,0000097745-15-000031
97745,2015-12-31,10-K,2016-02-25,56,,0000097745-16-000043
97745,2016-04-02,10-Q,2016-05-06,34,,0000097745-16-000054
97745,2016-07-02,10-Q,2016-08-05,34,,0000097745-16-000065
97745,2016-10-01,10-Q,2016-11-04,34,,0000097745-16-000072
97745,2016-12-31,10-K,2017-02-28,59,,0000097745-17-000007
97745,2017-04-01,10-Q,2017-05-05,34,,0000097745-17-000023
97745,2017-07-01,10-Q,2017-08-04,34,,0000097745-17-000041
97745,2017-09-30,10-Q,2017-11-03,34,,0000097745-17-000047
97745,2017-12-31,10-K,2018-02-28,59,,0000097745-18-000006
97745,2018-03-31,10-Q,2018-05-04,34,,0000097745-18-000017
97745,2018-06-30,10-Q,2018-08-03,34,,0000097745-18-000029
97745,2018-09-29,10-Q,2018-11-02,34,,0000097745-18-000040
97745,2018-12-31,10-K,2019-02-27,58,,0000097745-19-000007
97745,2019-03-30,10-Q,2019-05-03,34,,0000097745-19-000016
97745,2019-06-29,10-Q,2019-08-02,34,,0000097745-19-000035
97745,2019-09-28,10-Q,2019-11-01,34,,0000097745-19-000049
97745,2019-12-31,10-K,2020-02-26,57,,0000097745-20-000009
97745,2020-03-28,10-Q,2020-05-01,34,,0000097745-20-000018
97745,2020-06-27,10-Q,2020-07-31,34,,0000097745-20-000038
97745,2020-09-26,10-Q,2020-10-30,34,,0000097745-20-000051
97745,2020-12-31,10-K,2021-02-25,56,,0000097745-21-000011
97745,2021-04-03,10-Q,2021-05-07,34,,0000097745-21-000026
97745,2021-07-03,10-Q,2021-08-06,34,,0000097745-21-000045
97745,2021-10-02,10-Q,2021-11-04,33,,0000097745-21-000058
97745,2021-12-31,10-K,2022-02-24,55,,0000097745-22-000011
97745,2022-04-02,10-Q,2022-05-06,34,,0000097745-22-000027
97745,2022-07-02,10-Q,2022-08-05,34,,0000097745-22-000047
97745,2022-10-01,10-Q,2022-11-04,34,,0000097745-22-000057
97745,2022-12-31,10-K,2023-02-23,54,,0000097745-23-000008
97745,2023-04-01,10-Q,2023-05-05,34,,0000097745-23-000033
97745,2023-07-01,10-Q,2023-08-04,34,,0000097745-23-000059
97745,2023-09-30,10-Q,2023-11-03,34,,0000097745-23-000069
97745,2023-12-31,10-K,2024-02-22,53,,0000097745-24-000007
97745,2024-03-30,10-Q,2024-05-03,34,,0000097745-24-000023
97745,2024-06-29,10-Q,2024-08-02,34,,0000097745-24-000040
97745,2024-09-28,10-Q,2024-11-01,34,,0000097745-24-000046
97745,2024-12-31,10-K,2025-02-20,51,,0000097745-25-000010
100493,2012-03-31,10-Q,2012-05-07,37,,0000100493-12-000019
100493,2012-06-30,10-Q,2012-08-06,37,,0000100493-12-000038
100493,2012-09-29,10-K,2012-11-19,51,,0000100493-12-000065
100493,2012-12-29,10-Q,2013-02-01,34,,0000100493-13-000009
100493,2013-03-30,10-Q,2013-05-06,37,,0000100493-13-000036
100493,2013-06-29,10-Q,2013-08-05,37,,0000100493-13-000052
100493,2013-09-28,10-K,2013-11-18,51,,0000100493-13-000079
100493,2013-12-28,10-Q,2014-01-31,34,,0000100493-14-000007
100493,2014-03-29,10-Q,2014-05-05,37,,0000100493-14-000054
100493,2014-06-28,10-Q,2014-08-07,40,,0000100493-14-000150
100493,2014-09-27,10-K,2014-11-17,51,,0000100493-14-000220
100493,2014-12-27,10-Q,2015-01-30,34,,0000100493-15-000012
100493,2015-03-28,10-Q,2015-05-04,37,,0000100493-15-000053
100493,2015-06-27,10-Q,2015-08-03,37,,0000100493-15-000092
100493,2015-10-03,10-K,2015-11-23,51,,0000100493-15-000109
100493,2016-01-02,10-Q,2016-02-05,34,,0000100493-16-000175
100493,2016-04-02,10-Q,2016-05-09,37,,0000100493-16-000222
100493,2016-07-02,10-Q,2016-08-08,37,,0000100493-16-000235
100493,2016-10-01,10-K,2016-11-21,51,,0000100493-16-000281
100493,2016-12-31,10-Q,2017-02-06,37,,0000100493-17-000012
100493,2017-04-01,10-Q,2017-05-08,37,,0000100493-17-000087
100493,2017-07-01,10-Q,2017-08-07,37,,0000100493-17-000104
100493,2017-09-30,10-K,2017-11-13,44,,0000100493-17-000133
100493,2017-12-30,10-Q,2018-02-08,40,,0000100493-18-000017
100493,2018-03-31,10-Q,2018-05-07,37,,0000100493-18-000059
100493,2018-06-30,10-Q,2018-08-06,37,,0000100493-18-000092
100493,2018-09-29,10-K,2018-11-13,45,,0000100493-18-000108
100493,2018-12-29,10-Q,2019-02-07,40,,0000100493-19-000016
100493,2019-03-30,10-Q,2019-05-06,37,,0000100493-19-000063
100493,2019-06-29,10-Q,2019-08-05,37,,0000100493-19-000095
100493,2019-09-28,10-K,2019-11-12,45,,0000100493-19-000118
100493,2019-12-28,10-Q,2020-02-06,40,,0000100493-20-000016
100493,2020-03-28,10-Q,2020-05-04,37,,0000100493-20-000074
100493,2020-06-27,10-Q,2020-08-03,37,,0000100493-20-000103
100493,2020-10-03,10-K,2020-11-16,44,,0000100493-20-000132
100493,2021-01-02,10-Q,2021-02-11,40,,0000100493-21-000015
100493,2021-04-03,10-Q,2021-05-10,37,,0000100493-21-000075
100493,2021-07-03,10-Q,2021-08-09,37,,0000100493-21-000103
100493,2021-10-02,10-K,2021-11-15,44,,0000100493-21-000122
100493,2022-01-01,10-Q,2022-02-07,37,,0000100493-22-000016
100493,2022-04-02,10-Q,2022-05-09,37,,0000100493-22-000064
100493,2022-07-02,10-Q,2022-08-08,37,,0000100493-22-000078
100493,2022-10-01,10-K,2022-11-14,44,,0000100493-22-000097
100493,2022-12-31,10-Q,2023-02-06,37,,0000100493-23-000025
100493,2023-04-01,10-Q,2023-05-08,37,,0000100493-23-000067
100493,2023-07-01,10-Q,2023-08-10,40,,0000100493-23-000089
100493,2023-09-30,10-K,2023-11-13,44,,0000100493-23-000105
100493,2023-12-30,10-Q,2024-02-05,37,,0000100493-24-000014
100493,2024-03-30,10-Q,2024-05-06,37,,0000100493-24-000069
100493,2024-06-29,10-Q,2024-08-05,37,,0000100493-24-000103
100493,2024-09-28,10-K,2024-11-12,45,,0000100493-24-000119
100493,2024-12-28,10-Q,2025-02-03,37,,0000100493-25-000007
100517,2012-03-31,10-Q,2012-04-27,27,,0001193125-12-186734
100517,2012-06-30,10-Q,2012-07-26,26,,0001193125-12-316988
100517,2012-09-30,10-Q,2012-10-25,25,,0001193125-12-435658
100517,2012-12-31,10-K,2013-02-25,56,,0001193125-13-074391
100517,2013-03-31,10-Q,2013-04-25,25,,0001193125-13-173707
100517,2013-06-30,10-Q,2013-07-25,25,,0001193125-13-302696
100517,2013-09-30,10-Q,2013-10-24,24,,0001193125-13-409916
100517,2013-12-31,10-K,2014-02-20,51,,0001193125-14-060695
100517,2014-03-31,10-Q,2014-04-24,24,,0001193125-14-157115
100517,2014-06-30,10-Q,2014-07-24,24,,0001193125-14-278970
100517,2014-09-30,10-Q,2014-10-23,23,,0001193125-14-380216
100517,2014-12-31,10-K,2015-02-20,51,,0001193125-15-056493
100517,2015-03-31,10-Q,2015-04-23,23,,0001193125-15-144255
100517,2015-06-30,10-Q,2015-07-23,23,,0001193125-15-261239
100517,2015-09-30,10-Q,2015-10-22,22,,0001193125-15-350093
100517,2015-12-31,10-K,2016-02-18,49,,0001193125-16-468479
100517,2016-03-31,10-Q,2016-04-21,21,,0001193125-16-550432
100517,2016-06-30,10-Q,2016-07-19,19,,0001193125-16-651221
100517,2016-09-30,10-Q,2016-10-17,17,,0001193125-16-739859
100517,2016-12-31,10-K,2017-02-23,54,,0001193125-17-054129
100517,2017-03-31,10-Q,2017-04-18,18,,0001193125-17-127429
100517,2017-06-30,10-Q,2017-07-19,19,,0001193125-17-231250
100517,2017-09-30,10-Q,2017-10-19,19,,0001193125-17-313831
100517,2017-12-31,10-K,2018-02-22,53,,0001193125-18-054235
100517,2018-03-31,10-Q,2018-04-18,18,,0001193125-18-121112
100517,2018-06-30,10-Q,2018-07-18,18,,0000100517-18-000012
100517,2018-09-30,10-Q,2018-10-17,17,,0000100517-18-000028
100517,2018-12-31,10-K,2019-02-28,59,,0000100517-19-000009
100517,2019-03-31,10-Q,2019-04-17,17,,0000100517-19-000014
100517,2019-06-30,10-Q,2019-07-17,17,,0000100517-19-000021
100517,2019-09-30,10-Q,2019-10-16,16,,0000100517-19-000026
100517,2019-12-31,10-K,2020-02-25,56,,0000100517-20-000010
100517,2020-03-31,10-Q,2020-05-04,34,,0000100517-20-000037
100517,2020-06-30,10-Q,2020-07-22,22,,0000100517-20-000046
100517,2020-09-30,10-Q,2020-10-15,15,,0000100517-20-000056
100517,2020-12-31,10-K,2021-03-01,60,,0000100517-21-000016
100517,2021-03-31,10-Q,2021-04-22,22,,0000100517-21-000026
100517,2021-06-30,10-Q,2021-07-22,22,,0000100517-21-000055
100517,2021-09-30,10-Q,2021-10-20,20,,0000100517-21-000072
100517,2021-12-31,10-K,2022-02-18,49,,0000100517-22-000009
100517,2022-03-31,10-Q,2022-04-21,21,,0000100517-22-000024
100517,2022-06-30,10-Q,2022-07-21,21,,0000100517-22-000047
100517,2022-09-30,10-Q,2022-10-19,19,,0000100517-22-000078
100517,2022-12-31,10-K,2023-02-16,47,,0000100517-23-000048
100517,2023-03-31,10-Q,2023-04-20,20,,0000100517-23-000116
100517,2023-06-30,10-Q,2023-07-20,20,,0000100517-23-000153
100517,2023-09-30,10-Q,2023-10-18,18,,0000100517-23-000186
100517,2023-12-31,10-K,2024-02-29,60,,0000100517-24-000027
100517,2024-03-31,10-Q,2024-04-17,17,,0000100517-24-000079
100517,2024-06-30,10-Q,2024-07-18,18,,0000100517-24-000121
100517,2024-09-30,10-Q,2024-10-16,16,,0000100517-24-000136
100517,2024-12-31,10-K,2025-02-27,58,,0000100517-25-000046
101829,2012-03-31,10-Q,2012-04-30,30,,0001193125-12-196669
101829,2012-06-30,10-Q,2012-07-30,30,,0001193125-12-322870
101829,2012-09-30,10-Q,2012-10-26,26,,0001193125-12-436499
101829,2012-12-31,10-K,2013-02-07,38,,0001193125-13-042195
101829,2013-03-31,10-Q,2013-04-26,26,,0000101829-13-000007
101829,2013-06-30,10-Q,2013-07-26,26,,0000101829-13-000029
101829,2013-09-30,10-Q,2013-10-25,25,,0000101829-13-000045
101829,2013-12-31,10-K,2014-02-06,37,,0000101829-14-000006
101829,2014-03-31,10-Q,2014-04-25,25,,0000101829-14-000016
101829,2014-06-30,10-Q,2014-07-25,25,,0000101829-14-000033
101829,2014-09-30,10-Q,2014-10-24,24,,0000101829-14-000039
101829,2014-12-31,10-K,2015-02-05,36,,0000101829-15-000005
101829,2015-03-31,10-Q,2015-04-24,24,,0000101829-15-000015
101829,2015-06-30,10-Q,2015-07-24,24,,0000101829-15-000035
101829,2015-09-30,10-Q,2015-10-23,23,,0000101829-15-000042
101829,2015-12-31,10-K,2016-02-11,42,,0000101829-16-000050
101829,2016-03-31,10-Q,2016-04-29,29,,0000101829-16-000062
101829,2016-06-30,10-Q,2016-07-29,29,,0000101829-16-000080
101829,2016-09-30,10-Q,2016-10-27,27,,0000101829-16-000091
101829,2016-12-31,10-K,2017-02-09,40,,0000101829-17-000007
101829,2017-03-31,10-Q,2017-04-28,28,,0000101829-17-000016
101829,2017-06-30,10-Q,2017-07-28,28,,0000101829-17-000034
101829,2017-09-30,10-Q,2017-10-27,27,,0000101829-17-000044
101829,2017-12-31,10-K,2018-02-09,40,,0000101829-18-000005
101829,2018-03-31,10-Q,2018-04-27,27,,0000101829-18-000009
101829,2018-06-30,10-Q,2018-07-27,27,,0000101829-18-000027
101829,2018-09-30,10-Q,2018-10-26,26,,0000101829-18-000043
101829,2018-12-31,10-K,2019-02-07,38,,0000101829-19-000007
101829,2019-03-31,10-Q,2019-04-26,26,,0000101829-19-000016
101829,2019-06-30,10-Q,2019-07-26,26,,0000101829-19-000038
101829,2019-09-30,10-Q,2019-10-25,25,,0000101829-19-000047
101829,2019-12-31,10-K,2020-02-06,37,,0000101829-20-000013
101829,2020-03-31,10-Q,2020-05-07,37,,0000101829-20-000034
101829,2020-06-30,10-Q,2020-07-29,29,,0000101829-20-000055
101829,2020-09-30,10-Q,2020-10-27,27,,0000101829-20-000071
101829,2020-12-31,10-K,2021-02-08,39,,0000101829-21-000008
101829,2021-03-31,10-Q,2021-04-27,27,,0000101829-21-000024
101829,2021-06-30,10-Q,2021-07-27,27,,0000101829-21-000051
101829,2021-09-30,10-Q,2021-10-26,26,,0000101829-21-000056
101829,2021-12-31,10-K,2022-02-11,42,,0000101829-22-000005
101829,2022-03-31,10-Q,2022-04-26,26,,0000101829-22-000018
101829,2022-06-30,10-Q,2022-07-26,26,,0000101829-22-000040
101829,2022-09-30,10-Q,2022-10-25,25,,0000101829-22-000056
101829,2022-12-31,10-K,2023-02-07,38,,0000101829-23-000009
101829,2023-03-31,10-Q,2023-04-25,25,,0000101829-23-000015
101829,2023-06-30,10-Q,2023-07-25,25,,0000101829-23-000032
101829,2023-09-30,10-Q,2023-10-24,24,,0000101829-23-000037
101829,2023-12-31,10-K,2024-02-05,36,,0000101829-24-000008
101829,2024-03-31,10-Q,2024-04-23,23,,0000101829-24-000012
101829,2024-06-30,10-Q,2024-07-25,25,,0000101829-24-000027
101829,2024-09-30,10-Q,2024-10-22,22,,0000101829-24-000038
101829,2024-12-31,10-K,2025-02-03,34,,0000101829-25-000005
104169,2012-01-31,10-K,2012-03-27,56,,0001193125-12-134679
104169,2012-04-30,10-Q,2012-06-01,32,,0001445305-12-001926
104169,2012-07-31,10-Q,2012-09-06,37,,0000104169-12-000014
104169,2012-10-31,10-Q,2012-12-04,34,,0000104169-12-000018
104169,2013-01-31,10-K,2013-03-26,54,,0000104169-13-000011
104169,2013-04-30,10-Q,2013-06-07,38,,0000104169-13-000020
104169,2013-07-31,10-Q,2013-09-05,36,,0000104169-13-000037
104169,2013-10-31,10-Q,2013-12-06,36,,0000104169-13-000051
104169,2014-01-31,10-K,2014-03-21,49,,0000104169-14-000019
104169,2014-04-30,10-Q,2014-06-06,37,,0000104169-14-000033
104169,2014-07-31,10-Q,2014-09-05,36,,0000104169-14-000057
104169,2014-10-31,10-Q,2014-12-01,31,,0000104169-14-000080
104169,2015-01-31,10-K,2015-04-01,60,,0000104169-15-000011
104169,2015-04-30,10-Q,2015-06-05,36,,0000104169-15-000022
104169,2015-07-31,10-Q,2015-09-09,40,,0000104169-15-000039
104169,2015-10-31,10-Q,2015-12-02,32,,0000104169-15-000054
104169,2016-01-31,10-K,2016-03-30,59,,0000104169-16-000079
104169,2016-04-30,10-Q,2016-06-03,34,,0000104169-16-000088
104169,2016-07-31,10-Q,2016-08-31,31,,0000104169-16-000119
104169,2016-10-31,10-Q,2016-12-01,31,,0000104169-16-000140
104169,2017-01-31,10-K,2017-03-31,59,,0000104169-17-000021
104169,2017-04-30,10-Q,2017-06-02,33,,0000104169-17-000029
104169,2017-07-31,10-Q,2017-08-31,31,,0000104169-17-000057
104169,2017-10-31,10-Q,2017-12-01,31,,0000104169-17-000081
104169,2018-01-31,10-K,2018-03-30,58,,0000104169-18-000028
104169,2018-04-30,10-Q,2018-06-04,35,,0000104169-18-000054
104169,2018-07-31,10-Q,2018-09-06,37,,0000104169-18-000086
104169,2018-10-31,10-Q,2018-11-30,30,,0000104169-18-000110
104169,2019-01-31,10-K,2019-03-28,56,,0000104169-19-000016
104169,2019-04-30,10-Q,2019-06-07,38,,0000104169-19-000024
104169,2019-07-31,10-Q,2019-09-06,37,,0000104169-19-000064
104169,2019-10-31,10-Q,2019-12-04,34,,0000104169-19-000088
104169,2020-01-31,10-K,2020-03-20,49,,0000104169-20-000011
104169,2020-04-30,10-Q,2020-06-03,34,,0000104169-20-000020
104169,2020-07-31,10-Q,2020-09-02,33,,0000104169-20-000042
104169,2020-10-31,10-Q,2020-12-02,32,,0000104169-20-000076
104169,2021-01-31,10-K,2021-03-19,47,,0000104169-21-000033
104169,2021-04-30,10-Q,2021-06-04,35,,0000104169-21-000042
104169,2021-07-31,10-Q,2021-09-02,33,,0000104169-21-000058
104169,2021-10-31,10-Q,2021-12-01,31,,0000104169-21-000072
104169,2022-01-31,10-K,2022-03-18,46,,0000104169-22-000012
104169,2022-04-30,10-Q,2022-06-03,34,,0000104169-22-000029
104169,2022-07-31,10-Q,2022-09-02,33,,0000104169-22-000072
104169,2022-10-31,10-Q,2022-12-01,31,,0000104169-22-000083
104169,2023-01-31,10-K,2023-03-17,45,,0000104169-23-000020
104169,2023-04-30,10-Q,2023-06-02,33,,0000104169-23-000052
104169,2023-07-31,10-Q,2023-09-01,32,,0000104169-23-000097
104169,2023-10-31,10-Q,2023-11-30,30,,0000104169-23-000132
104169,2024-01-31,10-K,2024-03-15,44,,0000104169-24-000056
104169,2024-04-30,10-Q,2024-06-07,38,,0000104169-24-000105
104169,2024-07-31,10-Q,2024-08-30,30,,0000104169-24-000141
104169,2024-10-31,10-Q,2024-12-06,36,,0000104169-24-000178
200406,2012-01-01,10-K,2012-02-23,53,,0001193125-12-075565
200406,2012-04-01,10-Q,2012-05-07,36,,0000200406-12-000081
200406,2012-07-01,10-Q,2012-08-02,32,,0000200406-12-000119
200406,2012-09-30,10-Q,2012-11-09,40,,0000200406-12-000140
200406,2012-12-30,10-K,2013-02-22,54,,0000200406-13-000038
200406,2013-03-31,10-Q,2013-05-03,33,,0000200406-13-000057
200406,2013-06-30,10-Q,2013-08-01,32,,0000200406-13-000091
200406,2013-09-29,10-Q,2013-11-04,36,,0000200406-13-000112
200406,2013-12-29,10-K,2014-02-21,54,,0000200406-14-000033
200406,2014-03-30,10-Q,2014-05-02,33,,0000200406-14-000047
200406,2014-06-29,10-Q,2014-08-01,33,,0000200406-14-000089
200406,2014-09-28,10-Q,2014-10-30,32,,0000200406-14-000097
200406,2014-12-28,10-K,2015-02-24,58,,0000200406-15-000004
200406,2015-03-29,10-Q,2015-05-01,33,,0000200406-15-000019
200406,2015-06-28,10-Q,2015-07-31,33,,0000200406-15-000044
200406,2015-09-27,10-Q,2015-10-30,33,,0000200406-15-000060
200406,2016-01-03,10-K,2016-02-24,52,,0000200406-16-000071
200406,2016-04-03,10-Q,2016-05-10,37,,0000200406-16-000084
200406,2016-07-03,10-Q,2016-08-04,32,,0000200406-16-000105
200406,2016-10-02,10-Q,2016-11-04,33,,0000200406-16-000112
200406,2017-01-01,10-K,2017-02-27,57,,0000200406-17-000006
200406,2017-04-02,10-Q,2017-05-08,36,,0000200406-17-000024
200406,2017-07-02,10-Q,2017-08-03,32,,0000200406-17-000042
200406,2017-10-01,10-Q,2017-11-02,32,,0000200406-17-000052
200406,2017-12-31,10-K,2018-02-21,52,,0000200406-18-000005
200406,2018-04-01,10-Q,2018-05-01,30,,0000200406-18-000019
200406,2018-07-01,10-Q,2018-08-02,32,,0000200406-18-000041
200406,2018-09-30,10-Q,2018-10-31,31,,0000200406-18-000055
200406,2018-12-30,10-K,2019-02-20,52,,0000200406-19-000009
200406,2019-03-31,10-Q,2019-05-01,31,,0000200406-19-000033
200406,2019-06-30,10-Q,2019-07-29,29,,0000200406-19-000053
200406,2019-09-29,10-Q,2019-10-28,29,,0000200406-19-000066
200406,2019-12-29,10-K,2020-02-18,51,,0000200406-20-000010
200406,2020-03-29,10-Q,2020-04-29,31,,0000200406-20-000035
200406,2020-06-28,10-Q,2020-07-24,26,,0000200406-20-000050
200406,2020-09-27,10-Q,2020-10-23,26,,0000200406-20-000056
200406,2021-01-03,10-K,2021-02-22,50,,0000200406-21-000008
200406,2021-04-04,10-Q,2021-04-30,26,,0000200406-21-000036
200406,2021-07-04,10-Q,2021-07-29,25,,0000200406-21-000057
200406,2021-10-03,10-Q,2021-10-29,26,,0000200406-21-000070
200406,2022-01-02,10-K,2022-02-17,46,,0000200406-22-000022
200406,2022-04-03,10-Q,2022-04-29,26,,0000200406-22-000048
200406,2022-07-03,10-Q,2022-07-29,26,,0000200406-22-000071
200406,2022-10-02,10-Q,2022-10-27,25,,0000200406-22-000086
200406,2023-01-01,10-K,2023-02-16,46,,0000200406-23-000016
200406,2023-04-02,10-Q,2023-04-28,26,,0000200406-23-000056
200406,2023-07-02,10-Q,2023-07-31,29,,0000200406-23-000082
200406,2023-10-01,10-Q,2023-10-27,26,,0000200406-23-000102
200406,2023-12-31,10-K,2024-02-16,47,,0000200406-24-000013
200406,2024-03-31,10-Q,2024-05-01,31,,0000200406-24-000049
200406,2024-06-30,10-Q,2024-07-25,25,,0000200406-24-000075
200406,2024-09-29,10-Q,2024-10-23,24,,0000200406-24-000096
200406,2024-12-29,10-K,2025-02-13,46,,0000200406-25-000038
310158,2012-03-31,10-Q,2012-05-08,38,,0001193125-12-216683
310158,2012-06-30,10-Q,2012-08-07,38,,0001193125-12-341189
310158,2012-09-30,10-Q,2012-11-09,40,,0001193125-12-463586
310158,2012-12-31,10-K,2013-02-28,59,,0001193125-13-084618
310158,2013-03-31,10-Q,2013-05-09,39,,0001193125-13-211374
310158,2013-06-30,10-Q,2013-08-07,38,,0000310158-13-000004
310158,2013-09-30,10-Q,2013-11-07,38,,0000310158-13-000011
310158,2013-12-31,10-K,2014-02-27,58,,0000310158-14-000009
310158,2014-03-31,10-Q,2014-05-08,38,,0000310158-14-000033
310158,2014-06-30,10-Q,2014-08-07,38,,0000310158-14-000063
310158,2014-09-30,10-Q,2014-11-10,41,,0000310158-14-000071
310158,2014-12-31,10-K,2015-02-27,58,,0000310158-15-000005
310158,2015-03-31,10-Q,2015-05-07,37,,0000310158-15-000008
310158,2015-06-30,10-Q,2015-08-06,37,,0000310158-15-000053
310158,2015-09-30,10-Q,2015-11-05,36,,0000310158-15-000058
310158,2015-12-31,10-K,2016-02-26,57,,0000310158-16-000063
310158,2016-03-31,10-Q,2016-05-09,39,,0000310158-16-000066
310158,2016-06-30,10-Q,2016-08-08,39,,0000310158-16-000094
310158,2016-09-30,10-Q,2016-11-07,38,,0000310158-16-000098
310158,2016-12-31,10-K,2017-02-28,59,,0000310158-17-000010
310158,2017-03-31,10-Q,2017-05-09,39,,0000310158-17-000016
310158,2017-06-30,10-Q,2017-08-08,39,,0000310158-17-000037
310158,2017-09-30,10-Q,2017-11-07,38,,0000310158-17-000045
310158,2017-12-31,10-K,2018-02-27,58,,0000310158-18-000005
310158,2018-03-31,10-Q,2018-05-08,38,,0000310158-18-000011
310158,2018-06-30,10-Q,2018-08-07,38,,0000310158-18-000034
310158,2018-09-30,10-Q,2018-11-06,37,,0000310158-18-000039
310158,2018-12-31,10-K,2019-02-27,58,,0000310158-19-000014
310158,2019-03-31,10-Q,2019-05-08,38,,0000310158-19-000019
310158,2019-06-30,10-Q,2019-08-06,37,,0000310158-19-000037
310158,2019-09-30,10-Q,2019-11-05,36,,0000310158-19-000042
310158,2019-12-31,10-K,2020-02-26,57,,0000310158-20-000005
310158,2020-03-31,10-Q,2020-05-06,36,,0000310158-20-000009
310158,2020-06-30,10-Q,2020-08-05,36,,0000310158-20-000026
310158,2020-09-30,10-Q,2020-11-05,36,,0000310158-20-000030
310158,2020-12-31,10-K,2021-02-25,56,,0000310158-21-000004
310158,2021-03-31,10-Q,2021-05-05,35,,0000310158-21-000009
310158,2021-06-30,10-Q,2021-08-09,40,,0000310158-21-000028
310158,2021-09-30,10-Q,2021-11-05,36,,0000310158-21-000032
310158,2021-12-31,10-K,2022-02-25,56,,0000310158-22-000003
310158,2022-03-31,10-Q,2022-05-05,35,,0000310158-22-000011
310158,2022-06-30,10-Q,2022-08-05,36,,0000310158-22-000030
310158,2022-09-30,10-Q,2022-11-03,34,,0000310158-22-000034
310158,2022-12-31,10-K,2023-02-24,55,,0001628280-23-005061
310158,2023-03-31,10-Q,2023-05-05,35,,0001628280-23-015990
310158,2023-06-30,10-Q,2023-08-07,38,,0001628280-23-027770
310158,2023-09-30,10-Q,2023-11-03,34,,0001628280-23-036717
310158,2023-12-31,10-K,2024-02-26,57,,0001628280-24-006850
310158,2024-03-31,10-Q,2024-05-03,33,,0001628280-24-020283
310158,2024-06-30,10-Q,2024-08-05,36,,0001628280-24-034715
310158,2024-09-30,10-Q,2024-11-06,37,,0001628280-24-045689
310158,2024-12-31,10-K,2025-02-25,56,,0001628280-25-007732
315189,2012-01-31,10-Q,2012-03-01,30,,0001104659-12-014959
315189,2012-04-30,10-Q,2012-05-31,31,,0001104659-12-040962
315189,2012-07-31,10-Q,2012-08-30,30,,0001104659-12-060912
315189,2012-10-31,10-K,2012-12-17,47,,0001104659-12-084558
315189,2013-01-31,10-Q,2013-02-28,28,,0001104659-13-015827
315189,2013-04-30,10-Q,2013-05-30,30,,0001104659-13-045612
315189,2013-07-31,10-Q,2013-08-29,29,,0001104659-13-066988
315189,2013-10-31,10-K,2013-12-16,46,,0001104659-13-090354
315189,2014-01-31,10-Q,2014-02-27,27,,0001104659-14-014013
315189,2014-04-30,10-Q,2014-05-29,29,,0001104659-14-042322
315189,2014-07-31,10-Q,2014-08-28,28,,0001104659-14-063631
315189,2014-10-31,10-K,2014-12-19,49,,0001104659-14-087794
315189,2015-01-31,10-Q,2015-02-26,26,,0001104659-15-014162
315189,2015-04-30,10-Q,2015-05-28,28,,0001104659-15-041408
315189,2015-07-31,10-Q,2015-08-27,27,,0001558370-15-001712
315189,2015-10-31,10-K,2015-12-18,48,,0001047469-15-009300
315189,2016-01-31,10-Q,2016-02-25,25,,0001558370-16-003529
315189,2016-04-30,10-Q,2016-05-26,26,,0001558370-16-006167
315189,2016-07-31,10-Q,2016-09-01,32,,0001558370-16-008153
315189,2016-10-31,10-K,2016-12-19,49,,0001047469-16-017244
315189,2017-01-29,10-Q,2017-02-24,26,,0001558370-17-000952
315189,2017-04-30,10-Q,2017-06-02,33,,0001558370-17-004638
315189,2017-07-30,10-Q,2017-08-31,32,,0001558370-17-006878
315189,2017-10-29,10-K,2017-12-18,50,,0001047469-17-007719
315189,2018-01-28,10-Q,2018-03-01,32,,0001558370-18-001362
315189,2018-04-29,10-Q,2018-05-31,32,,0001558370-18-005045
315189,2018-07-29,10-Q,2018-08-30,32,,0001558370-18-007303
315189,2018-10-28,10-K,2018-12-17,50,,0001047469-18-007694
315189,2019-01-27,10-Q,2019-02-28,32,,0001558370-19-001282
315189,2019-04-28,10-Q,2019-05-30,32,,0001558370-19-005380
315189,2019-07-28,10-Q,2019-08-29,32,,0001558370-19-008382
315189,2019-11-03,10-K,2019-12-19,46,,0001558370-19-011614
315189,2020-02-02,10-Q,2020-02-27,25,,0001558370-20-001593
315189,2020-05-03,10-Q,2020-05-28,25,,0001558370-20-007066
315189,2020-08-02,10-Q,2020-08-27,25,,0001558370-20-010868
315189,2020-11-01,10-K,2020-12-17,46,,0001558370-20-014436
315189,2021-01-31,10-Q,2021-02-25,25,,0001558370-21-001774
315189,2021-05-02,10-Q,2021-05-27,25,,0001558370-21-007781
315189,2021-08-01,10-Q,2021-08-26,25,,0001558370-21-012088
315189,2021-10-31,10-K,2021-12-16,46,,0001558370-21-016864
315189,2022-01-30,10-Q,2022-02-24,25,,0001558370-22-001900
315189,2022-05-01,10-Q,2022-05-26,25,,0001558370-22-009375
315189,2022-07-31,10-Q,2022-09-01,32,,0001558370-22-014113
315189,2022-10-30,10-K,2022-12-15,46,,0001558370-22-018703
315189,2023-01-29,10-Q,2023-02-23,25,,0001558370-23-001877
315189,2023-04-30,10-Q,2023-06-01,32,,0001558370-23-010713
315189,2023-07-30,10-Q,2023-08-31,32,,0001558370-23-015380
315189,2023-10-29,10-K,2023-12-15,47,,0001558370-23-019812
315189,2024-01-28,10-Q,2024-02-29,32,,0001558370-24-002149
315189,2024-04-28,10-Q,2024-05-30,32,,0001558370-24-008770
315189,2024-07-28,10-Q,2024-08-29,32,,0001558370-24-012529
315189,2024-10-27,10-K,2024-12-12,46,,0001558370-24-016169
318154,2012-03-31,10-Q,2012-05-08,38,,0001193125-12-216282
318154,2012-06-30,10-Q,2012-08-08,39,,0001193125-12-344279
318154,2012-09-30,10-Q,2012-11-06,37,,0001445305-12-003469
318154,2012-12-31,10-K,2013-02-27,58,,0001445305-13-000364
318154,2013-03-31,10-Q,2013-05-03,33,,0001445305-13-001107
318154,2013-06-30,10-Q,2013-08-06,37,,0000318154-13-000008
318154,2013-09-30,10-Q,2013-10-29,29,,0000318154-13-000012
318154,2013-12-31,10-K,2014-02-24,55,,0000318154-14-000004
318154,2014-03-31,10-Q,2014-04-30,30,,0000318154-14-000008
318154,2014-06-30,10-Q,2014-08-05,36,,0000318154-14-000017
318154,2014-09-30,10-Q,2014-10-29,29,,0000318154-14-000022
318154,2014-12-31,10-K,2015-02-19,50,,0000318154-15-000005
318154,2015-03-31,10-Q,2015-04-27,27,,0000318154-15-000010
318154,2015-06-30,10-Q,2015-08-05,36,,0000318154-15-000022
318154,2015-09-30,10-Q,2015-11-02,33,,0000318154-15-000025
318154,2015-12-31,10-K,2016-02-16,47,,0000318154-16-000031
318154,2016-03-31,10-Q,2016-05-02,32,,0000318154-16-000035
318154,2016-06-30,10-Q,2016-07-29,29,,0000318154-16-000046
318154,2016-09-30,10-Q,2016-10-28,28,,0000318154-16-000053
318154,2016-12-31,10-K,2017-02-14,45,,0000318154-17-000004
318154,2017-03-31,10-Q,2017-04-27,27,,0000318154-17-000009
318154,2017-06-30,10-Q,2017-07-26,26,,0000318154-17-000021
318154,2017-09-30,10-Q,2017-10-26,26,,0000318154-17-000027
318154,2017-12-31,10-K,2018-02-13,44,,0000318154-18-000004
318154,2018-03-31,10-Q,2018-04-25,25,,0000318154-18-000008
318154,2018-06-30,10-Q,2018-07-27,27,,0000318154-18-000015
318154,2018-09-30,10-Q,2018-10-31,31,,0000318154-18-000022
318154,2018-12-31,10-K,2019-02-13,44,,0000318154-19-000008
318154,2019-03-31,10-Q,2019-05-01,31,,0000318154-19-000018
318154,2019-06-30,10-Q,2019-07-31,31,,0000318154-19-000037
318154,2019-09-30,10-Q,2019-10-30,30,,0000318154-19-000046
318154,2019-12-31,10-K,2020-02-12,43,,0000318154-20-000017
318154,2020-03-31,10-Q,2020-05-01,31,,0000318154-20-000031
318154,2020-06-30,10-Q,2020-07-29,29,,0000318154-20-000048
318154,2020-09-30,10-Q,2020-10-29,29,,0000318154-20-000060
318154,2020-12-31,10-K,2021-02-09,40,,0000318154-21-000010
318154,2021-03-31,10-Q,2021-04-28,28,,0000318154-21-000019
318154,2021-06-30,10-Q,2021-08-04,35,,0000318154-21-000034
318154,2021-09-30,10-Q,2021-11-03,34,,0000318154-21-000045
318154,2021-12-31,10-K,2022-02-16,47,,0000318154-22-000010
318154,2022-03-31,10-Q,2022-04-28,28,,0000318154-22-000021
318154,2022-06-30,10-Q,2022-08-05,36,,0000318154-22-000041
318154,2022-09-30,10-Q,2022-11-04,35,,0000318154-22-000055
318154,2022-12-31,10-K,2023-02-09,40,,0000318154-23-000017
318154,2023-03-31,10-Q,2023-04-28,28,,0000318154-23-000029
318154,2023-06-30,10-Q,2023-08-04,35,,0000318154-23-000053
318154,2023-09-30,10-Q,2023-10-31,31,,0000318154-23-000064
318154,2023-12-31,10-K,2024-02-14,45,,0000318154-24-000011
318154,2024-03-31,10-Q,2024-05-03,33,,0000318154-24-000020
318154,2024-06-30,10-Q,2024-08-07,38,,0000318154-24-000035
318154,2024-09-30,10-Q,2024-10-31,31,,0000318154-24-000044
318154,2024-12-31,10-K,2025-02-14,45,,0000318154-25-000010
320187,2012-02-29,10-Q,2012-04-06,37,,0001193125-12-153669
320187,2012-05-31,10-K,2012-07-24,54,,0001193125-12-312306
320187,2012-08-31,10-Q,2012-10-09,39,,0001193125-12-418554
320187,2012-11-30,10-Q,2013-01-09,40,,0001193125-13-008172
320187,2013-02-28,10-Q,2013-04-04,35,,0001193125-13-142156
320187,2013-05-31,10-K,2013-07-23,53,,0000320187-13-000092
320187,2013-08-31,10-Q,2013-10-07,37,,0000320187-13-000183
320187,2013-11-30,10-Q,2014-01-07,38,,0000320187-14-000003
320187,2014-02-28,10-Q,2014-04-07,38,,0000320187-14-000030
320187,2014-05-31,10-K,2014-07-25,55,,0000320187-14-000097
320187,2014-08-31,10-Q,2014-10-07,37,,0000320187-14-000158
320187,2014-11-30,10-Q,2015-01-07,38,,0000320187-15-000003
320187,2015-02-28,10-Q,2015-04-07,38,,0000320187-15-000044
320187,2015-05-31,10-K,2015-07-23,53,,0000320187-15-000113
320187,2015-08-31,10-Q,2015-10-06,36,,0000320187-15-000208
320187,2015-11-30,10-Q,2016-01-06,37,,0000320187-16-000242
320187,2016-02-29,10-Q,2016-04-05,36,,0000320187-16-000264
320187,2016-05-31,10-K,2016-07-21,51,,0000320187-16-000336
320187,2016-08-31,10-Q,2016-10-11,41,,0000320187-16-000381
320187,2016-11-30,10-Q,2017-01-05,36,,0000320187-17-000003
320187,2017-02-28,10-Q,2017-04-04,35,,0000320187-17-000031
320187,2017-05-31,10-K,2017-07-20,50,,0000320187-17-000090
320187,2017-08-31,10-Q,2017-10-06,36,,0000320187-17-000184
320187,2017-11-30,10-Q,2018-01-05,36,,0000320187-18-000007
320187,2018-02-28,10-Q,2018-04-05,36,,0000320187-18-000041
320187,2018-05-31,10-K,2018-07-25,55,,0000320187-18-000142
320187,2018-08-31,10-Q,2018-10-05,35,,0000320187-18-000213
320187,2018-11-30,10-Q,2019-01-08,39,,0000320187-19-000007
320187,2019-02-28,10-Q,2019-04-04,35,,0000320187-19-000030
320187,2019-05-31,10-K,2019-07-23,53,,0000320187-19-000051
320187,2019-08-31,10-Q,2019-10-04,34,,0000320187-19-000071
320187,2019-11-30,10-Q,2020-01-07,38,,0000320187-20-000004
320187,2020-02-29,10-Q,2020-04-07,38,,0000320187-20-000018
320187,2020-05-31,10-K,2020-07-24,54,,0000320187-20-000047
320187,2020-08-31,10-Q,2020-10-08,38,,0000320187-20-000061
320187,2020-11-30,10-Q,2021-01-05,36,,0000320187-21-000003
320187,2021-02-28,10-Q,2021-04-02,33,,0000320187-21-000012
320187,2021-05-31,10-K,2021-07-20,50,,0000320187-21-000028
320187,2021-08-31,10-Q,2021-10-05,35,,0000320187-21-000045
320187,2021-11-30,10-Q,2022-01-06,37,,0000320187-22-000004
320187,2022-02-28,10-Q,2022-04-05,36,,0000320187-22-000017
320187,2022-05-31,10-K,2022-07-21,51,,0000320187-22-000038
320187,2022-08-31,10-Q,2022-10-06,36,,0000320187-22-000058
320187,2022-11-30,10-Q,2023-01-05,36,,0000320187-23-000003
320187,2023-02-28,10-Q,2023-04-06,37,,0000320187-23-000013
320187,2023-05-31,10-K,2023-07-20,50,,0000320187-23-000039
320187,2023-08-31,10-Q,2023-10-06,36,,0000320187-23-000052
320187,2023-11-30,10-Q,2024-01-05,36,,0000320187-24-000004
320187,2024-02-29,10-Q,2024-04-04,35,,0000320187-24-000019
320187,2024-05-31,10-K,2024-07-25,55,,0000320187-24-000044
320187,2024-08-31,10-Q,2024-10-07,37,,0000320187-24-000065
320187,2024-11-30,10-Q,2025-01-03,34,,0000320187-25-000004
320193,2012-03-31,10-Q,2012-04-25,25,,0001193125-12-182321
320193,2012-06-30,10-Q,2012-07-25,25,,0001193125-12-314552
320193,2012-09-29,10-K,2012-10-31,32,,0001193125-12-444068
320193,2012-12-29,10-Q,2013-01-24,26,,0001193125-13-022339
320193,2013-03-30,10-Q,2013-04-24,25,,0001193125-13-168288
320193,2013-06-29,10-Q,2013-07-24,25,,0001193125-13-300670
320193,2013-09-28,10-K,2013-10-30,32,,0001193125-13-416534
320193,2013-12-28,10-Q,2014-01-28,31,,0001193125-14-024487
320193,2014-03-29,10-Q,2014-04-24,26,,0001193125-14-157311
320193,2014-06-28,10-Q,2014-07-23,25,,0001193125-14-277160
320193,2014-09-27,10-K,2014-10-27,30,,0001193125-14-383437
320193,2014-12-27,10-Q,2015-01-28,32,,0001193125-15-023697
320193,2015-03-28,10-Q,2015-04-28,31,,0001193125-15-153166
320193,2015-06-27,10-Q,2015-07-22,25,,0001193125-15-259935
320193,2015-09-26,10-K,2015-10-28,32,,0001193125-15-356351
320193,2015-12-26,10-Q,2016-01-27,32,,0001193125-16-439878
320193,2016-03-26,10-Q,2016-04-27,32,,0001193125-16-559625
320193,2016-06-25,10-Q,2016-07-27,32,,0001628280-16-017809
320193,2016-09-24,10-K,2016-10-26,32,,0001628280-16-020309
320193,2016-12-31,10-Q,2017-02-01,32,,0001628280-17-000717
320193,2017-04-01,10-Q,2017-05-03,32,,0001628280-17-004790
320193,2017-07-01,10-Q,2017-08-02,32,,0000320193-17-000009
320193,2017-09-30,10-K,2017-11-03,34,,0000320193-17-000070
320193,2017-12-30,10-Q,2018-02-02,34,,0000320193-18-000007
320193,2018-03-31,10-Q,2018-05-02,32,,0000320193-18-000070
320193,2018-06-30,10-Q,2018-08-01,32,,0000320193-18-000100
320193,2018-09-29,10-K,2018-11-05,37,,0000320193-18-000145
320193,2018-12-29,10-Q,2019-01-30,32,,0000320193-19-000010
320193,2019-03-30,10-Q,2019-05-01,32,,0000320193-19-000066
320193,2019-06-29,10-Q,2019-07-31,32,,0000320193-19-000076
320193,2019-09-28,10-K,2019-10-31,33,,0000320193-19-000119
320193,2019-12-28,10-Q,2020-01-29,32,,0000320193-20-000010
320193,2020-03-28,10-Q,2020-05-01,34,,0000320193-20-000052
320193,2020-06-27,10-Q,2020-07-31,34,,0000320193-20-000062
320193,2020-09-26,10-K,2020-10-30,34,,0000320193-20-000096
320193,2020-12-26,10-Q,2021-01-28,33,,0000320193-21-000010
320193,2021-03-27,10-Q,2021-04-29,33,,0000320193-21-000056
320193,2021-06-26,10-Q,2021-07-28,32,,0000320193-21-000065
320193,2021-09-25,10-K,2021-10-29,34,,0000320193-21-000105
320193,2021-12-25,10-Q,2022-01-28,34,,0000320193-22-000007
320193,2022-03-26,10-Q,2022-04-29,34,,0000320193-22-000059
320193,2022-06-25,10-Q,2022-07-29,34,,0000320193-22-000070
320193,2022-09-24,10-K,2022-10-28,34,,0000320193-22-000108
320193,2022-12-31,10-Q,2023-02-03,34,,0000320193-23-000006
320193,2023-04-01,10-Q,2023-05-05,34,,0000320193-23-000064
320193,2023-07-01,10-Q,2023-08-04,34,,0000320193-23-000077
320193,2023-09-30,10-K,2023-11-03,34,,0000320193-23-000106
320193,2023-12-30,10-Q,2024-02-02,34,,0000320193-24-000006
320193,2024-03-30,10-Q,2024-05-03,34,,0000320193-24-000069
320193,2024-06-29,10-Q,2024-08-02,34,,0000320193-24-000081
320193,2024-09-28,10-K,2024-11-01,34,,0000320193-24-000123
320193,2024-12-28,10-Q,2025-01-31,34,,0000320193-25-000008
350698,2012-03-31,10-Q,2012-04-25,25,,0000350698-12-000037
350698,2012-06-30,10-Q,2012-07-19,19,,0000350698-12-000054
350698,2012-09-30,10-Q,2012-10-25,25,,0000350698-12-000124
350698,2012-12-31,10-K,2013-02-15,46,,0000350698-13-000021
350698,2013-03-31,10-Q,2013-04-19,19,,0000350698-13-000078
350698,2013-06-30,10-Q,2013-07-18,18,,0000350698-13-000140
350698,2013-09-30,10-Q,2013-10-24,24,,0000350698-13-000199
350698,2013-12-31,10-K,2014-02-13,44,,0000350698-14-000018
350698,2014-03-31,10-Q,2014-04-18,18,,0000350698-14-000052
350698,2014-06-30,10-Q,2014-07-17,17,,0000350698-14-000111
350698,2014-09-30,10-Q,2014-10-28,28,,0000350698-14-000153
350698,2014-12-31,10-K,2015-02-11,42,,0000350698-15-000045
350698,2015-03-31,10-Q,2015-04-22,22,,0000350698-15-000085
350698,2015-06-30,10-Q,2015-07-22,22,,0000350698-15-000156
350698,2015-09-30,10-Q,2015-10-28,28,,0000350698-15-000221
350698,2015-12-31,10-K,2016-02-11,42,,0000350698-16-000276
350698,2016-03-31,10-Q,2016-04-22,22,,0000350698-16-000316
350698,2016-06-30,10-Q,2016-07-29,29,,0000350698-16-000347
350698,2016-09-30,10-Q,2016-10-28,28,,0000350698-16-000354
350698,2016-12-31,10-K,2017-02-09,40,,0000350698-17-000028
350698,2017-03-31,10-Q,2017-04-25,25,,0000350698-17-000057
350698,2017-06-30,10-Q,2017-08-02,33,,0000350698-17-000100
350698,2017-09-30,10-Q,2017-11-02,33,,0000350698-17-000118
350698,2017-12-31,10-K,2018-02-15,46,,0000350698-18-000032
350698,2018-03-31,10-Q,2018-05-01,31,,0000350698-18-000090
350698,2018-06-30,10-Q,2018-08-01,32,,0000350698-18-000114
350698,2018-09-30,10-Q,2018-10-30,30,,0000350698-18-000131
350698,2018-12-31,10-K,2019-02-22,53,,0000350698-19-000047
350698,2019-03-31,10-Q,2019-04-26,26,,0000350698-19-000088
350698,2019-06-30,10-Q,2019-07-23,23,,0000350698-19-000116
350698,2019-09-30,10-Q,2019-10-30,30,,0000350698-19-000148
350698,2019-12-31,10-K,2020-02-18,49,,0000350698-20-000042
350698,2020-03-31,10-Q,2020-05-11,41,,0000350698-20-000079
350698,2020-06-30,10-Q,2020-07-23,23,,0000350698-20-000089
350698,2020-09-30,10-Q,2020-10-21,21,,0000350698-20-000130
350698,2020-12-31,10-K,2021-02-16,47,,0000350698-21-000031
350698,2021-03-31,10-Q,2021-04-22,22,,0000350698-21-000090
350698,2021-06-30,10-Q,2021-07-21,21,,0000350698-21-000115
350698,2021-09-30,10-Q,2021-10-21,21,,0000350698-21-000148
350698,2021-12-31,10-K,2022-02-17,48,,0000350698-22-000025
350698,2022-03-31,10-Q,2022-04-21,21,,0000350698-22-000083
350698,2022-06-30,10-Q,2022-07-21,21,,0000350698-22-000103
350698,2022-09-30,10-Q,2022-10-27,27,,0000350698-22-000133
350698,2022-12-31,10-K,2023-02-17,48,,0000350698-23-000026
350698,2023-03-31,10-Q,2023-04-20,20,,0000350698-23-000078
350698,2023-06-30,10-Q,2023-07-21,21,,0000350698-23-000098
350698,2023-09-30,10-Q,2023-10-27,27,,0000350698-23-000143
350698,2023-12-31,10-K,2024-02-16,47,,0000350698-24-000021
350698,2024-03-31,10-Q,2024-04-26,26,,0000350698-24-000074
350698,2024-06-30,10-Q,2024-08-01,32,,0000350698-24-000098
350698,2024-09-30,10-Q,2024-10-25,25,,0000350698-24-000111
350698,2024-12-31,10-K,2025-02-14,45,,0000350698-25-000029
354950,2012-01-29,10-K,2012-03-22,53,,0000354950-12-000003
354950,2012-04-29,10-Q,2012-05-24,25,,0000354950-12-000012
354950,2012-07-29,10-Q,2012-08-22,24,,0000354950-12-000024
354950,2012-10-28,10-Q,2012-11-21,24,,0000354950-12-000035
354950,2013-02-03,10-K,2013-03-28,53,,0000354950-13-000008
354950,2013-05-05,10-Q,2013-05-29,24,,0000354950-13-000015
354950,2013-08-04,10-Q,2013-08-28,24,,0000354950-13-000032
354950,2013-11-03,10-Q,2013-11-27,24,,0000354950-13-000047
354950,2014-02-02,10-K,2014-03-27,53,,0000354950-14-000008
354950,2014-05-04,10-Q,2014-05-28,24,,0000354950-14-000017
354950,2014-08-03,10-Q,2014-08-27,24,,0000354950-14-000032
354950,2014-11-02,10-Q,2014-11-25,23,,0000354950-14-000047
354950,2015-02-01,10-K,2015-03-26,53,,0000354950-15-000008
354950,2015-05-03,10-Q,2015-05-27,24,,0000354950-15-000018
354950,2015-08-02,10-Q,2015-08-25,23,,0000354950-15-000033
354950,2015-11-01,10-Q,2015-11-24,23,,0000354950-15-000049
354950,2016-01-31,10-K,2016-03-24,53,,0000354950-16-000060
354950,2016-05-01,10-Q,2016-05-24,23,,0000354950-16-000065
354950,2016-07-31,10-Q,2016-08-23,23,,0000354950-16-000082
354950,2016-10-30,10-Q,2016-11-22,23,,0000354950-16-000094
354950,2017-01-29,10-K,2017-03-23,53,,0000354950-17-000005
354950,2017-04-30,10-Q,2017-05-23,23,,0000354950-17-000014
354950,2017-07-30,10-Q,2017-08-22,23,,0000354950-17-000032
354950,2017-10-29,10-Q,2017-11-21,23,,0000354950-17-000046
354950,2018-01-28,10-K,2018-03-22,53,,0000354950-18-000019
354950,2018-04-29,10-Q,2018-05-22,23,,0000354950-18-000034
354950,2018-07-29,10-Q,2018-08-21,23,,0000354950-18-000051
354950,2018-10-28,10-Q,2018-11-20,23,,0000354950-18-000065
354950,2019-02-03,10-K,2019-03-28,53,,0000354950-19-000010
354950,2019-05-05,10-Q,2019-05-29,24,,0000354950-19-000024
354950,2019-08-04,10-Q,2019-08-27,23,,0000354950-19-000057
354950,2019-11-03,10-Q,2019-11-26,23,,0000354950-19-000066
354950,2020-02-02,10-K,2020-03-25,52,,0000354950-20-000015
354950,2020-05-03,10-Q,2020-05-27,24,,0000354950-20-000041
354950,2020-08-02,10-Q,2020-08-25,23,,0000354950-20-000068
354950,2020-11-01,10-Q,2020-11-24,23,,0000354950-20-000103
354950,2021-01-31,10-K,2021-03-24,52,,0000354950-21-000089
354950,2021-05-02,10-Q,2021-05-25,23,,0000354950-21-000147
354950,2021-08-01,10-Q,2021-08-24,23,,0000354950-21-000189
354950,2021-10-31,10-Q,2021-11-23,23,,0000354950-21-000234
354950,2022-01-30,10-K,2022-03-23,52,,0000354950-22-000070
354950,2022-05-01,10-Q,2022-05-24,23,,0000354950-22-000158
354950,2022-07-31,10-Q,2022-08-23,23,,0000354950-22-000193
354950,2022-10-30,10-Q,2022-11-22,23,,0000354950-22-000239
354950,2023-01-29,10-K,2023-03-15,45,,0000354950-23-000059
354950,2023-04-30,10-Q,2023-05-23,23,,0000354950-23-000144
354950,2023-07-30,10-Q,2023-08-22,23,,0000354950-23-000185
354950,2023-10-29,10-Q,2023-11-21,23,,0000354950-23-000240
354950,2024-01-28,10-K,2024-03-13,45,,0000354950-24-000062
354950,2024-04-28,10-Q,2024-05-21,23,,0000354950-24-000152
354950,2024-07-28,10-Q,2024-08-20,23,,0000354950-24-000201
354950,2024-10-27,10-Q,2024-11-19,23,,0000354950-24-000240
721371,2012-03-31,10-Q,2012-05-08,38,,0001193125-12-217818
721371,2012-06-30,10-K,2012-08-22,53,,0000721371-12-000069
721371,2012-09-30,10-Q,2012-11-09,40,,0000721371-12-000146
721371,2012-12-31,10-Q,2013-02-06,37,,0000721371-13-000022
721371,2013-03-31,10-Q,2013-05-08,38,,0000721371-13-000054
721371,2013-06-30,10-K,2013-08-20,51,,0000721371-13-000154
721371,2013-09-30,10-Q,2013-11-07,38,,0000721371-13-000179
721371,2013-12-31,10-Q,2014-02-06,37,,0000721371-14-000089
721371,2014-03-31,10-Q,2014-05-06,36,,0000721371-14-000112
721371,2014-06-30,10-K,2014-08-13,44,,0000721371-14-000181
721371,2014-09-30,10-Q,2014-11-05,36,,0000721371-14-000235
721371,2014-12-31,10-Q,2015-02-03,34,,0000721371-15-000007
721371,2015-03-31,10-Q,2015-05-05,35,,0000721371-15-000030
721371,2015-06-30,10-K,2015-08-13,44,,0000721371-15-000107
721371,2015-09-30,10-Q,2015-11-03,34,,0000721371-15-000161
721371,2015-12-31,10-Q,2016-02-02,33,,0000721371-16-000207
721371,2016-03-31,10-Q,2016-05-03,33,,0000721371-16-000221
721371,2016-06-30,10-K,2016-08-12,43,,0000721371-16-000277
721371,2016-09-30,10-Q,2016-11-02,33,,0000721371-16-000323
721371,2016-12-31,10-Q,2017-02-07,38,,0000721371-17-000015
721371,2017-03-31,10-Q,2017-05-02,32,,0000721371-17-000031
721371,2017-06-30,10-K,2017-08-10,41,,0000721371-17-000083
721371,2017-09-30,10-Q,2017-11-07,38,,0000721371-17-000145
721371,2017-12-31,10-Q,2018-02-08,39,,0000721371-18-000020
721371,2018-03-31,10-Q,2018-05-09,39,,0000721371-18-000038
721371,2018-06-30,10-K,2018-08-22,53,,0000721371-18-000077
721371,2018-09-30,10-Q,2018-11-08,39,,0000721371-18-000100
721371,2018-12-31,10-Q,2019-02-07,38,,0000721371-19-000010
721371,2019-03-31,10-Q,2019-05-09,39,,0000721371-19-000030
721371,2019-06-30,10-K,2019-08-20,51,,0000721371-19-000090
721371,2019-09-30,10-Q,2019-11-07,38,,0000721371-19-000127
721371,2019-12-31,10-Q,2020-02-06,37,,0000721371-20-000023
721371,2020-03-31,10-Q,2020-05-11,41,,0000721371-20-000043
721371,2020-06-30,10-K,2020-08-13,44,,0000721371-20-000089
721371,2020-09-30,10-Q,2020-11-05,36,,0000721371-20-000131
721371,2020-12-31,10-Q,2021-02-05,36,,0000721371-21-000011
721371,2021-03-31,10-Q,2021-05-06,36,,0000721371-21-000041
721371,2021-06-30,10-K,2021-08-16,47,,0000721371-21-000080
721371,2021-09-30,10-Q,2021-11-09,40,,0000721371-21-000116
721371,2021-12-31,10-Q,2022-02-03,34,,0000721371-22-000013
721371,2022-03-31,10-Q,2022-05-05,35,,0000721371-22-000032
721371,2022-06-30,10-K,2022-08-11,42,,0000721371-22-000058
721371,2022-09-30,10-Q,2022-11-04,35,,0000721371-22-000133
721371,2022-12-31,10-Q,2023-02-02,33,,0000721371-23-000007
721371,2023-03-31,10-Q,2023-05-04,34,,0001628280-23-015775
721371,2023-06-30,10-K,2023-08-15,46,,0000721371-23-000060
721371,2023-09-30,10-Q,2023-11-03,34,,0000721371-23-000084
721371,2023-12-31,10-Q,2024-02-01,32,,0001628280-24-002813
721371,2024-03-31,10-Q,2024-05-02,32,,0000721371-24-000038
721371,2024-06-30,10-K,2024-08-14,45,,0000721371-24-000056
721371,2024-09-30,10-Q,2024-11-01,32,,0000721371-24-000121
721371,2024-12-31,10-Q,2025-01-30,30,,0000721371-25-000013
731766,2012-03-31,10-Q,2012-05-03,33,,0000731766-12-000015
731766,2012-06-30,10-Q,2012-08-07,38,,0000731766-12-000028
731766,2012-09-30,10-Q,2012-10-30,30,,0000731766-12-000038
731766,2012-12-31,10-K,2013-02-07,38,,0000731766-13-000005
731766,2013-03-31,10-Q,2013-05-06,36,,0000731766-13-000014
731766,2013-06-30,10-Q,2013-08-05,36,,0000731766-13-000026
731766,2013-09-30,10-Q,2013-11-07,38,,0000731766-13-000034
731766,2013-12-31,10-K,2014-02-12,43,,0000731766-14-000008
731766,2014-03-31,10-Q,2014-05-06,36,,0000731766-14-000025
731766,2014-06-30,10-Q,2014-08-04,35,,0000731766-14-000042
731766,2014-09-30,10-Q,2014-11-10,41,,0000731766-14-000051
731766,2014-12-31,10-K,2015-02-10,41,,0000731766-15-000007
731766,2015-03-31,10-Q,2015-05-06,36,,0000731766-15-000016
731766,2015-06-30,10-Q,2015-07-29,29,,0000731766-15-000037
731766,2015-09-30,10-Q,2015-11-05,36,,0000731766-15-000049
731766,2015-12-31,10-K,2016-02-09,40,,0000731766-16-000058
731766,2016-03-31,10-Q,2016-05-04,34,,0000731766-16-000068
731766,2016-06-30,10-Q,2016-08-02,33,,0000731766-16-000081
731766,2016-09-30,10-Q,2016-11-08,39,,0000731766-16-000088
731766,2016-12-31,10-K,2017-02-08,39,,0000731766-17-000009
731766,2017-03-31,10-Q,2017-05-08,38,,0000731766-17-000016
731766,2017-06-30,10-Q,2017-08-04,35,,0000731766-17-000028
731766,2017-09-30,10-Q,2017-11-07,38,,0000731766-17-000045
731766,2017-12-31,10-K,2018-02-13,44,,0000731766-18-000005
731766,2018-03-31,10-Q,2018-05-07,37,,0000731766-18-000018
731766,2018-06-30,10-Q,2018-08-07,38,,0000731766-18-000030
731766,2018-09-30,10-Q,2018-11-08,39,,0000731766-18-000040
731766,2018-12-31,10-K,2019-02-12,43,,0000731766-19-000005
731766,2019-03-31,10-Q,2019-05-07,37,,0000731766-19-000013
731766,2019-06-30,10-Q,2019-08-07,38,,0000731766-19-000025
731766,2019-09-30,10-Q,2019-11-06,37,,0000731766-19-000034
731766,2019-12-31,10-K,2020-02-14,45,,0000731766-20-000006
731766,2020-03-31,10-Q,2020-05-06,36,,0000731766-20-000026
731766,2020-06-30,10-Q,2020-08-03,34,,0000731766-20-000042
731766,2020-09-30,10-Q,2020-11-02,33,,0000731766-20-000049
731766,2020-12-31,10-K,2021-03-01,60,,0000731766-21-000013
731766,2021-03-31,10-Q,2021-05-05,35,,0000731766-21-000021
731766,2021-06-30,10-Q,2021-08-03,34,,0000731766-21-000037
731766,2021-09-30,10-Q,2021-11-03,34,,0000731766-21-000051
731766,2021-12-31,10-K,2022-02-15,46,,0000731766-22-000008
731766,2022-03-31,10-Q,2022-05-04,34,,0000731766-22-000019
731766,2022-06-30,10-Q,2022-08-03,34,,0000731766-22-000036
731766,2022-09-30,10-Q,2022-11-02,33,,0000731766-22-000044
731766,2022-12-31,10-K,2023-02-24,55,,0000731766-23-000008
731766,2023-03-31,10-Q,2023-05-03,33,,0000731766-23-000029
731766,2023-06-30,10-Q,2023-08-02,33,,0000731766-23-000053
731766,2023-09-30,10-Q,2023-11-06,37,,0000731766-23-000064
731766,2023-12-31,10-K,2024-02-28,59,,0000731766-24-000081
731766,2024-03-31,10-Q,2024-05-09,39,,0000731766-24-000155
731766,2024-06-30,10-Q,2024-08-09,40,,0000731766-24-000262
731766,2024-09-30,10-Q,2024-11-04,35,,0000731766-24-000323
731766,2024-12-31,10-K,2025-02-27,58,,0000731766-25-000063
732712,2012-03-31,10-Q,2012-04-26,26,,0001193125-12-186263
732712,2012-06-30,10-Q,2012-07-30,30,,0001193125-12-322636
732712,2012-09-30,10-Q,2012-10-25,25,,0001193125-12-435626
732712,2012-12-31,10-K,2013-02-26,57,,0001193125-13-075713
732712,2013-03-31,10-Q,2013-04-25,25,,0001193125-13-172825
732712,2013-06-30,10-Q,2013-07-25,25,,0001193125-13-302540
732712,2013-09-30,10-Q,2013-10-24,24,,0001193125-13-409932
732712,2013-12-31,10-K,2014-02-27,58,,0001193125-14-073266
732712,2014-03-31,10-Q,2014-04-29,29,,0001193125-14-166563
732712,2014-06-30,10-Q,2014-07-29,29,,0001193125-14-284281
732712,2014-09-30,10-Q,2014-10-28,28,,0001193125-14-384533
732712,2014-12-31,10-K,2015-02-23,54,,0001193125-15-057710
732712,2015-03-31,10-Q,2015-04-28,28,,0001193125-15-151315
732712,2015-06-30,10-Q,2015-07-28,28,,0001193125-15-265779
732712,2015-09-30,10-Q,2015-10-27,27,,0001193125-15-354559
732712,2015-12-31,10-K,2016-02-23,54,,0001193125-16-473367
732712,2016-03-31,10-Q,2016-04-28,28,,0001193125-16-562197
732712,2016-06-30,10-Q,2016-07-29,29,,0001193125-16-664131
732712,2016-09-30,10-Q,2016-10-26,26,,0001193125-16-747399
732712,2016-12-31,10-K,2017-02-21,52,,0001193125-17-050292
732712,2017-03-31,10-Q,2017-04-27,27,,0001193125-17-141799
732712,2017-06-30,10-Q,2017-08-03,34,,0001193125-17-247167
732712,2017-09-30,10-Q,2017-10-26,26,,0000732712-17-000009
732712,2017-12-31,10-K,2018-02-23,54,,0000732712-18-000009
732712,2018-03-31,10-Q,2018-05-01,31,,0000732712-18-000022
732712,2018-06-30,10-Q,2018-07-31,31,,0000732712-18-000044
732712,2018-09-30,10-Q,2018-10-30,30,,0000732712-18-000055
732712,2018-12-31,10-K,2019-02-15,46,,0000732712-19-000012
732712,2019-03-31,10-Q,2019-04-26,26,,0000732712-19-000024
732712,2019-06-30,10-Q,2019-08-08,39,,0000732712-19-000052
732712,2019-09-30,10-Q,2019-10-30,30,,0000732712-19-000063
732712,2019-12-31,10-K,2020-02-21,52,,0000732712-20-000014
732712,2020-03-31,10-Q,2020-04-27,27,,0000732712-20-000027
732712,2020-06-30,10-Q,2020-07-28,28,,0000732712-20-000052
732712,2020-09-30,10-Q,2020-10-27,27,,0000732712-20-000061
732712,2020-12-31,10-K,2021-02-25,56,,0000732712-21-000012
732712,2021-03-31,10-Q,2021-04-27,27,,0000732712-21-000024
732712,2021-06-30,10-Q,2021-07-28,28,,0000732712-21-000046
732712,2021-09-30,10-Q,2021-10-26,26,,0000732712-21-000054
732712,2021-12-31,10-K,2022-02-11,42,,0000732712-22-000008
732712,2022-03-31,10-Q,2022-04-27,27,,0000732712-22-000019
732712,2022-06-30,10-Q,2022-07-28,28,,0000732712-22-000043
732712,2022-09-30,10-Q,2022-10-25,25,,0000732712-22-000050
732712,2022-12-31,10-K,2023-02-10,41,,0000732712-23-000012
732712,2023-03-31,10-Q,2023-04-27,27,,0000732712-23-000029
732712,2023-06-30,10-Q,2023-07-28,28,,0000732712-23-000055
732712,2023-09-30,10-Q,2023-10-26,26,,0000732712-23-000063
732712,2023-12-31,10-K,2024-02-09,40,,0000732712-24-000010
732712,2024-03-31,10-Q,2024-04-25,25,,0000732712-24-000029
732712,2024-06-30,10-Q,2024-07-25,25,,0000732712-24-000052
732712,2024-09-30,10-Q,2024-10-25,25,,0000732712-24-000069
732712,2024-12-31,10-K,2025-02-12,43,,0000732712-25-000006
732717,2012-03-31,10-Q,2012-05-04,34,,0000732717-12-000037
732717,2012-06-30,10-Q,2012-08-03,34,,0000732717-12-000073
732717,2012-09-30,10-Q,2012-11-02,33,,0000732717-12-000088
732717,2012-12-31,10-K,2013-02-22,53,,0000732717-13-000017
732717,2013-03-31,10-Q,2013-05-03,33,,0000732717-13-000036
732717,2013-06-30,10-Q,2013-08-02,33,,0000732717-13-000080
732717,2013-09-30,10-Q,2013-11-01,32,,0000732717-13-000099
732717,2013-12-31,10-K,2014-02-21,52,,0000732717-14-000010
732717,2014-03-31,10-Q,2014-05-02,32,,0000732717-14-000022
732717,2014-06-30,10-Q,2014-08-01,32,,0000732717-14-000110
732717,2014-09-30,10-Q,2014-11-10,41,,0000732717-14-000129
732717,2014-12-31,10-K,2015-02-20,51,,0000732717-15-000016
732717,2015-03-31,10-Q,2015-05-05,35,,0000732717-15-000040
732717,2015-06-30,10-Q,2015-08-07,38,,0000732717-15-000079
732717,2015-10-28,10-Q,2015-11-06,9,,0000732717-15-000121
732717,2015-12-31,10-K,2016-02-18,49,,0000732717-16-000147
732717,2016-03-31,10-Q,2016-05-05,35,,0000732717-16-000160
732717,2016-06-30,10-Q,2016-08-04,35,,0000732717-16-000195
732717,2016-09-30,10-Q,2016-11-03,34,,0000732717-16-000233
732717,2016-12-31,10-K,2017-02-17,48,,0000732717-17-000021
732717,2017-03-31,10-Q,2017-05-04,34,,0000732717-17-000055
732717,2017-06-30,10-Q,2017-08-03,34,,0000732717-17-000080
732717,2017-09-30,10-Q,2017-11-03,34,,0000732717-17-000101
732717,2017-12-31,10-K,2018-02-20,51,,0000732717-18-000009
732717,2018-03-31,10-Q,2018-05-03,33,,0000732717-18-000024
732717,2018-06-30,10-Q,2018-08-02,33,,0001193125-18-236782
732717,2018-09-30,10-Q,2018-11-02,33,,0000732717-18-000090
732717,2018-12-31,10-K,2019-02-20,51,,0001193125-19-045608
732717,2019-03-31,10-Q,2019-05-06,36,,0000732717-19-000018
732717,2019-06-30,10-Q,2019-08-05,36,,0001562762-19-000164
732717,2019-09-30,10-Q,2019-11-05,36,,0000732717-19-000056
732717,2019-12-31,10-K,2020-02-20,51,,0001562762-20-000064
732717,2020-03-31,10-Q,2020-05-06,36,,0001562762-20-000171
732717,2020-06-30,10-Q,2020-08-05,36,,0001562762-20-000279
732717,2020-09-30,10-Q,2020-11-05,36,,0000732717-20-000056
732717,2020-12-31,10-K,2021-02-25,56,,0000732717-21-000012
732717,2021-03-31,10-Q,2021-05-06,36,,0000732717-21-000030
732717,2021-06-30,10-Q,2021-08-05,36,,0000732717-21-000067
732717,2021-09-30,10-Q,2021-11-04,35,,0000732717-21-000080
732717,2021-12-31,10-K,2022-02-16,47,,0000732717-22-000015
732717,2022-03-31,10-Q,2022-05-03,33,,0000732717-22-000042
732717,2022-06-30,10-Q,2022-08-04,35,,0000732717-22-000093
732717,2022-09-30,10-Q,2022-11-03,34,,0000732717-22-000102
732717,2022-12-31,10-K,2023-02-13,44,,0000732717-23-000011
732717,2023-03-31,10-Q,2023-05-01,31,,0000732717-23-000022
732717,2023-06-30,10-Q,2023-07-27,27,,0000732717-23-000047
732717,2023-09-30,10-Q,2023-10-31,31,,0000732717-23-000057
732717,2023-12-31,10-K,2024-02-23,54,,0000732717-24-000009
732717,2024-03-31,10-Q,2024-05-02,32,,0000732717-24-000022
732717,2024-06-30,10-Q,2024-07-25,25,,0000732717-24-000053
732717,2024-09-30,10-Q,2024-10-29,29,,0000732717-24-000059
732717,2024-12-31,10-K,2025-02-12,43,,0000732717-25-000013
764478,2012-03-03,10-K,2012-05-01,59,,0000764478-12-000035
764478,2012-05-05,10-Q,2012-06-13,39,,0000764478-12-000056
764478,2012-08-04,10-Q,2012-09-06,33,,0000764478-12-000093
764478,2012-11-03,10-Q,2012-12-05,32,,0000764478-12-000114
764478,2013-05-04,10-Q,2013-06-07,34,,0000764478-13-000031
764478,2013-08-03,10-Q,2013-09-09,37,,0000764478-13-000066
764478,2013-11-02,10-Q,2013-12-09,37,,0000764478-13-000079
764478,2014-02-01,10-K,2014-03-28,55,,0000764478-14-000011
764478,2014-05-03,10-Q,2014-06-09,37,,0000764478-14-000030
764478,2014-08-02,10-Q,2014-09-10,39,,0000764478-14-000051
764478,2014-11-01,10-Q,2014-12-05,34,,0000764478-14-000066
764478,2015-01-31,10-K,2015-03-31,59,,0000764478-15-000014
764478,2015-05-02,10-Q,2015-06-08,37,,0000764478-15-000028
764478,2015-08-01,10-Q,2015-09-04,34,,0000764478-15-000042
764478,2015-10-31,10-Q,2015-12-04,34,,0000764478-15-000051
764478,2016-01-30,10-K,2016-03-23,53,,0000764478-16-000064
764478,2016-04-30,10-Q,2016-06-09,40,,0000764478-16-000075
764478,2016-07-30,10-Q,2016-09-02,34,,0000764478-16-000088
764478,2016-10-29,10-Q,2016-12-02,34,,0000764478-16-000093
764478,2017-01-28,10-K,2017-03-24,55,,0000764478-17-000008
764478,2017-04-29,10-Q,2017-06-05,37,,0000764478-17-000018
764478,2017-07-29,10-Q,2017-09-05,38,,0000764478-17-000032
764478,2017-10-28,10-Q,2017-12-01,34,,0000764478-17-000039
764478,2018-02-03,10-K,2018-04-02,58,,0000764478-18-000013
764478,2018-05-05,10-Q,2018-06-08,34,,0000764478-18-000024
764478,2018-08-04,10-Q,2018-09-10,37,,0000764478-18-000043
764478,2018-11-03,10-Q,2018-12-07,34,,0000764478-18-000053
764478,2019-02-02,10-K,2019-03-28,54,,0000764478-19-000009
764478,2019-05-04,10-Q,2019-06-07,34,,0000764478-19-000028
764478,2019-08-03,10-Q,2019-09-06,34,,0000764478-19-000042
764478,2019-11-02,10-Q,2019-12-06,34,,0000764478-19-000057
764478,2020-02-01,10-K,2020-03-23,51,,0000764478-20-000017
764478,2020-05-02,10-Q,2020-05-27,25,,0000764478-20-000029
764478,2020-08-01,10-Q,2020-08-31,30,,0000764478-20-000054
764478,2020-10-31,10-Q,2020-11-30,30,,0000764478-20-000062
764478,2021-01-30,10-K,2021-03-19,48,,0000764478-21-000024
764478,2021-05-01,10-Q,2021-06-04,34,,0000764478-21-000039
764478,2021-07-31,10-Q,2021-08-31,31,,0000764478-21-000060
764478,2021-10-30,10-Q,2021-12-03,34,,0000764478-21-000068
764478,2022-01-29,10-K,2022-03-18,48,,0000764478-22-000008
764478,2022-04-30,10-Q,2022-06-02,33,,0000764478-22-000017
764478,2022-07-30,10-Q,2022-09-08,40,,0000764478-22-000037
764478,2022-10-29,10-Q,2022-12-06,38,,0000764478-22-000044
764478,2023-01-28,10-K,2023-03-17,48,,0000764478-23-000006
764478,2023-04-29,10-Q,2023-06-02,34,,0000764478-23-000025
764478,2023-07-29,10-Q,2023-09-01,34,,0000764478-23-000041
764478,2023-10-28,10-Q,2023-12-01,34,,0000764478-23-000053
764478,2024-02-03,10-K,2024-03-15,41,,0000764478-24-000010
764478,2024-05-04,10-Q,2024-06-07,34,,0000764478-24-000022
764478,2024-08-03,10-Q,2024-09-06,34,,0000764478-24-000035
764478,2024-11-02,10-Q,2024-12-06,34,,0000764478-24-000041
773840,2012-03-31,10-Q,2012-04-20,20,,0000930413-12-002323
773840,2012-06-30,10-Q,2012-07-18,18,,0000930413-12-003974
773840,2012-09-30,10-Q,2012-10-19,19,,0000930413-12-005805
773840,2012-12-31,10-K,2013-02-15,46,,0000930413-13-000907
773840,2013-03-31,10-Q,2013-04-19,19,,0000930413-13-002334
773840,2013-06-30,10-Q,2013-07-19,19,,0000930413-13-003894
773840,2013-09-30,10-Q,2013-10-18,18,,0000930413-13-004995
773840,2013-12-31,10-K,2014-02-14,45,,0000930413-14-000634
773840,2014-03-31,10-Q,2014-04-17,17,,0000930413-14-001831
773840,2014-06-30,10-Q,2014-07-18,18,,0000930413-14-003256
773840,2014-09-30,10-Q,2014-10-17,17,,0000930413-14-004352
773840,2014-12-31,10-K,2015-02-13,44,,0000930413-15-000621
773840,2015-03-31,10-Q,2015-04-17,17,,0000930413-15-001806
773840,2015-06-30,10-Q,2015-07-17,17,,0000930413-15-003083
773840,2015-09-30,10-Q,2015-10-16,16,,0000930413-15-004011
773840,2015-12-31,10-K,2016-02-12,43,,0000930413-16-005457
773840,2016-03-31,10-Q,2016-04-22,22,,0000930413-16-006542
773840,2016-06-30,10-Q,2016-07-22,22,,0000930413-16-007670
773840,2016-09-30,10-Q,2016-10-21,21,,0000930413-16-008530
773840,2016-12-31,10-K,2017-02-10,41,,0000930413-17-000391
773840,2017-03-31,10-Q,2017-04-21,21,,0000930413-17-001646
773840,2017-06-30,10-Q,2017-07-21,21,,0000930413-17-002534
773840,2017-09-30,10-Q,2017-10-20,20,,0000930413-17-003588
773840,2017-12-31,10-K,2018-02-09,40,,0000930413-18-000292
773840,2018-03-31,10-Q,2018-04-20,20,,0000930413-18-001371
773840,2018-06-30,10-Q,2018-07-20,20,,0000930413-18-002303
773840,2018-09-30,10-Q,2018-10-19,19,,0000930413-18-003111
773840,2018-12-31,10-K,2019-02-08,39,,0000930413-19-000366
773840,2019-03-31,10-Q,2019-04-18,18,,0001628280-19-004415
773840,2019-06-30,10-Q,2019-07-18,18,,0000773840-19-000013
773840,2019-09-30,10-Q,2019-10-17,17,,0000773840-19-000026
773840,2019-12-31,10-K,2020-02-14,45,,0000773840-20-000009
773840,2020-03-31,10-Q,2020-05-01,31,,0000773840-20-000025
773840,2020-06-30,10-Q,2020-07-24,24,,0000773840-20-000038
773840,2020-09-30,10-Q,2020-10-30,30,,0000773840-20-000048
773840,2020-12-31,10-K,2021-02-12,43,,0000773840-21-000015
773840,2021-03-31,10-Q,2021-04-23,23,,0000773840-21-000032
773840,2021-06-30,10-Q,2021-07-23,23,,0000773840-21-000057
773840,2021-09-30,10-Q,2021-10-22,22,,0000773840-21-000065
773840,2021-12-31,10-K,2022-02-11,42,,0000773840-22-000018
773840,2022-03-31,10-Q,2022-04-29,29,,0000773840-22-000037
773840,2022-06-30,10-Q,2022-07-28,28,,0000773840-22-000054
773840,2022-09-30,10-Q,2022-10-27,27,,0000773840-22-000071
773840,2022-12-31,10-K,2023-02-10,41,,0000773840-23-000013
773840,2023-03-31,10-Q,2023-04-27,27,,0000773840-23-000038
773840,2023-06-30,10-Q,2023-07-27,27,,0000773840-23-000073
773840,2023-09-30,10-Q,2023-10-26,26,,0000773840-23-000085
773840,2023-12-31,10-K,2024-02-16,47,,0000773840-24-000014
773840,2024-03-31,10-Q,2024-04-25,25,,0000773840-24-000051
773840,2024-06-30,10-Q,2024-07-25,25,,0000773840-24-000082
773840,2024-09-30,10-Q,2024-10-24,24,,0000773840-24-000099
773840,2024-12-31,10-K,2025-02-14,45,,0000773840-25-000010
789019,2012-03-31,10-Q,2012-04-19,19,,0001193125-12-170665
789019,2012-06-30,10-K,2012-07-26,26,,0001193125-12-316848
789019,2012-09-30,10-Q,2012-10-18,18,,0001193125-12-427209
789019,2012-12-31,10-Q,2013-01-24,24,,0001193125-13-022207
789019,2013-03-31,10-Q,2013-04-18,18,,0001193125-13-160748
789019,2013-06-30,10-K,2013-07-30,30,,0001193125-13-310206
789019,2013-09-30,10-Q,2013-10-24,24,,0001193125-13-409855
789019,2013-12-31,10-Q,2014-01-23,23,,0001193125-14-018634
789019,2014-03-31,10-Q,2014-04-24,24,,0001193125-14-157088
789019,2014-06-30,10-K,2014-07-31,31,,0001193125-14-289961
789019,2014-09-30,10-Q,2014-10-23,23,,0001193125-14-380252
789019,2014-12-31,10-Q,2015-01-26,26,,0001193125-15-020351
789019,2015-03-31,10-Q,2015-04-23,23,,0001193125-15-144151
789019,2015-06-30,10-K,2015-07-31,31,,0001193125-15-272806
789019,2015-09-30,10-Q,2015-10-22,22,,0001193125-15-350718
789019,2015-12-31,10-Q,2016-01-28,28,,0001193125-16-441821
789019,2016-03-31,10-Q,2016-04-21,21,,0001193125-16-550254
789019,2016-06-30,10-K,2016-07-28,28,,0001193125-16-662209
789019,2016-09-30,10-Q,2016-10-20,20,,0001193125-16-742796
789019,2016-12-31,10-Q,2017-01-26,26,,0001564590-17-000654
789019,2017-03-31,10-Q,2017-04-27,27,,0001564590-17-007547
789019,2017-06-30,10-K,2017-08-02,33,,0001564590-17-014900
789019,2017-09-30,10-Q,2017-10-26,26,,0001564590-17-020171
789019,2017-12-31,10-Q,2018-01-31,31,,0001564590-18-001129
789019,2018-03-31,10-Q,2018-04-26,26,,0001564590-18-009307
789019,2018-06-30,10-K,2018-08-03,34,,0001564590-18-019062
789019,2018-09-30,10-Q,2018-10-24,24,,0001564590-18-024893
789019,2018-12-31,10-Q,2019-01-30,30,,0001564590-19-001392
789019,2019-03-31,10-Q,2019-04-24,24,,0001564590-19-012709
789019,2019-06-30,10-K,2019-08-01,32,,0001564590-19-027952
789019,2019-09-30,10-Q,2019-10-23,23,,0001564590-19-037549
789019,2019-12-31,10-Q,2020-01-29,29,,0001564590-20-002450
789019,2020-03-31,10-Q,2020-04-29,29,,0001564590-20-019706
789019,2020-06-30,10-K,2020-07-30,30,,0001564590-20-034944
789019,2020-09-30,10-Q,2020-10-27,27,,0001564590-20-047996
789019,2020-12-31,10-Q,2021-01-26,26,,0001564590-21-002316
789019,2021-03-31,10-Q,2021-04-27,27,,0001564590-21-020891
789019,2021-06-30,10-K,2021-07-29,29,,0001564590-21-039151
789019,2021-09-30,10-Q,2021-10-26,26,,0001564590-21-051992
789019,2021-12-31,10-Q,2022-01-25,25,,0001564590-22-002324
789019,2022-03-31,10-Q,2022-04-26,26,,0001564590-22-015675
789019,2022-06-30,10-K,2022-07-28,28,,0001564590-22-026876
789019,2022-09-30,10-Q,2022-10-25,25,,0001564590-22-035087
789019,2022-12-31,10-Q,2023-01-24,24,,0001564590-23-000733
789019,2023-03-31,10-Q,2023-04-25,25,,0000950170-23-014423
789019,2023-06-30,10-K,2023-07-27,27,,0000950170-23-035122
789019,2023-09-30,10-Q,2023-10-24,24,,0000950170-23-054855
789019,2023-12-31,10-Q,2024-01-30,30,,0000950170-24-008814
789019,2024-03-31,10-Q,2024-04-25,25,,0000950170-24-048288
789019,2024-06-30,10-K,2024-07-30,30,,0000950170-24-087843
789019,2024-09-30,10-Q,2024-10-30,30,,0000950170-24-118967
789019,2024-12-31,10-Q,2025-01-29,29,,0000950170-25-010491
789460,2012-03-31,10-Q,2012-05-01,31,,0001104659-12-031414
789460,2012-06-30,10-Q,2012-08-01,32,,0001104659-12-053261
789460,2012-09-30,10-Q,2012-11-01,32,,0001104659-12-073231
789460,2012-12-31,10-K,2013-02-21,52,,0001047469-13-001398
789460,2013-03-31,10-Q,2013-04-30,30,,0001104659-13-035266
789460,2013-06-30,10-Q,2013-07-31,31,,0001104659-13-058377
789460,2013-09-30,10-Q,2013-10-30,30,,0001104659-13-079273
789460,2013-12-31,10-K,2014-02-14,45,,0001047469-14-000906
789460,2014-03-31,10-Q,2014-04-30,30,,0001104659-14-032705
789460,2014-06-30,10-Q,2014-07-30,30,,0001104659-14-054975
789460,2014-09-30,10-Q,2014-10-30,30,,0001558370-14-000235
789460,2014-12-31,10-K,2015-02-12,43,,0001558370-15-000073
789460,2015-03-31,10-Q,2015-04-30,30,,0001558370-15-000648
789460,2015-06-30,10-Q,2015-07-30,30,,0001558370-15-001275
789460,2015-09-30,10-Q,2015-10-28,28,,0001558370-15-001990
789460,2015-12-31,10-K,2016-02-16,47,,0001558370-16-003246
789460,2016-03-31,10-Q,2016-04-29,29,,0001558370-16-004985
789460,2016-06-30,10-Q,2016-07-29,29,,0001558370-16-006982
789460,2016-09-30,10-Q,2016-10-28,28,,0001628280-16-020404
789460,2016-12-31,10-K,2017-02-21,52,,0001628280-17-001482
789460,2017-03-31,10-Q,2017-04-28,28,,0001628280-17-004476
789460,2017-06-30,10-Q,2017-07-28,28,,0001628280-17-007371
789460,2017-09-30,10-Q,2017-10-31,31,,0001628280-17-010441
789460,2017-12-31,10-K,2018-02-28,59,,0001628280-18-002457
789460,2018-03-31,10-Q,2018-04-30,30,,0001628280-18-005281
789460,2018-06-30,10-Q,2018-07-30,30,,0001628280-18-009716
789460,2018-09-30,10-Q,2018-10-30,30,,0001628280-18-013105
789460,2018-12-31,10-K,2019-03-01,60,,0001628280-19-002382
789460,2019-03-31,10-Q,2019-05-07,37,,0001628280-19-006069
789460,2019-06-30,10-Q,2019-07-26,26,,0001628280-19-009093
789460,2019-09-30,10-Q,2019-10-31,31,,0001628280-19-012982
789460,2019-12-31,10-K,2020-03-02,62,,0001628280-20-002590
789460,2020-03-31,10-Q,2020-05-05,35,,0001628280-20-006305
789460,2020-06-30,10-Q,2020-08-03,34,,0001628280-20-011388
789460,2020-09-30,10-Q,2020-11-02,33,,0001628280-20-015181
789460,2020-12-31,10-K,2021-03-01,60,,0001628280-21-003481
789460,2021-03-31,10-Q,2021-04-30,30,,0001628280-21-008432
789460,2021-06-30,10-Q,2021-07-30,30,,0001628280-21-015047
789460,2021-09-30,10-Q,2021-10-29,29,,0001628280-21-020847
789460,2021-12-31,10-K,2022-02-25,56,,0001628280-22-004028
789460,2022-03-31,10-Q,2022-04-29,29,,0001628280-22-011550
789460,2022-06-30,10-Q,2022-07-29,29,,0001628280-22-019810
789460,2022-09-30,10-Q,2022-10-28,28,,0001628280-22-027298
789460,2022-12-31,10-K,2023-02-24,55,,0001628280-23-005058
789460,2023-03-31,10-Q,2023-04-28,28,,0001628280-23-014148
789460,2023-06-30,10-Q,2023-07-28,28,,0001628280-23-026035
789460,2023-09-30,10-Q,2023-10-27,27,,0001628280-23-035378
789460,2023-12-31,10-K,2024-02-23,54,,0001628280-24-006634
789460,2024-03-31,10-Q,2024-04-26,26,,0001628280-24-018474
789460,2024-06-30,10-Q,2024-07-26,26,,0001628280-24-033111
789460,2024-09-30,10-Q,2024-10-25,25,,0001628280-24-043777
789460,2024-12-31,10-K,2025-02-25,56,,0001628280-25-007620
804328,2012-03-25,10-Q,2012-04-18,24,,0001234452-12-000217
804328,2012-06-24,10-Q,2012-07-18,24,,0001234452-12-000268
804328,2012-09-30,10-K,2012-11-07,38,,0001234452-12-000371
804328,2012-12-30,10-Q,2013-01-30,31,,0001234452-13-000041
804328,2013-03-31,10-Q,2013-04-24,24,,0001234452-13-000179
804328,2013-06-30,10-Q,2013-07-24,24,,0001234452-13-000292
804328,2013-09-29,10-K,2013-11-06,38,,0001234452-13-000483
804328,2013-12-29,10-Q,2014-01-29,31,,0001234452-14-000049
804328,2014-03-30,10-Q,2014-04-23,24,,0001234452-14-000154
804328,2014-06-29,10-Q,2014-07-23,24,,0001234452-14-000238
804328,2014-09-28,10-K,2014-11-05,38,,0001234452-14-000320
804328,2014-12-28,10-Q,2015-01-28,31,,0001234452-15-000024
804328,2015-03-29,10-Q,2015-04-22,24,,0001234452-15-000134
804328,2015-06-28,10-Q,2015-07-22,24,,0001234452-15-000208
804328,2015-09-27,10-K,2015-11-04,38,,0001234452-15-000271
804328,2015-12-27,10-Q,2016-01-27,31,,0001234452-16-000352
804328,2016-03-27,10-Q,2016-04-20,24,,0001234452-16-000429
804328,2016-06-26,10-Q,2016-07-20,24,,0001234452-16-000483
804328,2016-09-25,10-K,2016-11-02,38,,0001234452-16-000552
804328,2016-12-25,10-Q,2017-01-25,31,,0001234452-17-000028
804328,2017-03-26,10-Q,2017-04-19,24,,0001234452-17-000077
804328,2017-06-25,10-Q,2017-07-19,24,,0001234452-17-000154
804328,2017-09-24,10-K,2017-11-01,38,,0001234452-17-000190
804328,2017-12-24,10-Q,2018-01-31,38,,0001728949-18-000011
804328,2018-03-25,10-Q,2018-04-25,31,,0001728949-18-000039
804328,2018-06-24,10-Q,2018-07-25,31,,0001728949-18-000075
804328,2018-09-30,10-K,2018-11-07,38,,0001728949-18-000095
804328,2018-12-30,10-Q,2019-01-30,31,,0001728949-19-000012
804328,2019-03-31,10-Q,2019-05-01,31,,0001728949-19-000036
804328,2019-06-30,10-Q,2019-07-31,31,,0001728949-19-000055
804328,2019-09-29,10-K,2019-11-06,38,,0001728949-19-000072
804328,2019-12-29,10-Q,2020-02-05,38,,0001728949-20-000011
804328,2020-03-29,10-Q,2020-04-29,31,,0001728949-20-000031
804328,2020-06-28,10-Q,2020-07-29,31,,0001728949-20-000057
804328,2020-09-27,10-K,2020-11-04,38,,0001728949-20-000067
804328,2020-12-27,10-Q,2021-02-03,38,,0001728949-21-000022
804328,2021-03-28,10-Q,2021-04-28,31,,0001728949-21-000043
804328,2021-06-27,10-Q,2021-07-28,31,,0001728949-21-000066
804328,2021-09-26,10-K,2021-11-03,38,,0001728949-21-000076
804328,2021-12-26,10-Q,2022-02-02,38,,0001728949-22-000012
804328,2022-03-27,10-Q,2022-04-27,31,,0001728949-22-000026
804328,2022-06-26,10-Q,2022-07-27,31,,0001728949-22-000040
804328,2022-09-25,10-K,2022-11-02,38,,0000804328-22-000021
804328,2022-12-25,10-Q,2023-02-02,39,,0000804328-23-000006
804328,2023-03-26,10-Q,2023-05-03,38,,0000804328-23-000023
804328,2023-06-25,10-Q,2023-08-02,38,,0000804328-23-000043
804328,2023-09-24,10-K,2023-11-01,38,,0000804328-23-000055
804328,2023-12-24,10-Q,2024-01-31,38,,0000804328-24-000017
804328,2024-03-24,10-Q,2024-05-01,38,,0000804328-24-000039
804328,2024-06-23,10-Q,2024-07-31,38,,0000804328-24-000056
804328,2024-09-29,10-K,2024-11-06,38,,0000804328-24-000075
804328,2024-12-29,10-Q,2025-02-05,38,,0000804328-25-000011
813828,2012-03-31,10-Q,2012-05-01,31,,0001047469-12-005106
813828,2012-06-30,10-Q,2012-08-02,33,,0001047469-12-007699
813828,2012-09-30,10-Q,2012-11-07,38,,0001047469-12-010188
813828,2012-12-21,10-K,2013-02-15,56,,0001047469-13-001192
813828,2013-03-31,10-Q,2013-05-01,31,,0001047469-13-005254
813828,2013-06-30,10-Q,2013-07-31,31,,0001047469-13-007929
813828,2013-09-30,10-Q,2013-11-06,37,,0001047469-13-010325
813828,2013-12-31,10-K,2014-02-14,45,,0001047469-14-000934
813828,2014-03-31,10-Q,2014-05-08,38,,0001047469-14-004748
813828,2014-06-30,10-Q,2014-08-07,38,,0001047469-14-006759
813828,2014-09-30,10-Q,2014-11-05,36,,0000813828-14-000018
813828,2014-12-31,10-K,2015-02-13,44,,0000813828-15-000009
813828,2015-03-31,10-Q,2015-05-07,37,,0000813828-15-000018
813828,2015-06-30,10-Q,2015-08-05,36,,0000813828-15-000045
813828,2015-09-30,10-Q,2015-11-03,34,,0000813828-15-000053
813828,2015-12-31,10-K,2016-02-16,47,,0000813828-16-000065
813828,2016-03-31,10-Q,2016-05-04,34,,0000813828-16-000075
813828,2016-06-30,10-Q,2016-07-28,28,,0000813828-16-000088
813828,2016-09-30,10-Q,2016-11-03,34,,0000813828-16-000106
813828,2016-12-31,10-K,2017-02-17,48,,0000813828-17-000005
813828,2017-03-31,10-Q,2017-05-04,34,,0000813828-17-000013
813828,2017-06-30,10-Q,2017-08-07,38,,0000813828-17-000031
813828,2017-09-30,10-Q,2017-11-06,37,,0000813828-17-000048
813828,2017-12-31,10-K,2018-02-20,51,,0000813828-18-000018
813828,2018-03-31,10-Q,2018-05-04,34,,0000813828-18-000026
813828,2018-06-30,10-Q,2018-08-02,33,,0000813828-18-000036
813828,2018-09-30,10-Q,2018-11-01,32,,0000813828-18-000044
813828,2018-12-31,10-K,2019-02-15,46,,0000813828-19-000006
813828,2019-03-31,10-Q,2019-05-02,32,,0000813828-19-000014
813828,2019-06-30,10-Q,2019-08-08,39,,0000813828-19-000025
813828,2019-09-30,10-Q,2019-11-12,43,,0000813828-19-000033
813828,2019-12-31,10-K,2020-02-20,51,,0000813828-20-000013
813828,2020-03-31,10-Q,2020-05-07,37,,0000813828-20-000022
813828,2020-06-30,10-Q,2020-08-06,37,,0000813828-20-000040
813828,2020-09-30,10-Q,2020-11-06,37,,0000813828-20-000051
813828,2020-12-31,10-K,2021-02-24,55,,0000813828-21-000005
813828,2021-03-31,10-Q,2021-05-06,36,,0000813828-21-000009
813828,2021-06-30,10-Q,2021-08-05,36,,0000813828-21-000026
813828,2021-09-30,10-Q,2021-11-04,35,,0000813828-21-000040
813828,2021-12-31,10-K,2022-02-15,46,,0000813828-22-000005
813828,2022-03-31,10-Q,2022-05-03,33,,0000813828-22-000023
813828,2022-06-30,10-Q,2022-08-04,35,,0000813828-22-000033
813828,2022-09-30,10-Q,2022-11-02,33,,0000813828-22-000039
813828,2022-12-31,10-K,2023-02-16,47,,0000813828-23-000005
813828,2023-03-31,10-Q,2023-05-04,34,,0000813828-23-000015
813828,2023-06-30,10-Q,2023-08-08,39,,0000813828-23-000026
813828,2023-09-30,10-Q,2023-11-03,34,,0000813828-23-000033
813828,2023-12-31,10-K,2024-02-28,59,,0000813828-24-000007
813828,2024-03-31,10-Q,2024-04-29,29,,0000813828-24-000020
813828,2024-06-30,10-Q,2024-08-08,39,,0000813828-24-000053
813828,2024-09-30,10-Q,2024-11-08,39,,0000813828-24-000079
813828,2024-12-31,10-K,2025-02-26,57,,0000813828-25-000005
823277,2012-02-29,10-Q,2012-04-11,42,,0001193125-12-158471
823277,2012-05-31,10-Q,2012-07-12,42,,0001193125-12-300474
823277,2012-08-31,10-K,2012-11-07,68,,0001445305-12-003500
823277,2012-11-30,10-Q,2013-01-10,41,,0000823277-13-000002
823277,2013-02-28,10-Q,2013-04-03,34,,0000823277-13-000013
823277,2013-05-31,10-Q,2013-07-10,40,,0000823277-13-000025
823277,2013-08-31,10-K,2013-11-07,68,,0000823277-13-000037
823277,2013-11-30,10-Q,2014-01-08,39,,0000823277-14-000003
823277,2014-02-28,10-Q,2014-04-03,34,,0000823277-14-000011
823277,2014-05-31,10-Q,2014-07-09,39,,0000823277-14-000022
823277,2014-08-31,10-K,2014-11-05,66,,0000823277-14-000032
823277,2014-11-30,10-Q,2015-01-07,38,,0000823277-15-000003
823277,2015-02-28,10-Q,2015-04-08,39,,0000823277-15-000010
823277,2015-05-31,10-Q,2015-07-10,40,,0000823277-15-000016
823277,2015-08-31,10-K,2015-11-23,84,,0000823277-15-000024
823277,2015-11-30,10-Q,2016-01-07,38,,0000823277-16-000033
823277,2016-02-29,10-Q,2016-04-11,42,,0000823277-16-000045
823277,2016-05-31,10-Q,2016-07-07,37,,0000823277-16-000051
823277,2016-08-31,10-K,2016-11-03,64,,0000823277-16-000065
823277,2016-11-30,10-Q,2017-01-12,43,,0000823277-17-000004
823277,2017-02-28,10-Q,2017-04-05,36,,0000823277-17-000016
823277,2017-05-31,10-Q,2017-07-14,44,,0000823277-17-000032
823277,2017-08-31,10-K,2017-11-09,70,,0000823277-17-000053
823277,2017-11-30,10-Q,2018-01-10,41,,0000823277-18-000005
823277,2018-02-28,10-Q,2018-04-04,35,,0000823277-18-000017
823277,2018-05-31,10-Q,2018-07-11,41,,0000823277-18-000043
823277,2018-08-31,10-K,2018-12-03,94,,0000823277-18-000065
823277,2018-11-30,10-Q,2019-01-10,41,,0000823277-19-000008
823277,2019-02-28,10-Q,2019-04-03,34,,0000823277-19-000011
823277,2019-05-31,10-Q,2019-07-15,45,,0000823277-19-000021
823277,2019-08-31,10-K,2019-11-06,67,,0000823277-19-000036
823277,2019-11-30,10-Q,2020-01-08,39,,0000823277-20-000006
823277,2020-02-29,10-Q,2020-04-08,39,,0000823277-20-000011
823277,2020-05-31,10-Q,2020-07-07,37,,0000823277-20-000024
823277,2020-08-31,10-K,2020-11-05,66,,0000823277-20-000034
823277,2020-11-30,10-Q,2021-01-06,37,,0000823277-21-000006
823277,2021-02-28,10-Q,2021-04-07,38,,0000823277-21-000019
823277,2021-05-31,10-Q,2021-07-08,38,,0000823277-21-000026
823277,2021-08-31,10-K,2021-11-04,65,,0000823277-21-000044
823277,2021-11-30,10-Q,2022-01-05,36,,0000823277-22-000006
823277,2022-02-28,10-Q,2022-04-06,37,,0000823277-22-000014
823277,2022-05-31,10-Q,2022-07-07,37,,0000823277-22-000030
823277,2022-08-31,10-K,2022-11-02,63,,0000823277-22-000050
823277,2022-11-30,10-Q,2023-01-11,42,,0000823277-23-000006
823277,2023-02-28,10-Q,2023-04-05,36,,0000823277-23-000023
823277,2023-05-31,10-Q,2023-07-13,43,,0000823277-23-000036
823277,2023-08-31,10-K,2023-11-08,69,,0000823277-23-000053
823277,2023-11-30,10-Q,2024-01-10,41,,0000823277-24-000006
823277,2024-02-29,10-Q,2024-04-03,34,,0000823277-24-000019
823277,2024-05-31,10-Q,2024-07-10,40,,0000823277-24-000027
823277,2024-08-31,10-K,2024-11-06,67,,0000823277-24-000046
823277,2024-11-30,10-Q,2025-01-08,39,,0000823277-25-000006
829224,2012-01-01,10-Q,2012-01-31,30,,0001193125-12-032427
829224,2012-04-01,10-Q,2012-05-02,31,,0001193125-12-204460
829224,2012-07-01,10-Q,2012-08-02,32,,0001445305-12-002431
829224,2012-09-30,10-K,2012-11-16,47,,0000829224-12-000007
829224,2012-12-30,10-Q,2013-01-29,30,,0000829224-13-000007
829224,2013-03-31,10-Q,2013-04-30,30,,0000829224-13-000024
829224,2013-06-30,10-Q,2013-07-30,30,,0000829224-13-000032
829224,2013-09-29,10-K,2013-11-18,50,,0000829224-13-000044
829224,2013-12-29,10-Q,2014-01-28,30,,0000829224-14-000008
829224,2014-03-30,10-Q,2014-04-29,30,,0000829224-14-000021
829224,2014-06-29,10-Q,2014-07-29,30,,0000829224-14-000030
829224,2014-09-28,10-K,2014-11-14,47,,0000829224-14-000041
829224,2014-12-28,10-Q,2015-01-27,30,,0000829224-15-000006
829224,2015-03-29,10-Q,2015-04-28,30,,0000829224-15-000017
829224,2015-06-28,10-Q,2015-07-28,30,,0000829224-15-000029
829224,2015-09-27,10-K,2015-11-12,46,,0000829224-15-000038
829224,2015-12-27,10-Q,2016-01-26,30,,0000829224-16-000049
829224,2016-03-27,10-Q,2016-04-26,30,,0000829224-16-000062
829224,2016-06-26,10-Q,2016-07-27,31,,0000829224-16-000074
829224,2016-10-02,10-K,2016-11-18,47,,0000829224-16-000083
829224,2017-01-01,10-Q,2017-01-31,30,,0000829224-17-000005
829224,2017-04-02,10-Q,2017-05-02,30,,0000829224-17-000021
829224,2017-07-02,10-Q,2017-08-01,30,,0000829224-17-000036
829224,2017-10-01,10-K,2017-11-17,47,,0000829224-17-000049
829224,2017-12-31,10-Q,2018-01-31,31,,0000829224-18-000009
829224,2018-04-01,10-Q,2018-05-01,30,,0000829224-18-000022
829224,2018-07-01,10-Q,2018-07-31,30,,0000829224-18-000037
829224,2018-09-30,10-K,2018-11-16,47,,0000829224-18-000052
829224,2018-12-30,10-Q,2019-01-29,30,,0000829224-19-000011
829224,2019-03-31,10-Q,2019-04-30,30,,0000829224-19-000024
829224,2019-06-30,10-Q,2019-07-30,30,,0000829224-19-000036
829224,2019-09-29,10-K,2019-11-15,47,,0000829224-19-000051
829224,2019-12-29,10-Q,2020-01-28,30,,0000829224-20-000012
829224,2020-03-29,10-Q,2020-04-28,30,,0000829224-20-000045
829224,2020-06-28,10-Q,2020-07-28,30,,0000829224-20-000066
829224,2020-09-27,10-K,2020-11-12,46,,0000829224-20-000078
829224,2020-12-27,10-Q,2021-01-26,30,,0000829224-21-000029
829224,2021-03-28,10-Q,2021-04-27,30,,0000829224-21-000053
829224,2021-06-27,10-Q,2021-07-27,30,,0000829224-21-000075
829224,2021-10-03,10-K,2021-11-19,47,,0000829224-21-000086
829224,2022-01-02,10-Q,2022-02-01,30,,0000829224-22-000012
829224,2022-04-03,10-Q,2022-05-03,30,,0000829224-22-000030
829224,2022-07-03,10-Q,2022-08-02,30,,0000829224-22-000039
829224,2022-10-02,10-K,2022-11-18,47,,0000829224-22-000058
829224,2023-01-01,10-Q,2023-02-02,32,,0000829224-23-000017
829224,2023-04-02,10-Q,2023-05-02,30,,0000829224-23-000037
829224,2023-07-02,10-Q,2023-08-01,30,,0000829224-23-000044
829224,2023-10-01,10-K,2023-11-17,47,,0000829224-23-000058
829224,2023-12-31,10-Q,2024-01-30,30,,0000829224-24-000013
829224,2024-03-31,10-Q,2024-04-30,30,,0000829224-24-000024
829224,2024-06-30,10-Q,2024-07-30,30,,0000829224-24-000042
829224,2024-09-29,10-K,2024-11-20,52,,0000829224-24-000057
829224,2024-12-29,10-Q,2025-01-28,30,,0000829224-25-000014
831001,2012-03-31,10-Q,2012-05-04,34,,0001047469-12-005382
831001,2012-06-30,10-Q,2012-08-03,34,,0001047469-12-007741
831001,2012-09-30,10-Q,2012-11-06,37,,0001047469-12-010096
831001,2012-12-31,10-K,2013-03-01,60,,0001206774-13-000852
831001,2013-03-31,10-Q,2013-05-03,33,,0001047469-13-005492
831001,2013-06-30,10-Q,2013-08-02,33,,0001047469-13-008011
831001,2013-09-30,10-Q,2013-11-01,32,,0001047469-13-010160
831001,2013-12-31,10-K,2014-03-03,62,,0001104659-14-015152
831001,2014-03-31,10-Q,2014-05-02,32,,0001104659-14-033774
831001,2014-06-30,10-Q,2014-08-01,32,,0000831001-14-000082
831001,2014-09-30,10-Q,2014-10-30,30,,0000831001-14-000136
831001,2014-12-31,10-K,2015-02-25,56,,0000831001-15-000043
831001,2015-03-31,10-Q,2015-05-11,41,,0000831001-15-000056
831001,2015-06-30,10-Q,2015-08-03,34,,0000831001-15-000111
831001,2015-09-30,10-Q,2015-10-30,30,,0000831001-15-000157
831001,2015-12-31,10-K,2016-02-26,57,,0000831001-16-000235
831001,2016-03-31,10-Q,2016-05-02,32,,0000831001-16-000241
831001,2016-06-30,10-Q,2016-08-01,32,,0000831001-16-000292
831001,2016-09-30,10-Q,2016-10-31,31,,0000831001-16-000334
831001,2016-12-31,10-K,2017-02-24,55,,0000831001-17-000038
831001,2017-03-31,10-Q,2017-05-01,31,,0000831001-17-000048
831001,2017-06-30,10-Q,2017-08-01,32,,0000831001-17-000098
831001,2017-09-30,10-Q,2017-10-31,31,,0000831001-17-000139
831001,2017-12-31,10-K,2018-02-23,54,,0000831001-18-000040
831001,2018-03-31,10-Q,2018-05-01,31,,0000831001-18-000046
831001,2018-06-30,10-Q,2018-07-31,31,,0000831001-18-000091
831001,2018-09-30,10-Q,2018-10-30,30,,0000831001-18-000131
831001,2018-12-31,10-K,2019-02-22,53,,0000831001-19-000027
831001,2019-03-31,10-Q,2019-04-30,30,,0000831001-19-000033
831001,2019-06-30,10-Q,2019-08-01,32,,0000831001-19-000073
831001,2019-09-30,10-Q,2019-11-01,32,,0000831001-19-000105
831001,2019-12-31,10-K,2020-02-21,52,,0000831001-20-000031
831001,2020-03-31,10-Q,2020-05-04,34,,0000831001-20-000044
831001,2020-06-30,10-Q,2020-08-05,36,,0000831001-20-000078
831001,2020-09-30,10-Q,2020-11-04,35,,0000831001-20-000110
831001,2020-12-31,10-K,2021-02-26,57,,0000831001-21-000042
831001,2021-03-31,10-Q,2021-05-06,36,,0000831001-21-000066
831001,2021-06-30,10-Q,2021-08-04,35,,0000831001-21-000126
831001,2021-09-30,10-Q,2021-11-08,39,,0000831001-21-000167
831001,2021-12-31,10-K,2022-02-28,59,,0000831001-22-000036
831001,2022-03-31,10-Q,2022-05-09,39,,0000831001-22-000056
831001,2022-06-30,10-Q,2022-08-04,35,,0000831001-22-000111
831001,2022-09-30,10-Q,2022-11-04,35,,0000831001-22-000146
831001,2022-12-31,10-K,2023-02-27,58,,0000831001-23-000037
831001,2023-03-31,10-Q,2023-05-05,35,,0000831001-23-000055
831001,2023-06-30,10-Q,2023-08-04,35,,0000831001-23-000097
831001,2023-09-30,10-Q,2023-11-03,34,,0000831001-23-000132
831001,2023-12-31,10-K,2024-02-23,54,,0000831001-24-000033
831001,2024-03-31,10-Q,2024-05-03,33,,0000831001-24-000051
831001,2024-06-30,10-Q,2024-08-02,33,,0000831001-24-000100
831001,2024-09-30,10-Q,2024-11-07,38,,0000831001-24-000134
831001,2024-12-31,10-K,2025-02-21,52,,0000831001-25-000067
858877,2012-01-28,10-Q,2012-02-21,24,,0001193125-12-069159
858877,2012-04-28,10-Q,2012-05-23,25,,0001193125-12-244195
858877,2012-07-28,10-K,2012-09-12,46,,0001193125-12-388590
858877,2012-10-27,10-Q,2012-11-20,24,,0001445305-12-003709
858877,2013-01-26,10-Q,2013-02-19,24,,0000858877-13-000013
858877,2013-04-27,10-Q,2013-05-21,24,,0000858877-13-000026
858877,2013-07-27,10-K,2013-09-10,45,,0000858877-13-000049
858877,2013-10-26,10-Q,2013-11-22,27,,0000858877-13-000057
858877,2014-01-25,10-Q,2014-02-20,26,,0000858877-14-000009
858877,2014-04-26,10-Q,2014-05-22,26,,0000858877-14-000014
858877,2014-07-26,10-K,2014-09-09,45,,0000858877-14-000029
858877,2014-10-25,10-Q,2014-11-20,26,,0000858877-14-000043
858877,2015-01-24,10-Q,2015-02-18,25,,0000858877-15-000013
858877,2015-04-25,10-Q,2015-05-20,25,,0000858877-15-000051
858877,2015-07-25,10-K,2015-09-08,45,,0000858877-15-000070
858877,2015-10-24,10-Q,2015-11-19,26,,0000858877-15-000073
858877,2016-01-23,10-Q,2016-02-18,26,,0000858877-16-000090
858877,2016-04-30,10-Q,2016-05-24,24,,0000858877-16-000109
858877,2016-07-30,10-K,2016-09-08,40,,0000858877-16-000117
858877,2016-10-29,10-Q,2016-11-22,24,,0000858877-16-000123
858877,2017-01-28,10-Q,2017-02-21,24,,0000858877-17-000004
858877,2017-04-29,10-Q,2017-05-23,24,,0000858877-17-000010
858877,2017-07-29,10-K,2017-09-07,40,,0000858877-17-000016
858877,2017-10-28,10-Q,2017-11-21,24,,0000858877-17-000019
858877,2018-01-27,10-Q,2018-02-20,24,,0000858877-18-000004
858877,2018-04-28,10-Q,2018-05-22,24,,0000858877-18-000007
858877,2018-07-28,10-K,2018-09-06,40,,0000858877-18-000011
858877,2018-10-27,10-Q,2018-11-20,24,,0000858877-18-000015
858877,2019-01-26,10-Q,2019-02-19,24,,0000858877-19-000003
858877,2019-04-27,10-Q,2019-05-21,24,,0000858877-19-000007
858877,2019-07-27,10-K,2019-09-05,40,,0000858877-19-000012
858877,2019-10-26,10-Q,2019-11-19,24,,0000858877-19-000018
858877,2020-01-25,10-Q,2020-02-18,24,,0000858877-20-000004
858877,2020-04-25,10-Q,2020-05-18,23,,0000858877-20-000006
858877,2020-07-25,10-K,2020-09-03,40,,0000858877-20-000010
858877,2020-10-24,10-Q,2020-11-17,24,,0000858877-20-000015
858877,2021-01-23,10-Q,2021-02-16,24,,0000858877-21-000004
858877,2021-05-01,10-Q,2021-05-25,24,,0000858877-21-000008
858877,2021-07-31,10-K,2021-09-09,40,,0000858877-21-000013
858877,2021-10-30,10-Q,2021-11-23,24,,0000858877-21-000018
858877,2022-01-29,10-Q,2022-02-22,24,,0000858877-22-000004
858877,2022-04-30,10-Q,2022-05-25,25,,0000858877-22-000009
858877,2022-07-30,10-K,2022-09-08,40,,0000858877-22-000013
858877,2022-10-29,10-Q,2022-11-22,24,,0000858877-22-000025
858877,2023-01-28,10-Q,2023-02-21,24,,0000858877-23-000005
858877,2023-04-29,10-Q,2023-05-24,25,,0000858877-23-000013
858877,2023-07-29,10-K,2023-09-07,40,,0000858877-23-000023
858877,2023-10-28,10-Q,2023-11-21,24,,0000858877-23-000031
858877,2024-01-27,10-Q,2024-02-20,24,,0000858877-24-000003
858877,2024-04-27,10-Q,2024-05-21,24,,0000858877-24-000007
858877,2024-07-27,10-K,2024-09-05,40,,0000858877-24-000017
858877,2024-10-26,10-Q,2024-11-19,24,,0000858877-24-000030
860730,2012-03-31,10-Q,2012-05-09,39,,0001193125-12-219266
860730,2012-05-30,10-Q,2012-08-06,68,lag_long,0001193125-12-336196
860730,2012-09-30,10-Q,2012-11-06,37,,0001193125-12-454785
860730,2012-12-31,10-K,2013-02-27,58,,0001193125-13-077574
860730,2013-03-31,10-Q,2013-05-07,37,,0001193125-13-204804
860730,2013-06-30,10-Q,2013-08-07,38,,0001193125-13-322235
860730,2013-09-30,10-Q,2013-11-06,37,,0001193125-13-430423
860730,2013-12-31,10-K,2014-02-26,57,,0001193125-14-070000
860730,2014-03-31,10-Q,2014-05-06,36,,0001193125-14-185180
860730,2014-06-30,10-Q,2014-08-05,36,,0001193125-14-295912
860730,2014-09-30,10-Q,2014-11-04,35,,0001193125-14-396327
860730,2014-12-31,10-K,2015-02-26,57,,0001193125-15-065975
860730,2015-03-31,10-Q,2015-05-05,35,,0001193125-15-172306
860730,2015-06-30,10-Q,2015-08-05,36,,0001193125-15-278729
860730,2015-09-30,10-Q,2015-10-29,29,,0001193125-15-358150
860730,2015-12-31,10-K,2016-02-26,57,,0001193125-16-482165
860730,2016-03-31,10-Q,2016-05-06,36,,0001193125-16-582196
860730,2016-06-30,10-Q,2016-08-04,35,,0001193125-16-671884
860730,2016-09-30,10-Q,2016-11-03,34,,0001193125-16-758862
860730,2016-12-31,10-K,2017-02-22,53,,0001193125-17-052253
860730,2017-03-31,10-Q,2017-05-09,39,,0001193125-17-164353
860730,2017-06-30,10-Q,2017-08-04,35,,0001193125-17-248794
860730,2017-09-30,10-Q,2017-11-07,38,,0001193125-17-335751
860730,2017-12-31,10-K,2018-02-23,54,,0001193125-18-056057
860730,2018-03-31,10-Q,2018-05-08,38,,0001193125-18-156060
860730,2018-06-30,10-Q,2018-08-03,34,,0001193125-18-238342
860730,2018-09-30,10-Q,2018-11-06,37,,0001193125-18-319640
860730,2018-12-31,10-K,2019-02-21,52,,0001193125-19-047078
860730,2019-03-31,10-Q,2019-05-03,33,,0001193125-19-135292
860730,2019-06-30,10-Q,2019-08-02,33,,0001193125-19-212115
860730,2019-09-30,10-Q,2019-11-01,32,,0001193125-19-281996
860730,2019-12-31,10-K,2020-02-20,51,,0001193125-20-043524
860730,2020-03-31,10-Q,2020-05-06,36,,0001193125-20-135021
860730,2020-06-30,10-Q,2020-07-30,30,,0001193125-20-204191
860730,2020-09-30,10-Q,2020-10-29,29,,0001193125-20-281070
860730,2020-12-31,10-K,2021-02-19,50,,0001193125-21-048994
860730,2021-03-31,10-Q,2021-04-30,30,,0001193125-21-145306
860730,2021-06-30,10-Q,2021-08-02,33,,0001193125-21-233345
860730,2021-09-30,10-Q,2021-11-01,32,,0001193125-21-315476
860730,2021-12-31,10-K,2022-02-18,49,,0001193125-22-046707
860730,2022-03-31,10-Q,2022-05-03,33,,0000950170-22-007089
860730,2022-06-30,10-Q,2022-08-01,32,,0000950170-22-013683
860730,2022-09-30,10-Q,2022-11-01,32,,0000950170-22-020865
860730,2022-12-31,10-K,2023-02-17,48,,0000950170-23-003234
860730,2023-03-31,10-Q,2023-04-27,27,,0000950170-23-015314
860730,2023-06-30,10-Q,2023-08-02,33,,0000950170-23-037237
860730,2023-09-30,10-Q,2023-10-26,26,,0000950170-23-055641
860730,2023-12-31,10-K,2024-02-16,47,,0000950170-24-016524
860730,2024-03-31,10-Q,2024-05-02,32,,0000950170-24-052195
860730,2024-06-30,10-Q,2024-07-29,29,,0000950170-24-087322
860730,2024-09-30,10-Q,2024-10-31,31,,0000950170-24-119581
860730,2024-12-31,10-K,2025-02-14,45,,0000950170-25-020134
866374,2012-03-31,10-K,2012-05-29,59,,0001047469-12-006353
866374,2012-06-29,10-Q,2012-07-30,31,,0001104659-12-052187
866374,2012-09-28,10-Q,2012-10-26,28,,0001104659-12-071545
866374,2012-10-27,10-Q,2013-11-01,370,lag_long,0001104659-13-080056
866374,2012-12-31,10-Q,2013-02-04,35,,0001104659-13-007151
866374,2013-03-31,10-K,2013-05-28,58,,0001047469-13-006516
866374,2013-06-28,10-Q,2013-08-02,35,,0001104659-13-059063
866374,2013-12-31,10-Q,2014-01-31,31,,0001104659-14-005587
866374,2014-03-31,10-K,2014-05-20,50,,0001047469-14-005069
866374,2014-06-27,10-Q,2014-07-28,31,,0001104659-14-054018
866374,2014-09-26,10-Q,2014-10-30,34,,0001104659-14-075227
866374,2014-12-31,10-Q,2015-01-29,29,,0001104659-15-005354
866374,2015-03-31,10-K,2015-05-21,51,,0001047469-15-004931
866374,2015-06-26,10-Q,2015-07-27,31,,0001628280-15-005450
866374,2015-09-25,10-Q,2015-10-26,31,,0001628280-15-007847
866374,2015-12-31,10-Q,2016-02-01,32,,0001628280-16-010628
866374,2016-03-31,10-K,2016-05-20,50,,0001628280-16-016576
866374,2016-07-01,10-Q,2016-07-27,26,,0001628280-16-017813
866374,2016-09-30,10-Q,2016-10-31,31,,0000866374-16-000007
866374,2016-12-31,10-Q,2017-01-27,27,,0000866374-17-000002
866374,2017-03-31,10-K,2017-05-16,46,,0000866374-17-000005
866374,2017-06-30,10-Q,2017-08-01,32,,0000866374-17-000008
866374,2017-09-29,10-Q,2017-10-30,31,,0000866374-17-000012
866374,2017-12-31,10-Q,2018-01-29,29,,0000866374-18-000003
866374,2018-03-31,10-K,2018-06-14,75,,0000866374-18-000007
866374,2018-06-29,10-Q,2018-08-02,34,,0000866374-18-000010
866374,2018-09-28,10-Q,2018-11-02,35,,0000866374-18-000013
866374,2018-12-31,10-Q,2019-02-06,37,,0000866374-19-000003
866374,2019-03-31,10-K,2019-05-21,51,,0000866374-19-000006
866374,2019-06-28,10-Q,2019-07-26,28,,0000866374-19-000010
866374,2019-09-27,10-Q,2019-10-30,33,,0000866374-19-000013
866374,2019-12-31,10-Q,2020-01-31,31,,0000866374-20-000003
866374,2020-03-31,10-K,2020-05-28,58,,0000866374-20-000009
866374,2020-06-26,10-Q,2020-08-05,40,,0000866374-20-000012
866374,2020-09-25,10-Q,2020-11-02,38,,0000866374-20-000030
866374,2020-12-31,10-Q,2021-01-29,29,,0000866374-21-000019
866374,2021-03-31,10-K,2021-05-19,49,,0000866374-21-000030
866374,2021-07-02,10-Q,2021-07-30,28,,0000866374-21-000043
866374,2021-10-01,10-Q,2021-10-29,28,,0000866374-21-000062
866374,2021-12-31,10-Q,2022-02-04,35,,0000866374-22-000016
866374,2022-03-31,10-K,2022-05-20,50,,0000866374-22-000035
866374,2022-07-01,10-Q,2022-07-29,28,,0000866374-22-000052
866374,2022-09-30,10-Q,2022-10-31,31,,0000866374-22-000074
866374,2022-12-31,10-Q,2023-01-27,27,,0000866374-23-000007
866374,2023-03-31,10-K,2023-05-19,49,,0000866374-23-000028
866374,2023-06-30,10-Q,2023-07-31,31,,0000866374-23-000058
866374,2023-09-29,10-Q,2023-10-30,31,,0000866374-23-000066
866374,2023-12-31,10-Q,2024-02-02,33,,0000866374-24-000012
866374,2024-03-31,10-K,2024-05-17,47,,0000866374-24-000021
866374,2024-06-28,10-Q,2024-07-26,28,,0000866374-24-000034
866374,2024-09-27,10-Q,2024-10-31,34,,0000866374-24-000053
866374,2024-12-31,10-Q,2025-01-31,31,,0000866374-25-000008
882095,2012-03-31,10-Q,2012-05-04,34,,0001445305-12-001487
882095,2012-06-30,10-Q,2012-08-01,32,,0000882095-12-000013
882095,2012-09-30,10-Q,2012-11-06,37,,0000882095-12-000029
882095,2012-12-31,10-K,2013-02-27,58,,0000882095-13-000015
882095,2013-03-31,10-Q,2013-05-08,38,,0000882095-13-000029
882095,2013-06-30,10-Q,2013-08-01,32,,0000882095-13-000038
882095,2013-09-30,10-Q,2013-10-31,31,,0000882095-13-000046
882095,2013-12-31,10-K,2014-02-25,56,,0000882095-14-000013
882095,2014-03-31,10-Q,2014-05-07,37,,0000882095-14-000024
882095,2014-06-30,10-Q,2014-08-04,35,,0000882095-14-000038
882095,2014-09-30,10-Q,2014-11-05,36,,0000882095-14-000051
882095,2014-12-31,10-K,2015-02-25,56,,0000882095-15-000008
882095,2015-03-31,10-Q,2015-05-08,38,,0000882095-15-000017
882095,2015-06-30,10-Q,2015-08-05,36,,0000882095-15-000026
882095,2015-09-30,10-Q,2015-11-04,35,,0000882095-15-000033
882095,2015-12-31,10-K,2016-02-24,55,,0000882095-16-000039
882095,2016-03-31,10-Q,2016-05-06,36,,0000882095-16-000046
882095,2016-06-30,10-Q,2016-08-05,36,,0000882095-16-000054
882095,2016-09-30,10-Q,2016-11-07,38,,0000882095-16-000060
882095,2016-12-31,10-K,2017-02-27,58,,0000882095-17-000006
882095,2017-03-31,10-Q,2017-05-10,40,,0000882095-17-000013
882095,2017-06-30,10-Q,2017-08-07,38,,0000882095-17-000020
882095,2017-09-30,10-Q,2017-11-07,38,,0000882095-17-000027
882095,2017-12-31,10-K,2018-02-27,58,,0000882095-18-000008
882095,2018-03-31,10-Q,2018-05-09,39,,0000882095-18-000015
882095,2018-06-30,10-Q,2018-08-06,37,,0000882095-18-000022
882095,2018-09-30,10-Q,2018-11-06,37,,0000882095-18-000029
882095,2018-12-31,10-K,2019-02-26,57,,0000882095-19-000006
882095,2019-03-31,10-Q,2019-05-08,38,,0000882095-19-000014
882095,2019-06-30,10-Q,2019-08-06,37,,0000882095-19-000020
882095,2019-09-30,10-Q,2019-11-05,36,,0000882095-19-000027
882095,2019-12-31,10-K,2020-02-25,56,,0000882095-20-000006
882095,2020-03-31,10-Q,2020-05-06,36,,0000882095-20-000013
882095,2020-06-30,10-Q,2020-08-06,37,,0000882095-20-000019
882095,2020-09-30,10-Q,2020-11-04,35,,0000882095-20-000027
882095,2020-12-31,10-K,2021-02-25,56,,0000882095-21-000008
882095,2021-03-31,10-Q,2021-05-06,36,,0000882095-21-000013
882095,2021-06-30,10-Q,2021-08-05,36,,0000882095-21-000021
882095,2021-09-30,10-Q,2021-11-03,34,,0000882095-21-000029
882095,2021-12-31,10-K,2022-02-23,54,,0000882095-22-000007
882095,2022-03-31,10-Q,2022-05-04,34,,0000882095-22-000013
882095,2022-06-30,10-Q,2022-08-08,39,,0000882095-22-000019
882095,2022-09-30,10-Q,2022-11-02,33,,0000882095-22-000027
882095,2022-12-31,10-K,2023-02-22,53,,0000882095-23-000007
882095,2023-03-31,10-Q,2023-05-03,33,,0000882095-23-000017
882095,2023-06-30,10-Q,2023-08-04,35,,0000882095-23-000025
882095,2023-09-30,10-Q,2023-11-07,38,,0000882095-23-000031
882095,2023-12-31,10-K,2024-02-23,54,,0000882095-24-000007
882095,2024-03-31,10-Q,2024-05-08,38,,0000882095-24-000013
882095,2024-06-30,10-Q,2024-08-08,39,,0000882095-24-000022
882095,2024-09-30,10-Q,2024-11-12,43,,0000882095-24-000028
882095,2024-12-31,10-K,2025-02-28,59,,0000882095-25-000006
882184,2012-03-31,10-Q,2012-04-23,23,,0001193125-12-175867
882184,2012-06-30,10-Q,2012-07-27,27,,0000882184-12-000031
882184,2012-09-30,10-K,2012-11-16,47,,0000882184-12-000065
882184,2012-12-31,10-Q,2013-01-29,29,,0000882184-13-000012
882184,2013-03-31,10-Q,2013-04-26,26,,0000882184-13-000041
882184,2013-06-30,10-Q,2013-07-25,25,,0000882184-13-000053
882184,2013-09-30,10-K,2013-11-26,57,,0000882184-13-000084
882184,2013-12-31,10-Q,2014-01-28,28,,0000882184-14-000024
882184,2014-03-31,10-Q,2014-04-24,24,,0000882184-14-000057
882184,2014-06-30,10-Q,2014-07-24,24,,0000882184-14-000070
882184,2014-09-30,10-K,2014-11-18,49,,0000882184-14-000097
882184,2014-12-31,10-Q,2015-01-27,27,,0000882184-15-000017
882184,2015-03-31,10-Q,2015-04-24,24,,0000882184-15-000051
882184,2015-06-30,10-Q,2015-07-28,28,,0000882184-15-000064
882184,2015-09-30,10-K,2015-11-19,50,,0000882184-15-000085
882184,2015-12-31,10-Q,2016-01-28,28,,0000882184-16-000122
882184,2016-03-31,10-Q,2016-04-25,25,,0000882184-16-000164
882184,2016-06-30,10-Q,2016-07-26,26,,0000882184-16-000178
882184,2016-09-30,10-K,2016-11-18,49,,0000882184-16-000203
882184,2016-12-31,10-Q,2017-01-25,25,,0000882184-17-000020
882184,2017-03-31,10-Q,2017-04-25,25,,0000882184-17-000073
882184,2017-06-30,10-Q,2017-07-27,27,,0000882184-17-000080
882184,2017-09-30,10-K,2017-11-15,46,,0000882184-17-000103
882184,2017-12-31,10-Q,2018-02-08,39,,0000882184-18-000019
882184,2018-03-31,10-Q,2018-04-30,30,,0000882184-18-000075
882184,2018-06-30,10-Q,2018-07-27,27,,0000882184-18-000083
882184,2018-09-30,10-K,2018-11-16,47,,0000882184-18-000120
882184,2018-12-31,10-Q,2019-01-29,29,,0000882184-19-000022
882184,2019-03-31,10-Q,2019-04-30,30,,0000882184-19-000096
882184,2019-06-30,10-Q,2019-07-31,31,,0000882184-19-000107
882184,2019-09-30,10-K,2019-11-25,56,,0000882184-19-000147
882184,2019-12-31,10-Q,2020-01-28,28,,0000882184-20-000017
882184,2020-03-31,10-Q,2020-04-29,29,,0000882184-20-000099
882184,2020-06-30,10-Q,2020-07-30,30,,0000882184-20-000112
882184,2020-09-30,10-K,2020-11-20,51,,0000882184-20-000143
882184,2020-12-31,10-Q,2021-01-27,27,,0000882184-21-000021
882184,2021-03-31,10-Q,2021-04-26,26,,0000882184-21-000126
882184,2021-06-30,10-Q,2021-07-23,23,,0000882184-21-000152
882184,2021-09-30,10-K,2021-11-18,49,,0000882184-21-000190
882184,2021-12-31,10-Q,2022-02-02,33,,0000882184-22-000024
882184,2022-03-31,10-Q,2022-04-27,27,,0000882184-22-000115
882184,2022-06-30,10-Q,2022-07-22,22,,0000882184-22-000152
882184,2022-09-30,10-K,2022-11-18,49,,0000882184-22-000184
882184,2022-12-31,10-Q,2023-01-25,25,,0000882184-23-000015
882184,2023-03-31,10-Q,2023-04-24,24,,0000882184-23-000084
882184,2023-06-30,10-Q,2023-07-24,24,,0000882184-23-000093
882184,2023-09-30,10-K,2023-11-17,48,,0000882184-23-000115
882184,2023-12-31,10-Q,2024-01-24,24,,0000882184-24-000014
882184,2024-03-31,10-Q,2024-04-23,23,,0000882184-24-000027
882184,2024-06-30,10-Q,2024-07-23,23,,0000882184-24-000039
882184,2024-09-30,10-K,2024-11-19,50,,0000882184-24-000057
882184,2024-12-31,10-Q,2025-01-23,23,,0000882184-25-000014
898293,2012-02-29,10-Q,2012-04-06,37,,0001193125-12-153637
898293,2012-05-31,10-Q,2012-07-03,33,,0001193125-12-293558
898293,2012-08-31,10-K,2012-10-25,55,,0001193125-12-435503
898293,2012-11-30,10-Q,2013-01-08,39,,0001193125-13-006897
898293,2013-02-28,10-Q,2013-04-05,36,,0001193125-13-144069
898293,2013-05-31,10-Q,2013-07-02,32,,0001193125-13-281174
898293,2013-08-31,10-K,2013-10-28,58,,0001193125-13-413660
898293,2013-11-30,10-Q,2014-01-09,40,,0001193125-14-006645
898293,2014-02-28,10-Q,2014-04-07,38,,0001193125-14-133526
898293,2014-05-31,10-Q,2014-06-30,30,,0001193125-14-255736
898293,2014-08-31,10-K,2014-10-21,51,,0001193125-14-377410
898293,2014-11-30,10-Q,2015-01-09,40,,0001193125-15-006471
898293,2015-02-28,10-Q,2015-04-07,38,,0001193125-15-121359
898293,2015-05-31,10-Q,2015-06-22,22,,0001193125-15-230422
898293,2015-08-31,10-K,2015-10-16,46,,0001193125-15-345706
898293,2015-11-30,10-Q,2016-01-06,37,,0001193125-16-422561
898293,2016-02-29,10-Q,2016-04-05,36,,0001193125-16-530833
898293,2016-05-31,10-Q,2016-06-30,30,,0001193125-16-638261
898293,2016-08-31,10-K,2016-10-20,50,,0001193125-16-742815
898293,2016-11-30,10-Q,2017-01-09,40,,0001193125-17-005745
898293,2017-02-28,10-Q,2017-04-05,36,,0001193125-17-111778
898293,2017-05-31,10-Q,2017-06-30,30,,0001193125-17-219901
898293,2017-08-31,10-K,2017-10-19,49,,0001193125-17-313834
898293,2017-11-30,10-Q,2018-01-04,35,,0001193125-18-002956
898293,2018-02-28,10-Q,2018-04-05,36,,0001193125-18-108777
898293,2018-05-31,10-Q,2018-06-28,28,,0001193125-18-207639
898293,2018-08-31,10-K,2018-10-19,49,,0001193125-18-303041
898293,2018-11-30,10-Q,2019-01-09,40,,0001193125-19-005404
898293,2019-02-28,10-Q,2019-04-04,35,,0001193125-19-097892
898293,2019-05-31,10-Q,2019-06-28,28,,0001193125-19-186025
898293,2019-08-31,10-K,2019-10-22,52,,0001193125-19-271646
898293,2019-11-30,10-Q,2020-01-03,34,,0001193125-20-001434
898293,2020-02-29,10-Q,2020-04-01,32,,0001193125-20-094625
898293,2020-05-31,10-Q,2020-06-29,29,,0001193125-20-183269
898293,2020-08-31,10-K,2020-10-22,52,,0001193125-20-274411
898293,2020-11-30,10-Q,2021-01-08,39,,0001193125-21-004678
898293,2021-02-28,10-Q,2021-04-02,33,,0001193125-21-104662
898293,2021-05-31,10-Q,2021-07-02,32,,0001193125-21-207682
898293,2021-08-31,10-K,2021-10-22,52,,0001193125-21-305429
898293,2021-11-30,10-Q,2022-01-07,38,,0001193125-22-004029
898293,2022-02-28,10-Q,2022-04-01,32,,0001193125-22-092806
898293,2022-05-31,10-Q,2022-07-01,31,,0001193125-22-186715
898293,2022-08-31,10-K,2022-10-25,55,,0001193125-22-268383
898293,2022-11-30,10-Q,2023-01-06,37,,0001193125-23-003543
898293,2023-02-28,10-Q,2023-04-05,36,,0001193125-23-091542
898293,2023-05-31,10-Q,2023-06-30,30,,0001193125-23-179422
898293,2023-08-31,10-K,2023-10-20,50,,0001193125-23-259599
898293,2023-11-30,10-Q,2024-01-09,40,,0001193125-24-004852
898293,2024-02-29,10-Q,2024-04-05,36,,0001628280-24-014951
898293,2024-05-31,10-Q,2024-07-09,39,,0001628280-24-031429
898293,2024-08-31,10-K,2024-10-28,58,,0001628280-24-043960
898293,2024-11-30,10-Q,2025-01-10,41,,0001628280-25-001058
899051,2012-03-31,10-Q,2012-05-02,32,,0001104659-12-032030
899051,2012-06-30,10-Q,2012-07-31,31,,0001104659-12-052735
899051,2012-09-30,10-Q,2012-10-31,31,,0001104659-12-072705
899051,2012-12-31,10-K,2013-02-20,51,,0001047469-13-001288
899051,2013-03-31,10-Q,2013-05-01,31,,0001104659-13-035969
899051,2013-06-30,10-Q,2013-07-31,31,,0001104659-13-058369
899051,2013-09-30,10-Q,2013-10-30,30,,0001104659-13-079237
899051,2013-12-31,10-K,2014-02-20,51,,0001047469-14-001083
899051,2014-03-31,10-Q,2014-05-06,36,,0001104659-14-035224
899051,2014-06-30,10-Q,2014-07-30,30,,0001104659-14-054946
899051,2014-09-30,10-Q,2014-10-29,29,,0001104659-14-074832
899051,2014-12-31,10-K,2015-02-19,50,,0001047469-15-000935
899051,2015-03-31,10-Q,2015-05-05,35,,0000899051-15-000011
899051,2015-06-30,10-Q,2015-08-03,34,,0000899051-15-000025
899051,2015-09-30,10-Q,2015-11-02,33,,0000899051-15-000032
899051,2015-12-31,10-K,2016-02-19,50,,0000899051-16-000040
899051,2016-03-31,10-Q,2016-05-04,34,,0000899051-16-000048
899051,2016-06-30,10-Q,2016-08-03,34,,0000899051-16-000070
899051,2016-09-30,10-Q,2016-11-02,33,,0000899051-16-000082
899051,2016-12-31,10-K,2017-02-17,48,,0000899051-17-000005
899051,2017-03-31,10-Q,2017-05-02,32,,0000899051-17-000012
899051,2017-06-30,10-Q,2017-08-01,32,,0000899051-17-000044
899051,2017-09-30,10-Q,2017-11-01,32,,0000899051-17-000055
899051,2017-12-31,10-K,2018-02-26,57,,0000899051-18-000007
899051,2018-03-31,10-Q,2018-05-01,31,,0000899051-18-000017
899051,2018-06-30,10-Q,2018-08-01,32,,0000899051-18-000044
899051,2018-09-30,10-Q,2018-10-31,31,,0000899051-18-000056
899051,2018-12-31,10-K,2019-02-15,46,,0000899051-19-000007
899051,2019-03-31,10-Q,2019-05-01,31,,0000899051-19-000022
899051,2019-06-30,10-Q,2019-07-30,30,,0000899051-19-000060
899051,2019-09-30,10-Q,2019-10-29,29,,0000899051-19-000072
899051,2019-12-31,10-K,2020-02-21,52,,0000899051-20-000013
899051,2020-03-31,10-Q,2020-05-05,35,,0000899051-20-000029
899051,2020-06-30,10-Q,2020-08-04,35,,0000899051-20-000054
899051,2020-09-30,10-Q,2020-11-04,35,,0000899051-20-000078
899051,2020-12-31,10-K,2021-02-22,53,,0000899051-21-000011
899051,2021-03-31,10-Q,2021-05-05,35,,0000899051-21-000036
899051,2021-06-30,10-Q,2021-08-04,35,,0000899051-21-000071
899051,2021-09-30,10-Q,2021-11-03,34,,0000899051-21-000103
899051,2021-12-31,10-K,2022-02-18,49,,0000899051-22-000015
899051,2022-03-31,10-Q,2022-05-04,34,,0000899051-22-000030
899051,2022-06-30,10-Q,2022-08-03,34,,0000899051-22-000051
899051,2022-09-30,10-Q,2022-11-02,33,,0000899051-22-000079
899051,2022-12-31,10-K,2023-02-16,47,,0000899051-23-000020
899051,2023-03-31,10-Q,2023-05-03,33,,0000899051-23-000037
899051,2023-06-30,10-Q,2023-08-01,32,,0000899051-23-000063
899051,2023-09-30,10-Q,2023-11-01,32,,0000899051-23-000076
899051,2023-12-31,10-K,2024-02-21,52,,0000899051-24-000013
899051,2024-03-31,10-Q,2024-05-01,31,,0000899051-24-000024
899051,2024-06-30,10-Q,2024-07-31,31,,0000899051-24-000054
899051,2024-09-30,10-Q,2024-10-30,30,,0000899051-24-000083
899051,2024-12-31,10-K,2025-02-24,55,,0000899051-25-000015
909832,2012-02-12,10-Q,2012-03-15,32,,0001193125-12-115279
909832,2012-05-06,10-Q,2012-06-06,31,,0001193125-12-261925
909832,2012-09-02,10-K,2012-10-19,47,,0001193125-12-428890
909832,2012-11-25,10-Q,2012-12-21,26,,0001193125-12-512914
909832,2013-02-17,10-Q,2013-03-20,31,,0001193125-13-117085
909832,2013-05-12,10-Q,2013-06-11,30,,0001445305-13-001463
909832,2013-09-01,10-K,2013-10-16,45,,0001445305-13-002422
909832,2013-11-24,10-Q,2013-12-20,26,,0000909832-13-000011
909832,2014-02-16,10-Q,2014-03-14,26,,0000909832-14-000008
909832,2014-05-11,10-Q,2014-06-05,25,,0000909832-14-000015
909832,2014-08-31,10-K,2014-10-15,45,,0000909832-14-000021
909832,2014-11-23,10-Q,2014-12-18,25,,0000909832-14-000026
909832,2015-02-15,10-Q,2015-03-11,24,,0000909832-15-000003
909832,2015-05-10,10-Q,2015-06-04,25,,0000909832-15-000008
909832,2015-08-30,10-K,2015-10-14,45,,0000909832-15-000014
909832,2015-11-22,10-Q,2015-12-18,26,,0000909832-15-000017
909832,2016-02-14,10-Q,2016-03-09,24,,0000909832-16-000023
909832,2016-05-08,10-Q,2016-06-01,24,,0000909832-16-000028
909832,2016-08-28,10-K,2016-10-12,45,,0000909832-16-000032
909832,2016-11-20,10-Q,2016-12-16,26,,0000909832-16-000040
909832,2017-02-12,10-Q,2017-03-09,25,,0000909832-17-000004
909832,2017-05-07,10-Q,2017-06-01,25,,0000909832-17-000009
909832,2017-09-03,10-K,2017-10-18,45,,0000909832-17-000014
909832,2017-11-26,10-Q,2017-12-21,25,,0000909832-17-000022
909832,2018-02-18,10-Q,2018-03-15,25,,0000909832-18-000002
909832,2018-05-13,10-Q,2018-06-07,25,,0000909832-18-000008
909832,2018-09-02,10-K,2018-10-26,54,,0000909832-18-000013
909832,2018-11-25,10-Q,2018-12-20,25,,0000909832-18-000022
909832,2019-02-17,10-Q,2019-03-13,24,,0000909832-19-000003
909832,2019-05-12,10-Q,2019-06-06,25,,0000909832-19-000013
909832,2019-09-01,10-K,2019-10-11,40,,0000909832-19-000019
909832,2019-11-24,10-Q,2019-12-23,29,,0000909832-19-000033
909832,2020-02-16,10-Q,2020-03-12,25,,0000909832-20-000004
909832,2020-05-10,10-Q,2020-06-04,25,,0000909832-20-000009
909832,2020-08-30,10-K,2020-10-07,38,,0000909832-20-000017
909832,2020-11-22,10-Q,2020-12-16,24,,0000909832-20-000026
909832,2021-02-14,10-Q,2021-03-10,24,,0000909832-21-000003
909832,2021-05-09,10-Q,2021-06-03,25,,0000909832-21-000008
909832,2021-08-29,10-K,2021-10-06,38,,0000909832-21-000014
909832,2021-11-21,10-Q,2021-12-22,31,,0000909832-21-000021
909832,2022-02-13,10-Q,2022-03-10,25,,0000909832-22-000005
909832,2022-05-08,10-Q,2022-06-02,25,,0000909832-22-000014
909832,2022-08-28,10-K,2022-10-05,38,,0000909832-22-000021
909832,2022-11-20,10-Q,2022-12-29,39,,0000909832-22-000035
909832,2023-02-12,10-Q,2023-03-09,25,,0000909832-23-000014
909832,2023-05-07,10-Q,2023-06-01,25,,0000909832-23-000028
909832,2023-09-03,10-K,2023-10-11,38,,0000909832-23-000042
909832,2023-11-26,10-Q,2023-12-20,24,,0000909832-23-000065
909832,2024-02-18,10-Q,2024-03-13,24,,0000909832-24-000017
909832,2024-05-12,10-Q,2024-06-06,25,,0000909832-24-000029
909832,2024-09-01,10-K,2024-10-09,38,,0000909832-24-000049
909832,2024-11-24,10-Q,2024-12-19,25,,0000909832-24-000079
913760,2012-03-31,10-Q,2012-05-09,39,,0000913760-12-000052
913760,2012-06-30,10-Q,2012-08-08,39,,0000913760-12-000079
913760,2012-09-30,10-K,2012-12-12,73,,0000913760-12-000116
913760,2012-12-31,10-Q,2013-02-07,38,,0000913760-13-000026
913760,2013-03-31,10-Q,2013-05-08,38,,0000913760-13-000081
913760,2013-06-30,10-Q,2013-08-07,38,,0000913760-13-000139
913760,2013-09-30,10-K,2014-01-15,107,,0000913760-14-000006
913760,2013-12-31,10-Q,2014-02-10,41,,0000913760-14-000029
913760,2014-03-31,10-Q,2014-05-07,37,,0000913760-14-000077
913760,2014-06-30,10-Q,2014-08-06,37,,0000913760-14-000110
913760,2014-09-30,10-K,2014-12-10,71,,0000913760-14-000155
913760,2014-12-31,10-Q,2015-02-09,40,,0000913760-15-000029
913760,2015-03-31,10-Q,2015-05-07,37,,0000913760-15-000092
913760,2015-06-30,10-Q,2015-08-06,37,,0000913760-15-000125
913760,2015-09-30,10-K,2015-12-09,70,,0000913760-15-000180
913760,2015-12-31,10-Q,2016-02-09,40,,0000913760-16-000230
913760,2016-03-31,10-Q,2016-05-04,34,,0000913760-16-000278
913760,2016-06-30,10-Q,2016-08-03,34,,0000913760-16-000308
913760,2016-09-30,10-K,2016-12-14,75,,0000913760-16-000359
913760,2016-12-31,10-Q,2017-02-08,39,,0000913760-17-000021
913760,2017-03-31,10-Q,2017-05-10,40,,0000913760-17-000067
913760,2017-06-30,10-Q,2017-08-08,39,,0000913760-17-000092
913760,2017-09-30,10-K,2017-12-14,75,,0000913760-17-000119
913760,2017-12-31,10-Q,2018-02-07,38,,0000913760-18-000022
913760,2018-03-31,10-Q,2018-05-08,38,,0000913760-18-000072
913760,2018-06-30,10-Q,2018-08-06,37,,0000913760-18-000126
913760,2018-09-30,10-K,2018-12-12,73,,0000913760-18-000157
913760,2018-12-31,10-Q,2019-02-07,38,,0000913760-19-000022
913760,2019-03-31,10-Q,2019-05-09,39,,0000913760-19-000080
913760,2019-06-30,10-Q,2019-08-09,40,,0000913760-19-000110
913760,2019-09-30,10-K,2019-12-12,73,,0000913760-19-000141
913760,2019-12-31,10-Q,2020-02-05,36,,0000913760-20-000025
913760,2020-03-31,10-Q,2020-05-07,37,,0000913760-20-000062
913760,2020-06-30,10-Q,2020-08-07,38,,0000913760-20-000136
913760,2020-09-30,10-K,2020-12-14,75,,0000913760-20-000206
913760,2020-12-31,10-Q,2021-02-08,39,,0000913760-21-000027
913760,2021-03-31,10-Q,2021-05-10,40,,0000913760-21-000077
913760,2021-06-30,10-Q,2021-08-09,40,,0000913760-21-000132
913760,2021-09-30,10-K,2021-11-29,60,,0000913760-21-000189
913760,2021-12-31,10-Q,2022-02-07,38,,0000913760-22-000029
913760,2022-03-31,10-Q,2022-05-04,34,,0000913760-22-000087
913760,2022-06-30,10-Q,2022-08-03,34,,0000913760-22-000133
913760,2022-09-30,10-K,2022-11-29,60,,0000913760-22-000174
913760,2022-12-31,10-Q,2023-02-07,38,,0000913760-23-000025
913760,2023-03-31,10-Q,2023-05-03,33,,0000913760-23-000075
913760,2023-06-30,10-Q,2023-08-02,33,,0000913760-23-000114
913760,2023-09-30,10-K,2023-11-24,55,,0000913760-23-000159
913760,2023-12-31,10-Q,2024-02-06,37,,0000913760-24-000025
913760,2024-03-31,10-Q,2024-05-09,39,,0000913760-24-000094
913760,2024-06-30,10-Q,2024-08-07,38,,0000913760-24-000138
913760,2024-09-30,10-K,2024-11-29,60,,0000913760-24-000187
913760,2024-12-31,10-Q,2025-02-05,36,,0000913760-25-000024
920760,2012-02-29,10-Q,2012-04-09,40,,0001193125-12-155306
920760,2012-05-31,10-Q,2012-07-10,40,,0001445305-12-002152
920760,2012-08-31,10-Q,2012-10-10,40,,0001445305-12-003093
920760,2012-11-30,10-K,2013-01-29,60,,0001445305-13-000116
920760,2013-02-28,10-Q,2013-04-09,40,,0001445305-13-000795
920760,2013-05-31,10-Q,2013-07-10,40,,0001445305-13-001606
920760,2013-08-31,10-Q,2013-10-10,40,,0001445305-13-002387
920760,2013-11-30,10-K,2014-01-28,59,,0001445305-14-000129
920760,2014-02-28,10-Q,2014-04-09,40,,0001445305-14-001306
920760,2014-05-31,10-Q,2014-07-03,33,,0001445305-14-002751
920760,2014-08-31,10-Q,2014-10-03,33,,0001445305-14-004238
920760,2014-11-30,10-K,2015-01-23,54,,0001628280-15-000218
920760,2015-02-28,10-Q,2015-04-03,34,,0001628280-15-002162
920760,2015-05-31,10-Q,2015-07-02,32,,0001628280-15-005207
920760,2015-08-31,10-Q,2015-10-09,39,,0001628280-15-007631
920760,2015-11-30,10-K,2016-01-22,53,,0001628280-16-010323
920760,2016-02-29,10-Q,2016-04-06,37,,0001628280-16-014061
920760,2016-05-31,10-Q,2016-07-01,31,,0001628280-16-017488
920760,2016-08-31,10-Q,2016-10-04,34,,0001628280-16-019933
920760,2016-11-30,10-K,2017-01-20,51,,0001628280-17-000327
920760,2017-02-28,10-Q,2017-04-10,41,,0001628280-17-003492
920760,2017-05-31,10-Q,2017-06-30,30,,0001628280-17-006864
920760,2017-08-31,10-Q,2017-10-10,40,,0001628280-17-009782
920760,2017-11-30,10-K,2018-01-25,56,,0001628280-18-000562
920760,2018-02-28,10-Q,2018-04-09,40,,0001628280-18-004111
920760,2018-05-31,10-Q,2018-07-06,36,,0001628280-18-009144
920760,2018-08-31,10-Q,2018-10-09,39,,0001628280-18-012397
920760,2018-11-30,10-K,2019-01-28,59,,0001628280-19-000598
920760,2019-02-28,10-Q,2019-04-08,39,,0001628280-19-004004
920760,2019-05-31,10-Q,2019-07-03,33,,0001628280-19-008570
920760,2019-08-31,10-Q,2019-10-08,38,,0001628280-19-012204
920760,2019-11-30,10-K,2020-01-27,58,,0001628280-20-000559
920760,2020-02-29,10-Q,2020-04-07,38,,0001628280-20-004762
920760,2020-05-31,10-Q,2020-07-06,36,,0001628280-20-010213
920760,2020-08-31,10-Q,2020-10-01,31,,0001628280-20-014126
920760,2020-11-30,10-K,2021-01-22,53,,0001628280-21-000722
920760,2021-02-28,10-Q,2021-04-01,32,,0001628280-21-006359
920760,2021-05-31,10-Q,2021-07-02,32,,0001628280-21-013462
920760,2021-08-31,10-Q,2021-10-01,31,,0001628280-21-019464
920760,2021-11-30,10-K,2022-01-28,59,,0001628280-22-001450
920760,2022-02-28,10-Q,2022-04-01,32,,0001628280-22-008166
920760,2022-05-31,10-Q,2022-07-01,31,,0001628280-22-018377
920760,2022-08-31,10-Q,2022-10-04,34,,0001628280-22-025896
920760,2022-11-30,10-K,2023-01-26,57,,0001628280-23-001606
920760,2023-02-28,10-Q,2023-04-04,35,,0001628280-23-010604
920760,2023-05-31,10-Q,2023-06-30,30,,0001628280-23-024026
920760,2023-08-31,10-Q,2023-09-29,29,,0001628280-23-033300
920760,2023-11-30,10-K,2024-01-26,57,,0001628280-24-002371
920760,2024-02-29,10-Q,2024-03-29,29,,0001628280-24-013820
920760,2024-05-31,10-Q,2024-06-28,28,,0001628280-24-030508
920760,2024-08-31,10-Q,2024-10-02,32,,0001628280-24-041915
920760,2024-11-30,10-K,2025-01-23,54,,0001628280-25-002404
927628,2012-03-31,10-Q,2012-05-08,38,,0001193125-12-216807
927628,2012-06-30,10-Q,2012-08-09,40,,0001193125-12-346704
927628,2012-09-30,10-Q,2012-11-08,39,,0001193125-12-459690
927628,2012-12-31,10-K,2013-02-28,59,,0001193125-13-084249
927628,2013-03-31,10-Q,2013-05-09,39,,0001193125-13-210712
927628,2013-06-30,10-Q,2013-08-08,39,,0001193125-13-326620
927628,2013-09-30,10-Q,2013-11-06,37,,0001193125-13-430469
927628,2013-12-31,10-K,2014-02-27,58,,0001193125-14-073467
927628,2014-03-31,10-Q,2014-05-06,36,,0001193125-14-185156
927628,2014-06-30,10-Q,2014-08-05,36,,0001193125-14-295896
927628,2014-09-30,10-Q,2014-11-03,34,,0000927628-14-000020
927628,2014-12-31,10-K,2015-02-24,55,,0000927628-15-000026
927628,2015-03-31,10-Q,2015-05-05,35,,0000927628-15-000052
927628,2015-06-30,10-Q,2015-08-03,34,,0000927628-15-000083
927628,2015-09-30,10-Q,2015-11-02,33,,0000927628-15-000106
927628,2015-12-31,10-K,2016-02-25,56,,0000927628-16-000140
927628,2016-03-31,10-Q,2016-05-04,34,,0000927628-16-000160
927628,2016-06-30,10-Q,2016-08-01,32,,0000927628-16-000200
927628,2016-09-30,10-Q,2016-11-03,34,,0000927628-16-000228
927628,2016-12-31,10-K,2017-02-23,54,,0000927628-17-000115
927628,2017-03-31,10-Q,2017-05-03,33,,0000927628-17-000179
927628,2017-06-30,10-Q,2017-07-28,28,,0000927628-17-000246
927628,2017-09-30,10-Q,2017-11-01,32,,0000927628-17-000279
927628,2017-12-31,10-K,2018-02-21,52,,0000927628-18-000107
927628,2018-03-31,10-Q,2018-05-02,32,,0000927628-18-000179
927628,2018-06-30,10-Q,2018-07-27,27,,0000927628-18-000281
927628,2018-09-30,10-Q,2018-11-01,32,,0000927628-18-000317
927628,2018-12-31,10-K,2019-02-20,51,,0000927628-19-000093
927628,2019-03-31,10-Q,2019-05-01,31,,0000927628-19-000177
927628,2019-06-30,10-Q,2019-07-31,31,,0000927628-19-000274
927628,2019-09-30,10-Q,2019-10-31,31,,0000927628-19-000312
927628,2019-12-31,10-K,2020-02-20,51,,0000927628-20-000102
927628,2020-03-31,10-Q,2020-05-01,31,,0000927628-20-000173
927628,2020-06-30,10-Q,2020-08-06,37,,0000927628-20-000242
927628,2020-09-30,10-Q,2020-11-02,33,,0000927628-20-000286
927628,2020-12-31,10-K,2021-02-25,56,,0000927628-21-000094
927628,2021-03-31,10-Q,2021-05-07,37,,0000927628-21-000175
927628,2021-06-30,10-Q,2021-07-30,30,,0000927628-21-000256
927628,2021-09-30,10-Q,2021-11-05,36,,0000927628-21-000309
927628,2021-12-31,10-K,2022-02-25,56,,0000927628-22-000106
927628,2022-03-31,10-Q,2022-05-10,40,,0000927628-22-000195
927628,2022-06-30,10-Q,2022-07-29,29,,0000927628-22-000246
927628,2022-09-30,10-Q,2022-11-04,35,,0000927628-22-000306
927628,2022-12-31,10-K,2023-02-24,55,,0000927628-23-000117
927628,2023-03-31,10-Q,2023-05-05,35,,0000927628-23-000168
927628,2023-06-30,10-Q,2023-07-27,27,,0000927628-23-000250
927628,2023-09-30,10-Q,2023-11-02,33,,0000927628-23-000296
927628,2023-12-31,10-K,2024-02-23,54,,0000927628-24-000094
927628,2024-03-31,10-Q,2024-05-02,32,,0000927628-24-000174
927628,2024-06-30,10-Q,2024-08-01,32,,0000927628-24-000264
927628,2024-09-30,10-Q,2024-10-31,31,,0000927628-24-000306
927628,2024-12-31,10-K,2025-02-20,51,,0000927628-25-000092
927653,2012-03-31,10-K,2012-05-02,32,,0001193125-12-204736
927653,2012-06-30,10-Q,2012-07-26,26,,0001193125-12-316890
927653,2012-09-30,10-Q,2012-10-25,25,,0001558803-12-000004
927653,2012-12-31,10-Q,2013-01-31,31,,0001561787-13-000004
927653,2013-03-31,10-K,2013-05-07,37,,0001561787-13-000010
927653,2013-06-30,10-Q,2013-07-25,25,,0001561787-13-000013
927653,2013-09-30,10-Q,2013-10-24,24,,0001445305-13-002484
927653,2013-12-31,10-Q,2014-01-30,30,,0001445305-14-000159
927653,2014-03-31,10-K,2014-05-14,44,,0001445305-14-002132
927653,2014-06-30,10-Q,2014-07-31,31,,0001445305-14-003299
927653,2014-09-30,10-Q,2014-10-28,28,,0001445305-14-004514
927653,2014-12-31,10-Q,2015-02-05,36,,0001628280-15-000491
927653,2015-03-31,10-K,2015-05-12,42,,0001628280-15-004098
927653,2015-06-30,10-Q,2015-07-29,29,,0000927653-15-000006
927653,2015-09-30,10-Q,2015-10-29,29,,0000927653-15-000013
927653,2015-12-31,10-Q,2016-01-27,27,,0000927653-16-000016
927653,2016-03-31,10-K,2016-05-05,35,,0000927653-16-000020
927653,2016-06-30,10-Q,2016-07-27,27,,0000927653-16-000024
927653,2016-09-30,10-Q,2016-10-27,27,,0000927653-16-000031
927653,2016-12-31,10-Q,2017-01-26,26,,0000927653-17-000003
927653,2017-03-31,10-K,2017-05-22,52,,0000927653-17-000007
927653,2017-06-30,10-Q,2017-07-27,27,,0000927653-17-000011
927653,2017-09-30,10-Q,2017-10-27,27,,0000927653-17-000018
927653,2017-12-31,10-Q,2018-02-01,32,,0000927653-18-000005
927653,2018-03-31,10-K,2018-05-24,54,,0000927653-18-000010
927653,2018-06-30,10-Q,2018-07-26,26,,0000927653-18-000015
927653,2018-09-30,10-Q,2018-10-25,25,,0000927653-18-000020
927653,2018-12-31,10-Q,2019-01-31,31,,0000927653-19-000005
927653,2019-03-31,10-K,2019-05-15,45,,0000927653-19-000009
927653,2019-06-30,10-Q,2019-08-01,32,,0000927653-19-000015
927653,2019-09-30,10-Q,2019-10-30,30,,0000927653-19-000021
927653,2019-12-31,10-Q,2020-02-04,35,,0000927653-20-000016
927653,2020-03-31,10-K,2020-05-22,52,,0000927653-20-000033
927653,2020-06-30,10-Q,2020-08-03,34,,0000927653-20-000061
927653,2020-09-30,10-Q,2020-11-03,34,,0000927653-20-000093
927653,2020-12-31,10-Q,2021-02-02,33,,0000927653-21-000013
927653,2021-03-31,10-K,2021-05-12,42,,0000927653-21-000039
927653,2021-06-30,10-Q,2021-08-05,36,,0000927653-21-000065
927653,2021-09-30,10-Q,2021-11-02,33,,0000927653-21-000098
927653,2021-12-31,10-Q,2022-02-03,34,,0000927653-22-000017
927653,2022-03-31,10-K,2022-05-09,39,,0000927653-22-000051
927653,2022-06-30,10-Q,2022-08-04,35,,0000927653-22-000077
927653,2022-09-30,10-Q,2022-11-02,33,,0000927653-22-000097
927653,2022-12-31,10-Q,2023-02-02,33,,0000927653-23-000017
927653,2023-03-31,10-K,2023-05-09,39,,0000927653-23-000038
927653,2023-06-30,10-Q,2023-08-02,33,,0000927653-23-000062
927653,2023-09-30,10-Q,2023-11-02,33,,0000927653-23-000083
927653,2023-12-31,10-Q,2024-02-08,39,,0000927653-24-000021
927653,2024-03-31,10-K,2024-05-08,38,,0000927653-24-000035
927653,2024-06-30,10-Q,2024-08-07,38,,0000927653-24-000098
927653,2024-09-30,10-Q,2024-11-07,38,,0000927653-24-000125
927653,2024-12-31,10-Q,2025-02-06,37,,0000927653-25-000014
936468,2012-03-25,10-Q,2012-04-26,32,,0001193125-12-186246
936468,2012-06-24,10-Q,2012-07-25,31,,0001193125-12-314590
936468,2012-09-30,10-Q,2012-10-25,25,,0001193125-12-435648
936468,2012-12-31,10-K,2013-02-28,59,,0001193125-13-082873
936468,2013-03-31,10-Q,2013-04-25,25,,0001193125-13-170973
936468,2013-06-30,10-Q,2013-07-24,24,,0001193125-13-300659
936468,2013-09-29,10-Q,2013-10-25,26,,0001193125-13-410108
936468,2013-12-31,10-K,2014-02-14,45,,0001193125-14-055034
936468,2014-03-30,10-Q,2014-04-24,25,,0001193125-14-155226
936468,2014-06-29,10-Q,2014-07-23,24,,0001193125-14-276771
936468,2014-09-28,10-Q,2014-10-24,26,,0001193125-14-380468
936468,2014-12-31,10-K,2015-02-09,40,,0001193125-15-038681
936468,2015-03-29,10-Q,2015-04-22,24,,0001193125-15-141818
936468,2015-06-28,10-Q,2015-07-22,24,,0001193125-15-259947
936468,2015-09-27,10-Q,2015-10-22,25,,0001193125-15-350723
936468,2015-12-31,10-K,2016-02-24,55,,0001193125-16-476010
936468,2016-03-27,10-Q,2016-04-27,31,,0001193125-16-559151
936468,2016-06-26,10-Q,2016-07-20,24,,0001193125-16-652394
936468,2016-09-25,10-Q,2016-10-27,32,,0001193125-16-749763
936468,2016-12-31,10-K,2017-02-09,40,,0001193125-17-036192
936468,2017-03-26,10-Q,2017-04-26,31,,0001193125-17-139189
936468,2017-06-25,10-Q,2017-07-20,25,,0001193125-17-232077
936468,2017-09-24,10-Q,2017-10-26,32,,0000936468-17-000014
936468,2017-12-31,10-K,2018-02-06,37,,0000936468-18-000009
936468,2018-03-25,10-Q,2018-04-25,31,,0000936468-18-000023
936468,2018-06-24,10-Q,2018-07-24,30,,0000936468-18-000053
936468,2018-09-30,10-Q,2018-10-25,25,,0000936468-18-000067
936468,2018-12-31,10-K,2019-02-08,39,,0000936468-19-000009
936468,2019-03-31,10-Q,2019-04-24,24,,0000936468-19-000022
936468,2019-06-30,10-Q,2019-07-23,23,,0000936468-19-000058
936468,2019-09-29,10-Q,2019-10-24,25,,0000936468-19-000069
936468,2019-12-31,10-K,2020-02-07,38,,0000936468-20-000016
936468,2020-03-29,10-Q,2020-04-22,24,,0000936468-20-000056
936468,2020-06-28,10-Q,2020-07-21,23,,0000936468-20-000115
936468,2020-09-27,10-Q,2020-10-22,25,,0000936468-20-000125
936468,2020-12-31,10-K,2021-01-28,28,,0000936468-21-000013
936468,2021-03-28,10-Q,2021-04-21,24,,0000936468-21-000044
936468,2021-06-27,10-Q,2021-07-26,29,,0000936468-21-000072
936468,2021-09-26,10-Q,2021-10-26,30,,0000936468-21-000101
936468,2021-12-31,10-K,2022-01-25,25,,0000936468-22-000008
936468,2022-03-27,10-Q,2022-04-20,24,,0000936468-22-000048
936468,2022-06-26,10-Q,2022-07-19,23,,0000936468-22-000096
936468,2022-09-25,10-Q,2022-10-18,23,,0000936468-22-000120
936468,2022-12-31,10-K,2023-01-26,26,,0000936468-23-000009
936468,2023-03-26,10-Q,2023-04-18,23,,0000936468-23-000051
936468,2023-06-25,10-Q,2023-07-19,24,,0000936468-23-000099
936468,2023-09-24,10-Q,2023-10-17,23,,0000936468-23-000123
936468,2023-12-31,10-K,2024-01-23,23,,0000936468-24-000010
936468,2024-03-31,10-Q,2024-04-23,23,,0000936468-24-000052
936468,2024-06-30,10-Q,2024-07-23,23,,0000936468-24-000095
936468,2024-09-29,10-Q,2024-10-22,23,,0000936468-24-000110
936468,2024-12-31,10-K,2025-01-28,28,,0000936468-25-000009
937834,2013-09-30,10-Q,2013-11-13,44,,0000737026-13-000022
937834,2013-12-31,10-K,2014-03-28,87,,0000937834-14-000019
937834,2014-03-31,10-Q,2014-05-15,45,,0000937834-14-000035
937834,2014-06-30,10-Q,2014-08-13,44,,0000937834-14-000051
937834,2014-09-30,10-Q,2014-11-12,43,,0000937834-14-000074
937834,2014-12-31,10-K,2015-03-27,86,,0000937834-15-000021
937834,2015-03-31,10-Q,2015-05-13,43,,0000937834-15-000036
937834,2015-06-30,10-Q,2015-08-12,43,,0000937834-15-000054
937834,2015-09-30,10-Q,2015-11-12,43,,0000937834-15-000067
937834,2015-12-31,10-K,2016-03-25,85,,0000937834-16-000091
937834,2016-03-31,10-Q,2016-05-12,42,,0000937834-16-000105
937834,2016-06-30,10-Q,2016-08-12,43,,0000937834-16-000129
937834,2016-09-30,10-Q,2016-11-09,40,,0000937834-16-000145
937834,2016-12-31,10-K,2017-03-24,83,,0000937834-17-000007
937834,2017-03-31,10-Q,2017-05-10,40,,0000937834-17-000015
937834,2017-06-30,10-Q,2017-08-09,40,,0000937834-17-000026
937834,2017-09-30,10-Q,2017-11-08,39,,0000937834-17-000033
937834,2017-12-31,10-K,2018-03-20,79,,0000937834-18-000008
937834,2018-03-31,10-Q,2018-05-10,40,,0000937834-18-000025
937834,2018-06-30,10-Q,2018-08-09,40,,0000937834-18-000039
937834,2018-09-30,10-Q,2018-11-08,39,,0000937834-18-000053
937834,2018-12-31,10-K,2019-03-19,78,,0000937834-19-000006
937834,2019-03-31,10-Q,2019-05-10,40,,0000937834-19-000013
937834,2019-06-30,10-Q,2019-08-08,39,,0000937834-19-000017
937834,2019-09-30,10-Q,2019-11-06,37,,0000937834-19-000020
937834,2019-12-31,10-K,2020-03-09,69,,0000937834-20-000005
937834,2020-03-31,10-Q,2020-05-12,42,,0000937834-20-000013
937834,2020-06-30,10-Q,2020-08-11,42,,0000937834-20-000016
937834,2020-09-30,10-Q,2020-11-10,41,,0000937834-20-000024
937834,2020-12-31,10-K,2021-03-09,68,,0000937834-21-000005
937834,2021-03-31,10-Q,2021-05-11,41,,0000937834-21-000013
937834,2021-06-30,10-Q,2021-08-10,41,,0000937834-21-000017
937834,2021-09-30,10-Q,2021-11-09,40,,0000937834-21-000020
937834,2021-12-31,10-K,2022-03-07,66,,0000937834-22-000029
937834,2022-03-31,10-Q,2022-05-11,41,,0000937834-22-000042
937834,2022-06-30,10-Q,2022-08-09,40,,0000937834-22-000085
937834,2022-09-30,10-Q,2022-11-08,39,,0000937834-22-000088
937834,2022-12-31,10-K,2023-03-09,68,,0000937834-23-000007
937834,2023-03-31,10-Q,2023-05-09,39,,0000937834-23-000014
937834,2023-06-30,10-Q,2023-08-08,39,,0000937834-23-000017
937834,2023-09-30,10-Q,2023-11-07,38,,0000937834-23-000020
937834,2023-12-31,10-K,2024-03-07,67,,0000937834-24-000004
937834,2024-03-31,10-Q,2024-05-07,37,,0000937834-24-000008
937834,2024-06-30,10-Q,2024-08-06,37,,0000937834-24-000012
937834,2024-09-30,10-Q,2024-11-06,37,,0000937834-24-000014
937834,2024-12-31,10-K,2025-03-11,70,,0000937834-25-000003
1013871,2012-03-31,10-Q,2012-05-03,33,,0001445305-12-001407
1013871,2012-06-30,10-Q,2012-08-08,39,,0001013871-12-000009
1013871,2012-09-30,10-Q,2012-11-02,33,,0001013871-12-000013
1013871,2012-12-31,10-K,2013-02-27,58,,0001013871-13-000003
1013871,2013-03-31,10-Q,2013-05-07,37,,0001013871-13-000006
1013871,2013-06-30,10-Q,2013-08-09,40,,0001013871-13-000010
1013871,2013-09-30,10-Q,2013-11-12,43,,0001013871-13-000015
1013871,2013-12-31,10-K,2014-02-28,59,,0001013871-14-000003
1013871,2014-03-31,10-Q,2014-05-06,36,,0001013871-14-000009
1013871,2014-06-30,10-Q,2014-08-07,38,,0001013871-14-000012
1013871,2014-09-30,10-Q,2014-11-05,36,,0001013871-14-000022
1013871,2014-12-31,10-K,2015-02-27,58,,0001013871-15-000004
1013871,2015-03-31,10-Q,2015-05-08,38,,0001013871-15-000010
1013871,2015-06-30,10-Q,2015-08-04,35,,0001013871-15-000015
1013871,2015-09-30,10-Q,2015-11-04,35,,0001013871-15-000018
1013871,2015-12-31,10-K,2016-02-29,60,,0001013871-16-000022
1013871,2016-03-31,10-Q,2016-05-05,35,,0001013871-16-000025
1013871,2016-06-30,10-Q,2016-08-09,40,,0001013871-16-000032
1013871,2016-09-30,10-Q,2016-11-04,35,,0001013871-16-000039
1013871,2016-12-31,10-K,2017-02-28,59,,0001013871-17-000007
1013871,2017-03-31,10-Q,2017-05-02,32,,0001013871-17-000013
1013871,2017-06-30,10-Q,2017-08-03,34,,0001013871-17-000021
1013871,2017-09-30,10-Q,2017-11-02,33,,0001013871-17-000027
1013871,2017-12-31,10-K,2018-03-01,60,,0001013871-18-000011
1013871,2018-03-31,10-Q,2018-05-03,33,,0001013871-18-000023
1013871,2018-06-30,10-Q,2018-08-02,33,,0001013871-18-000032
1013871,2018-09-30,10-Q,2018-11-08,39,,0001013871-18-000039
1013871,2018-12-31,10-K,2019-02-28,59,,0001013871-19-000007
1013871,2019-03-31,10-Q,2019-05-02,32,,0001013871-19-000017
1013871,2019-06-30,10-Q,2019-08-07,38,,0001013871-19-000028
1013871,2019-09-30,10-Q,2019-11-07,38,,0001013871-19-000035
1013871,2019-12-31,10-K,2020-02-27,58,,0001013871-20-000013
1013871,2020-03-31,10-Q,2020-05-07,37,,0001013871-20-000023
1013871,2020-06-30,10-Q,2020-08-06,37,,0001013871-20-000034
1013871,2020-09-30,10-Q,2020-11-05,36,,0001013871-20-000040
1013871,2020-12-31,10-K,2021-03-01,60,,0001013871-21-000005
1013871,2021-03-31,10-Q,2021-05-06,36,,0001013871-21-000010
1013871,2021-06-30,10-Q,2021-08-05,36,,0001013871-21-000016
1013871,2021-09-30,10-Q,2021-11-04,35,,0001013871-21-000022
1013871,2021-12-31,10-K,2022-02-24,55,,0001013871-22-000010
1013871,2022-03-31,10-Q,2022-05-06,36,,0001013871-22-000016
1013871,2022-06-30,10-Q,2022-08-04,35,,0001013871-22-000022
1013871,2022-09-30,10-Q,2022-11-07,38,,0001013871-22-000027
1013871,2022-12-31,10-K,2023-02-23,54,,0001013871-23-000004
1013871,2023-03-31,10-Q,2023-05-04,34,,0001013871-23-000012
1013871,2023-06-30,10-Q,2023-08-08,39,,0001013871-23-000017
1013871,2023-09-30,10-Q,2023-11-02,33,,0001013871-23-000022
1013871,2023-12-31,10-K,2024-02-28,59,,0001013871-24-000005
1013871,2024-03-31,10-Q,2024-05-07,37,,0001013871-24-000010
1013871,2024-06-30,10-Q,2024-08-08,39,,0001013871-24-000015
1013871,2024-09-30,10-Q,2024-11-08,39,,0001013871-24-000020
1013871,2024-12-31,10-K,2025-02-26,57,,0001013871-25-000006
1018724,2012-03-31,10-Q,2012-04-27,27,,0001193125-12-187203
1018724,2012-06-30,10-Q,2012-07-27,27,,0001193125-12-317409
1018724,2012-09-30,10-Q,2012-10-26,26,,0001193125-12-436012
1018724,2012-12-31,10-K,2013-01-30,30,,0001193125-13-028520
1018724,2013-03-31,10-Q,2013-04-26,26,,0001193125-13-174667
1018724,2013-06-30,10-Q,2013-07-26,26,,0001193125-13-303204
1018724,2013-09-30,10-Q,2013-10-25,25,,0001445305-13-002495
1018724,2013-12-31,10-K,2014-01-31,31,,0001018724-14-000006
1018724,2014-03-31,10-Q,2014-04-25,25,,0001018724-14-000014
1018724,2014-06-30,10-Q,2014-07-25,25,,0001018724-14-000025
1018724,2014-09-30,10-Q,2014-10-24,24,,0001018724-14-000055
1018724,2014-12-31,10-K,2015-01-30,30,,0001018724-15-000006
1018724,2015-03-31,10-Q,2015-04-24,24,,0001018724-15-000038
1018724,2015-06-30,10-Q,2015-07-24,24,,0001018724-15-000087
1018724,2015-09-30,10-Q,2015-10-23,23,,0001018724-15-000126
1018724,2015-12-31,10-K,2016-01-29,29,,0001018724-16-000172
1018724,2016-03-31,10-Q,2016-04-29,29,,0001018724-16-000227
1018724,2016-06-30,10-Q,2016-07-29,29,,0001018724-16-000286
1018724,2016-09-30,10-Q,2016-10-28,28,,0001018724-16-000324
1018724,2016-12-31,10-K,2017-02-10,41,,0001018724-17-000011
1018724,2017-03-31,10-Q,2017-04-28,28,,0001018724-17-000051
1018724,2017-06-30,10-Q,2017-07-28,28,,0001018724-17-000100
1018724,2017-09-30,10-Q,2017-10-27,27,,0001018724-17-000135
1018724,2017-12-31,10-K,2018-02-02,33,,0001018724-18-000005
1018724,2018-03-31,10-Q,2018-04-27,27,,0001018724-18-000072
1018724,2018-06-30,10-Q,2018-07-27,27,,0001018724-18-000108
1018724,2018-09-30,10-Q,2018-10-26,26,,0001018724-18-000159
1018724,2018-12-31,10-K,2019-02-01,32,,0001018724-19-000004
1018724,2019-03-31,10-Q,2019-04-26,26,,0001018724-19-000043
1018724,2019-06-30,10-Q,2019-07-26,26,,0001018724-19-000071
1018724,2019-09-30,10-Q,2019-10-25,25,,0001018724-19-000089
1018724,2019-12-31,10-K,2020-01-31,31,,0001018724-20-000004
1018724,2020-03-31,10-Q,2020-05-01,31,,0001018724-20-000010
1018724,2020-06-30,10-Q,2020-07-31,31,,0001018724-20-000021
1018724,2020-09-30,10-Q,2020-10-30,30,,0001018724-20-000030
1018724,2020-12-31,10-K,2021-02-03,34,,0001018724-21-000004
1018724,2021-03-31,10-Q,2021-04-30,30,,0001018724-21-000010
1018724,2021-06-30,10-Q,2021-07-30,30,,0001018724-21-000020
1018724,2021-09-30,10-Q,2021-10-29,29,,0001018724-21-000028
1018724,2021-12-31,10-K,2022-02-04,35,,0001018724-22-000005
1018724,2022-03-31,10-Q,2022-04-29,29,,0001018724-22-000013
1018724,2022-06-30,10-Q,2022-07-29,29,,0001018724-22-000019
1018724,2022-09-30,10-Q,2022-10-28,28,,0001018724-22-000023
1018724,2022-12-31,10-K,2023-02-03,34,,0001018724-23-000004
1018724,2023-03-31,10-Q,2023-04-28,28,,0001018724-23-000008
1018724,2023-06-30,10-Q,2023-08-04,35,,0001018724-23-000012
1018724,2023-09-30,10-Q,2023-10-27,27,,0001018724-23-000018
1018724,2023-12-31,10-K,2024-02-02,33,,0001018724-24-000008
1018724,2024-03-31,10-Q,2024-05-01,31,,0001018724-24-000083
1018724,2024-06-30,10-Q,2024-08-02,33,,0001018724-24-000130
1018724,2024-09-30,10-Q,2024-11-01,32,,0001018724-24-000161
1018724,2024-12-31,10-K,2025-02-07,38,,0001018724-25-000004
1019849,2012-03-31,10-Q,2012-05-04,34,,0001193125-12-212058
1019849,2012-06-30,10-Q,2012-08-03,34,,0001193125-12-335058
1019849,2012-09-30,10-Q,2012-11-02,33,,0001104659-12-073673
1019849,2012-12-31,10-K,2013-02-28,59,,0001104659-13-016197
1019849,2013-03-31,10-Q,2013-04-30,30,,0001104659-13-035189
1019849,2013-06-30,10-Q,2013-08-01,32,,0001104659-13-058994
1019849,2013-09-30,10-Q,2013-10-30,30,,0001104659-13-079295
1019849,2013-12-31,10-K,2014-03-03,62,,0001047469-14-001666
1019849,2014-03-31,10-Q,2014-05-05,35,,0001104659-14-034578
1019849,2014-06-30,10-Q,2014-07-31,31,,0001104659-14-055490
1019849,2014-09-30,10-Q,2014-10-29,29,,0001104659-14-074854
1019849,2014-12-31,10-K,2015-02-26,57,,0001047469-15-001311
1019849,2015-03-31,10-Q,2015-05-01,31,,0001104659-15-033197
1019849,2015-06-30,10-Q,2015-07-30,30,,0001104659-15-054874
1019849,2015-09-30,10-Q,2015-10-30,30,,0001104659-15-074554
1019849,2015-12-31,10-K,2016-02-25,56,,0001558370-16-003547
1019849,2016-03-31,10-Q,2016-04-27,27,,0001558370-16-004901
1019849,2016-06-30,10-Q,2016-07-29,29,,0001558370-16-006977
1019849,2016-09-30,10-Q,2016-10-27,27,,0001558370-16-008807
1019849,2016-12-31,10-K,2017-02-24,55,,0001558370-17-001005
1019849,2017-03-31,10-Q,2017-04-27,27,,0001558370-17-002995
1019849,2017-06-30,10-Q,2017-07-28,28,,0001558370-17-005454
1019849,2017-09-30,10-Q,2017-10-26,26,,0001558370-17-007576
1019849,2017-12-31,10-K,2018-02-22,53,,0001558370-18-000944
1019849,2018-03-31,10-Q,2018-04-27,27,,0001558370-18-003429
1019849,2018-06-30,10-Q,2018-07-27,27,,0001558370-18-005826
1019849,2018-09-30,10-Q,2018-10-26,26,,0001558370-18-007934
1019849,2018-12-31,10-K,2019-02-22,53,,0001558370-19-000917
1019849,2019-03-31,10-Q,2019-04-26,26,,0001558370-19-003425
1019849,2019-06-30,10-Q,2019-07-31,31,,0001558370-19-006681
1019849,2019-09-30,10-Q,2019-10-30,30,,0001558370-19-009461
1019849,2019-12-31,10-K,2020-02-21,52,,0001558370-20-001163
1019849,2020-03-31,10-Q,2020-05-06,36,,0001558370-20-005423
1019849,2020-06-30,10-Q,2020-07-30,30,,0001558370-20-008814
1019849,2020-09-30,10-Q,2020-10-27,27,,0001558370-20-011801
1019849,2020-12-31,10-K,2021-02-19,50,,0001558370-21-001299
1019849,2021-03-31,10-Q,2021-04-29,29,,0001558370-21-005272
1019849,2021-06-30,10-Q,2021-07-29,29,,0001558370-21-009616
1019849,2021-09-30,10-Q,2021-10-28,28,,0001558370-21-013730
1019849,2021-12-31,10-K,2022-02-18,49,,0001019849-22-000013
1019849,2022-03-31,10-Q,2022-04-28,28,,0001019849-22-000020
1019849,2022-06-30,10-Q,2022-07-28,28,,0001019849-22-000040
1019849,2022-09-30,10-Q,2022-10-27,27,,0001019849-22-000082
1019849,2022-12-31,10-K,2023-02-21,52,,0001019849-23-000038
1019849,2023-03-31,10-Q,2023-04-27,27,,0001019849-23-000068
1019849,2023-06-30,10-Q,2023-07-27,27,,0001019849-23-000114
1019849,2023-09-30,10-Q,2023-10-30,30,,0001019849-23-000148
1019849,2023-12-31,10-K,2024-02-16,47,,0001019849-24-000033
1019849,2024-03-31,10-Q,2024-04-30,30,,0001019849-24-000058
1019849,2024-06-30,10-Q,2024-07-31,31,,0001019849-24-000096
1019849,2024-09-30,10-Q,2024-10-30,30,,0001019849-24-000121
1019849,2024-12-31,10-K,2025-02-21,52,,0001019849-25-000022
1020859,2012-01-28,10-Q,2012-03-08,40,,0001104659-12-016483
1020859,2012-04-28,10-Q,2012-06-07,40,,0001104659-12-042339
1020859,2012-07-28,10-K,2012-09-26,60,,0001047469-12-009112
1020859,2012-10-27,10-Q,2012-12-06,40,,0001104659-12-082412
1020859,2013-01-26,10-Q,2013-03-06,39,,0001020859-13-000005
1020859,2013-04-27,10-Q,2013-06-06,40,,0001020859-13-000042
1020859,2013-08-03,10-K,2013-10-01,59,,0001020859-13-000178
1020859,2013-11-02,10-Q,2013-12-11,39,,0001020859-13-000230
1020859,2014-02-01,10-Q,2014-03-12,39,,0001020859-14-000017
1020859,2014-05-03,10-Q,2014-06-11,39,,0001020859-14-000041
1020859,2014-08-02,10-K,2014-10-01,60,,0001020859-14-000183
1020859,2014-11-01,10-Q,2014-12-10,39,,0001020859-14-000230
1020859,2015-01-31,10-Q,2015-03-12,40,,0001020859-15-000046
1020859,2015-05-02,10-Q,2015-06-11,40,,0001020859-15-000064
1020859,2015-08-01,10-K,2015-09-30,60,,0001020859-15-000165
1020859,2015-10-31,10-Q,2015-12-10,40,,0001020859-15-000196
1020859,2016-01-30,10-Q,2016-03-10,40,,0001020859-16-000221
1020859,2016-04-30,10-Q,2016-06-09,40,,0001020859-16-000246
1020859,2016-07-30,10-K,2016-09-28,60,,0001020859-16-000356
1020859,2016-10-29,10-Q,2016-12-08,40,,0001020859-16-000383
1020859,2017-01-28,10-Q,2017-03-09,40,,0001020859-17-000013
1020859,2017-04-29,10-Q,2017-06-08,40,,0001020859-17-000034
1020859,2017-07-29,10-K,2017-09-26,59,,0001020859-17-000109
1020859,2017-10-28,10-Q,2017-12-07,40,,0001020859-17-000154
1020859,2018-01-27,10-Q,2018-03-08,40,,0001020859-18-000018
1020859,2018-04-28,10-Q,2018-06-07,40,,0001020859-18-000055
1020859,2018-07-28,10-K,2018-09-24,58,,0001020859-18-000095
1020859,2018-10-27,10-Q,2018-12-06,40,,0001020859-18-000142
1020859,2019-01-26,10-Q,2019-03-07,40,,0001020859-19-000016
1020859,2019-04-27,10-Q,2019-06-05,39,,0001020859-19-000055
1020859,2019-08-03,10-K,2019-10-01,59,,0001020859-19-000116
1020859,2019-11-02,10-Q,2019-12-11,39,,0001020859-19-000146
1020859,2020-02-01,10-Q,2020-03-11,39,,0001020859-20-000008
1020859,2020-05-02,10-Q,2020-06-10,39,,0001020859-20-000033
1020859,2020-08-01,10-K,2020-09-29,59,,0001020859-20-000064
1020859,2020-10-31,10-Q,2020-12-09,39,,0001020859-20-000170
1020859,2021-01-30,10-Q,2021-03-10,39,,0001020859-21-000026
1020859,2021-05-01,10-Q,2021-06-09,39,,0001020859-21-000054
1020859,2021-07-31,10-K,2021-09-28,59,,0001020859-21-000083
1020859,2021-10-30,10-Q,2021-12-08,39,,0001020859-21-000170
1020859,2022-01-29,10-Q,2022-03-09,39,,0001020859-22-000013
1020859,2022-04-30,10-Q,2022-06-07,38,,0001020859-22-000037
1020859,2022-07-30,10-K,2022-09-27,59,,0001020859-22-000054
1020859,2022-10-29,10-Q,2022-12-07,39,,0001020859-22-000135
1020859,2023-01-28,10-Q,2023-03-08,39,,0001020859-23-000012
1020859,2023-04-29,10-Q,2023-06-07,39,,0001020859-23-000032
1020859,2023-07-29,10-K,2023-09-26,59,,0001020859-23-000048
1020859,2023-10-28,10-Q,2023-12-06,39,,0001020859-23-000115
1020859,2024-01-27,10-Q,2024-03-06,39,,0001020859-24-000006
1020859,2024-04-27,10-Q,2024-06-05,39,,0001020859-24-000029
1020859,2024-08-03,10-K,2024-10-01,59,,0001020859-24-000045
1020859,2024-11-02,10-Q,2024-12-10,38,,0001020859-24-000098
1023128,2012-03-31,10-Q,2012-04-27,27,,0001437749-12-004230
1023128,2012-06-30,10-Q,2012-07-27,27,,0001437749-12-007266
1023128,2012-09-30,10-Q,2012-10-26,26,,0001437749-12-010598
1023128,2012-12-31,10-K,2013-02-22,53,,0001437749-13-001877
1023128,2013-03-31,10-Q,2013-04-26,26,,0001437749-13-004791
1023128,2013-06-30,10-Q,2013-07-26,26,,0001437749-13-009466
1023128,2013-09-30,10-Q,2013-10-25,25,,0001437749-13-013418
1023128,2013-12-31,10-K,2014-02-21,52,,0001437749-14-002586
1023128,2014-03-31,10-Q,2014-04-28,28,,0001437749-14-007245
1023128,2014-06-30,10-Q,2014-08-08,39,,0001437749-14-014755
1023128,2014-09-30,10-Q,2014-10-31,31,,0001437749-14-019255
1023128,2014-12-31,10-K,2015-03-02,61,,0001437749-15-003826
1023128,2015-03-31,10-Q,2015-05-01,31,,0001437749-15-008579
1023128,2015-06-30,10-Q,2015-07-31,31,,0001437749-15-014428
1023128,2015-09-30,10-Q,2015-11-02,33,,0001437749-15-019230
1023128,2015-12-31,10-K,2016-02-26,57,,0001437749-16-026190
1023128,2016-03-31,10-Q,2016-04-29,29,,0001437749-16-030369
1023128,2016-06-30,10-Q,2016-07-29,29,,0001437749-16-035940
1023128,2016-09-30,10-Q,2016-10-28,28,,0001437749-16-040504
1023128,2016-12-31,10-K,2017-02-28,59,,0001437749-17-003434
1023128,2017-03-31,10-Q,2017-04-28,28,,0001437749-17-007469
1023128,2017-06-30,10-Q,2017-08-02,33,,0001023128-17-000089
1023128,2017-09-30,10-Q,2017-11-07,38,,0001023128-17-000129
1023128,2017-12-31,10-K,2018-02-23,54,,0001023128-18-000020
1023128,2018-03-31,10-Q,2018-04-27,27,,0001023128-18-000045
1023128,2018-06-30,10-Q,2018-07-27,27,,0001023128-18-000063
1023128,2018-09-30,10-Q,2018-10-26,26,,0001023128-18-000073
1023128,2018-12-31,10-K,2019-02-25,56,,0001023128-19-000042
1023128,2019-03-31,10-Q,2019-04-26,26,,0001023128-19-000079
1023128,2019-06-30,10-Q,2019-07-26,26,,0001023128-19-000115
1023128,2019-09-30,10-Q,2019-10-25,25,,0001023128-19-000133
1023128,2019-12-31,10-K,2020-02-21,52,,0001023128-20-000018
1023128,2020-03-31,10-Q,2020-04-24,24,,0001023128-20-000053
1023128,2020-06-30,10-Q,2020-07-24,24,,0001023128-20-000090
1023128,2020-09-30,10-Q,2020-10-23,23,,0001023128-20-000123
1023128,2020-12-31,10-K,2021-02-19,50,,0001023128-21-000022
1023128,2021-03-31,10-Q,2021-04-29,29,,0001023128-21-000065
1023128,2021-06-30,10-Q,2021-07-28,28,,0001023128-21-000097
1023128,2021-09-30,10-Q,2021-10-27,27,,0001023128-21-000119
1023128,2021-12-31,10-K,2022-02-18,49,,0001023128-22-000042
1023128,2022-03-31,10-Q,2022-04-28,28,,0001023128-22-000057
1023128,2022-06-30,10-Q,2022-07-28,28,,0001023128-22-000091
1023128,2022-09-30,10-Q,2022-10-27,27,,0001023128-22-000146
1023128,2022-12-31,10-K,2023-02-24,55,,0001023128-23-000053
1023128,2023-03-31,10-Q,2023-04-28,28,,0001023128-23-000090
1023128,2023-06-30,10-Q,2023-08-04,35,,0001023128-23-000136
1023128,2023-09-30,10-Q,2023-10-27,27,,0001023128-23-000148
1023128,2023-12-31,10-K,2024-02-23,54,,0001023128-24-000032
1023128,2024-03-31,10-Q,2024-04-26,26,,0001023128-24-000064
1023128,2024-06-30,10-Q,2024-08-08,39,,0001023128-24-000104
1023128,2024-09-30,10-Q,2024-10-25,25,,0001023128-24-000119
1023128,2024-12-31,10-K,2025-02-24,55,,0001023128-25-000026
1045810,2012-01-29,10-K,2012-03-13,44,,0001045810-12-000013
1045810,2012-04-29,10-Q,2012-05-23,24,,0001045810-12-000027
1045810,2012-07-29,10-Q,2012-08-22,24,,0001045810-12-000036
1045810,2012-10-28,10-Q,2012-11-19,22,,0001045810-12-000060
1045810,2013-01-27,10-K,2013-03-12,44,,0001045810-13-000008
1045810,2013-04-28,10-Q,2013-05-22,24,,0001045810-13-000054
1045810,2013-07-28,10-Q,2013-08-21,24,,0001045810-13-000075
1045810,2013-10-27,10-Q,2013-11-19,23,,0001045810-13-000109
1045810,2014-01-26,10-K,2014-03-13,46,,0001045810-14-000030
1045810,2014-04-27,10-Q,2014-05-21,24,,0001045810-14-000085
1045810,2014-07-27,10-Q,2014-08-20,24,,0001045810-14-000158
1045810,2014-10-26,10-Q,2014-11-19,24,,0001045810-14-000188
1045810,2015-01-25,10-K,2015-03-12,46,,0001045810-15-000036
1045810,2015-04-26,10-Q,2015-05-20,24,,0001045810-15-000097
1045810,2015-07-26,10-Q,2015-08-19,24,,0001045810-15-000143
1045810,2015-10-25,10-Q,2015-11-18,24,,0001045810-15-000173
1045810,2016-01-31,10-K,2016-03-17,46,,0001045810-16-000205
1045810,2016-05-01,10-Q,2016-05-25,24,,0001045810-16-000275
1045810,2016-07-31,10-Q,2016-08-23,23,,0001045810-16-000300
1045810,2016-10-30,10-Q,2016-11-22,23,,0001045810-16-000353
1045810,2017-01-29,10-K,2017-03-01,31,,0001045810-17-000027
1045810,2017-04-30,10-Q,2017-05-23,23,,0001045810-17-000075
1045810,2017-07-30,10-Q,2017-08-23,24,,0001045810-17-000123
1045810,2017-10-29,10-Q,2017-11-21,23,,0001045810-17-000172
1045810,2018-01-28,10-K,2018-02-28,31,,0001045810-18-000010
1045810,2018-04-29,10-Q,2018-05-22,23,,0001045810-18-000080
1045810,2018-07-29,10-Q,2018-08-16,18,,0001045810-18-000114
1045810,2018-10-28,10-Q,2018-11-15,18,,0001045810-18-000150
1045810,2019-01-27,10-K,2019-02-21,25,,0001045810-19-000023
1045810,2019-04-28,10-Q,2019-05-16,18,,0001045810-19-000079
1045810,2019-07-28,10-Q,2019-08-15,18,,0001045810-19-000144
1045810,2019-10-27,10-Q,2019-11-14,18,,0001045810-19-000170
1045810,2020-01-26,10-K,2020-02-20,25,,0001045810-20-000010
1045810,2020-04-26,10-Q,2020-05-21,25,,0001045810-20-000065
1045810,2020-07-26,10-Q,2020-08-19,24,,0001045810-20-000147
1045810,2020-10-25,10-Q,2020-11-18,24,,0001045810-20-000189
1045810,2021-01-31,10-K,2021-02-26,26,,0001045810-21-000010
1045810,2021-05-02,10-Q,2021-05-26,24,,0001045810-21-000064
1045810,2021-08-01,10-Q,2021-08-20,19,,0001045810-21-000131
1045810,2021-10-31,10-Q,2021-11-22,22,,0001045810-21-000163
1045810,2022-01-30,10-K,2022-03-18,47,,0001045810-22-000036
1045810,2022-05-01,10-Q,2022-05-27,26,,0001045810-22-000079
1045810,2022-07-31,10-Q,2022-08-31,31,,0001045810-22-000147
1045810,2022-10-30,10-Q,2022-11-18,19,,0001045810-22-000166
1045810,2023-01-29,10-K,2023-02-24,26,,0001045810-23-000017
1045810,2023-04-30,10-Q,2023-05-26,26,,0001045810-23-000093
1045810,2023-07-30,10-Q,2023-08-28,29,,0001045810-23-000175
1045810,2023-10-29,10-Q,2023-11-21,23,,0001045810-23-000227
1045810,2024-01-28,10-K,2024-02-21,24,,0001045810-24-000029
1045810,2024-04-28,10-Q,2024-05-29,31,,0001045810-24-000124
1045810,2024-07-28,10-Q,2024-08-28,31,,0001045810-24-000264
1045810,2024-10-27,10-Q,2024-11-20,24,,0001045810-24-000316
1048911,2012-02-29,10-Q,2012-03-23,23,,0001193125-12-129775
1048911,2012-05-31,10-K,2012-07-16,46,,0001193125-12-303558
1048911,2012-08-31,10-Q,2012-09-19,19,,0001193125-12-396818
1048911,2012-11-30,10-Q,2012-12-20,20,,0001193125-12-510418
1048911,2013-02-28,10-Q,2013-03-21,21,,0001193125-13-119611
1048911,2013-05-31,10-K,2013-07-15,45,,0001193125-13-290858
1048911,2013-08-31,10-Q,2013-09-19,19,,0001193125-13-371921
1048911,2013-11-30,10-Q,2013-12-19,19,,0001193125-13-478795
1048911,2014-02-28,10-Q,2014-03-20,20,,0001193125-14-107986
1048911,2014-05-31,10-K,2014-07-14,44,,0001193125-14-267851
1048911,2014-08-31,10-Q,2014-09-18,18,,0001193125-14-345549
1048911,2014-11-30,10-Q,2014-12-18,18,,0001193125-14-446673
1048911,2015-02-28,10-Q,2015-03-19,19,,0001193125-15-098477
1048911,2015-05-31,10-K,2015-07-14,44,,0001193125-15-252494
1048911,2015-08-31,10-Q,2015-09-17,17,,0001193125-15-322538
1048911,2015-11-30,10-Q,2015-12-17,17,,0001193125-15-406264
1048911,2016-02-29,10-Q,2016-03-17,17,,0001193125-16-508426
1048911,2016-05-31,10-K,2016-07-18,48,,0001193125-16-650267
1048911,2016-08-31,10-Q,2016-09-21,21,,0001193125-16-716033
1048911,2016-11-30,10-Q,2016-12-21,21,,0001193125-16-800543
1048911,2017-02-28,10-Q,2017-03-22,22,,0001564590-17-005037
1048911,2017-05-31,10-K,2017-07-17,47,,0000950123-17-006152
1048911,2017-08-31,10-Q,2017-09-20,20,,0001564590-17-018835
1048911,2017-11-30,10-Q,2017-12-20,20,,0001564590-17-025136
1048911,2018-02-28,10-Q,2018-03-21,21,,0001564590-18-006410
1048911,2018-05-31,10-K,2018-07-16,46,,0001564590-18-016877
1048911,2018-08-31,10-Q,2018-09-17,17,,0001564590-18-023207
1048911,2018-11-30,10-Q,2018-12-18,18,,0001564590-18-031032
1048911,2019-02-28,10-Q,2019-03-19,19,,0001564590-19-008444
1048911,2019-05-31,10-K,2019-07-16,46,,0001564590-19-025065
1048911,2019-08-31,10-Q,2019-09-17,17,,0001564590-19-034896
1048911,2019-11-30,10-Q,2019-12-17,17,,0001564590-19-046220
1048911,2020-02-29,10-Q,2020-03-17,17,,0001564590-20-011411
1048911,2020-05-31,10-K,2020-07-20,50,,0001564590-20-032775
1048911,2020-08-31,10-Q,2020-09-15,15,,0001564590-20-043606
1048911,2020-11-30,10-Q,2020-12-17,17,,0001564590-20-057454
1048911,2021-02-28,10-Q,2021-03-18,18,,0001564590-21-014160
1048911,2021-05-31,10-K,2021-07-19,49,,0001564590-21-037031
1048911,2021-08-31,10-Q,2021-09-21,21,,0001564590-21-048468
1048911,2021-11-30,10-Q,2021-12-16,16,,0001564590-21-060577
1048911,2022-02-28,10-Q,2022-03-17,17,,0000950170-22-004086
1048911,2022-05-31,10-K,2022-07-18,48,,0000950170-22-012762
1048911,2022-08-31,10-Q,2022-09-22,22,,0000950170-22-018769
1048911,2022-11-30,10-Q,2022-12-20,20,,0000950170-22-026825
1048911,2023-02-28,10-Q,2023-03-16,16,,0000950170-23-008475
1048911,2023-05-31,10-K,2023-07-17,47,,0000950170-23-033201
1048911,2023-08-31,10-Q,2023-09-20,20,,0000950170-23-048994
1048911,2023-11-30,10-Q,2023-12-19,19,,0000950170-23-071495
1048911,2024-02-29,10-Q,2024-03-21,21,,0000950170-24-034709
1048911,2024-05-31,10-K,2024-07-15,45,,0000950170-24-083577
1048911,2024-08-31,10-Q,2024-09-19,19,,0000950170-24-108107
1048911,2024-11-30,10-Q,2024-12-19,19,,0000950170-24-138460
1061219,2012-03-31,10-Q,2012-05-10,40,,0001061219-12-000015
1061219,2012-06-30,10-Q,2012-08-09,40,,0001061219-12-000025
1061219,2012-09-30,10-Q,2012-11-09,40,,0001061219-12-000032
1061219,2012-12-31,10-K,2013-03-01,60,,0001061219-13-000011
1061219,2013-03-31,10-Q,2013-05-08,38,,0001061219-13-000022
1061219,2013-06-30,10-Q,2013-08-08,39,,0001061219-13-000036
1061219,2013-09-30,10-Q,2013-11-12,43,,0001061219-13-000042
1061219,2013-12-31,10-K,2014-03-03,62,,0001140361-14-010442
1061219,2014-03-31,10-Q,2014-05-09,39,,0001061219-14-000010
1061219,2014-06-30,10-Q,2014-08-11,42,,0001061219-14-000023
1061219,2014-09-30,10-Q,2014-11-10,41,,0001061219-14-000031
1061219,2014-12-31,10-K,2015-03-02,61,,0001061219-15-000007
1061219,2015-03-31,10-Q,2015-05-08,38,,0001061219-15-000017
1061219,2015-06-30,10-Q,2015-08-07,38,,0001061219-15-000033
1061219,2015-09-30,10-Q,2015-11-06,37,,0001061219-15-000045
1061219,2015-12-31,10-K,2016-02-26,57,,0001061219-16-000058
1061219,2016-03-31,10-Q,2016-05-06,36,,0001061219-16-000070
1061219,2016-06-30,10-Q,2016-08-03,34,,0001061219-16-000077
1061219,2016-09-30,10-Q,2016-11-04,35,,0001061219-16-000088
1061219,2016-12-31,10-K,2017-02-24,55,,0001061219-17-000008
1061219,2017-03-31,10-Q,2017-05-08,38,,0001061219-17-000016
1061219,2017-06-30,10-Q,2017-08-04,35,,0001061219-17-000025
1061219,2017-09-30,10-Q,2017-11-06,37,,0001061219-17-000034
1061219,2017-12-31,10-K,2018-02-28,59,,0001061219-18-000008
1061219,2018-03-31,10-Q,2018-05-09,39,,0001061219-18-000016
1061219,2018-06-30,10-Q,2018-08-08,39,,0001061219-18-000026
1061219,2018-09-30,10-Q,2018-11-08,39,,0001061219-18-000037
1061219,2018-12-31,10-K,2019-03-01,60,,0001061219-19-000007
1061219,2019-03-31,10-Q,2019-05-08,38,,0001061219-19-000015
1061219,2019-06-30,10-Q,2019-08-09,40,,0001061219-19-000028
1061219,2019-09-30,10-Q,2019-11-08,39,,0001061219-19-000047
1061219,2019-12-31,10-K,2020-02-28,59,,0001061219-20-000014
1061219,2020-03-31,10-Q,2020-05-08,38,,0001061219-20-000022
1061219,2020-06-30,10-Q,2020-08-10,41,,0001061219-20-000030
1061219,2020-09-30,10-Q,2020-11-06,37,,0001061219-20-000040
1061219,2020-12-31,10-K,2021-03-01,60,,0001061219-21-000009
1061219,2021-03-31,10-Q,2021-05-07,37,,0001061219-21-000017
1061219,2021-06-30,10-Q,2021-08-09,40,,0001061219-21-000025
1061219,2021-09-30,10-Q,2021-11-08,39,,0001061219-21-000032
1061219,2021-12-31,10-K,2022-02-28,59,,0001061219-22-000008
1061219,2022-03-31,10-Q,2022-05-10,40,,0001061219-22-000016
1061219,2022-06-30,10-Q,2022-08-09,40,,0001061219-22-000020
1061219,2022-09-30,10-Q,2022-11-08,39,,0001061219-22-000027
1061219,2022-12-31,10-K,2023-02-28,59,,0001061219-23-000006
1061219,2023-03-31,10-Q,2023-05-10,40,,0001061219-23-000012
1061219,2023-06-30,10-Q,2023-08-09,40,,0001061219-23-000017
1061219,2023-09-30,10-Q,2023-11-09,40,,0001061219-23-000022
1061219,2023-12-31,10-K,2024-02-28,59,,0001061219-24-000006
1061219,2024-03-31,10-Q,2024-05-09,39,,0001061219-24-000011
1061219,2024-06-30,10-Q,2024-08-09,40,,0001061219-24-000016
1061219,2024-09-30,10-Q,2024-11-08,39,,0001061219-24-000021
1061219,2024-12-31,10-K,2025-02-28,59,,0001061219-25-000006
1065280,2012-03-31,10-Q,2012-04-27,27,,0001445305-12-001242
1065280,2012-06-30,10-Q,2012-08-02,33,,0001065280-12-000012
1065280,2012-09-30,10-Q,2012-10-30,30,,0001065280-12-000020
1065280,2012-12-31,10-K,2013-02-01,32,,0001065280-13-000008
1065280,2013-03-31,10-Q,2013-04-26,26,,0001065280-13-000020
1065280,2013-06-30,10-Q,2013-07-25,25,,0001065280-13-000030
1065280,2013-09-30,10-Q,2013-10-25,25,,0001065280-13-000036
1065280,2013-12-31,10-K,2014-02-03,34,,0001065280-14-000006
1065280,2014-03-31,10-Q,2014-04-23,23,,0001065280-14-000012
1065280,2014-06-30,10-Q,2014-07-22,22,,0001065280-14-000021
1065280,2014-09-30,10-Q,2014-10-20,20,,0001065280-14-000028
1065280,2014-12-31,10-K,2015-01-29,29,,0001065280-15-000006
1065280,2015-03-31,10-Q,2015-04-17,17,,0001065280-15-000017
1065280,2015-06-30,10-Q,2015-07-17,17,,0001065280-15-000031
1065280,2015-09-30,10-Q,2015-10-16,16,,0001065280-15-000038
1065280,2015-12-31,10-K,2016-01-28,28,,0001065280-16-000047
1065280,2016-03-31,10-Q,2016-04-20,20,,0001065280-16-000057
1065280,2016-06-30,10-Q,2016-07-19,19,,0001065280-16-000072
1065280,2016-09-30,10-Q,2016-10-20,20,,0001065280-16-000081
1065280,2016-12-31,10-K,2017-01-27,27,,0001628280-17-000496
1065280,2017-03-31,10-Q,2017-04-20,20,,0001628280-17-003939
1065280,2017-06-30,10-Q,2017-07-19,19,,0001065280-17-000046
1065280,2017-09-30,10-Q,2017-10-18,18,,0001065280-17-000180
1065280,2017-12-31,10-K,2018-01-29,29,,0001065280-18-000069
1065280,2018-03-31,10-Q,2018-04-18,18,,0001065280-18-000205
1065280,2018-06-30,10-Q,2018-07-18,18,,0001065280-18-000360
1065280,2018-09-30,10-Q,2018-10-18,18,,0001065280-18-000538
1065280,2018-12-31,10-K,2019-01-29,29,,0001065280-19-000043
1065280,2019-03-31,10-Q,2019-04-18,18,,0001065280-19-000157
1065280,2019-06-30,10-Q,2019-07-19,19,,0001065280-19-000260
1065280,2019-09-30,10-Q,2019-10-18,18,,0001065280-19-000368
1065280,2019-12-31,10-K,2020-01-29,29,,0001065280-20-000040
1065280,2020-03-31,10-Q,2020-04-21,21,,0001065280-20-000155
1065280,2020-06-30,10-Q,2020-07-20,20,,0001065280-20-000309
1065280,2020-09-30,10-Q,2020-10-22,22,,0001065280-20-000451
1065280,2020-12-31,10-K,2021-01-28,28,,0001065280-21-000040
1065280,2021-03-31,10-Q,2021-04-22,22,,0001065280-21-000144
1065280,2021-06-30,10-Q,2021-07-22,22,,0001065280-21-000250
1065280,2021-09-30,10-Q,2021-10-21,21,,0001065280-21-000363
1065280,2021-12-31,10-K,2022-01-27,27,,0001065280-22-000036
1065280,2022-03-31,10-Q,2022-04-21,21,,0001065280-22-000145
1065280,2022-06-30,10-Q,2022-07-21,21,,0001065280-22-000257
1065280,2022-09-30,10-Q,2022-10-20,20,,0001065280-22-000368
1065280,2022-12-31,10-K,2023-01-26,26,,0001065280-23-000035
1065280,2023-03-31,10-Q,2023-04-21,21,,0001065280-23-000120
1065280,2023-06-30,10-Q,2023-07-21,21,,0001065280-23-000198
1065280,2023-09-30,10-Q,2023-10-20,20,,0001065280-23-000273
1065280,2023-12-31,10-K,2024-01-26,26,,0001065280-24-000030
1065280,2024-03-31,10-Q,2024-04-22,22,,0001065280-24-000128
1065280,2024-06-30,10-Q,2024-07-19,19,,0001065280-24-000200
1065280,2024-09-30,10-Q,2024-10-18,18,,0001065280-24-000287
1065280,2024-12-31,10-K,2025-01-27,27,,0001065280-25-000044
1067983,2012-03-31,10-Q,2012-05-04,34,,0001157523-12-002551
1067983,2012-06-30,10-Q,2012-08-03,34,,0001157523-12-004238
1067983,2012-09-30,10-Q,2012-11-02,33,,0001193125-12-449402
1067983,2012-12-31,10-K,2013-03-01,60,,0001193125-13-087679
1067983,2013-03-31,10-Q,2013-05-03,33,,0001193125-13-199397
1067983,2013-06-30,10-Q,2013-08-02,33,,0001193125-13-317399
1067983,2013-09-30,10-Q,2013-11-01,32,,0001193125-13-423169
1067983,2013-12-31,10-K,2014-03-03,62,,0001193125-14-078778
1067983,2014-03-31,10-Q,2014-05-02,32,,0001193125-14-180321
1067983,2014-06-30,10-Q,2014-08-01,32,,0001193125-14-291724
1067983,2014-09-30,10-Q,2014-11-07,38,,0001193125-14-403605
1067983,2014-12-31,10-K,2015-03-02,61,,0001193125-15-070966
1067983,2015-03-31,10-Q,2015-05-01,31,,0001193125-15-166595
1067983,2015-06-30,10-Q,2015-08-07,38,,0001193125-15-283231
1067983,2015-09-30,10-Q,2015-11-06,37,,0001193125-15-370187
1067983,2015-12-31,10-K,2016-02-29,60,,0001193125-16-483023
1067983,2016-03-31,10-Q,2016-05-06,36,,0001193125-16-582004
1067983,2016-06-30,10-Q,2016-08-05,36,,0001193125-16-673492
1067983,2016-09-30,10-Q,2016-11-04,35,,0001193125-16-760194
1067983,2016-12-31,10-K,2017-02-27,58,,0001193125-17-056969
1067983,2017-03-31,10-Q,2017-05-05,35,,0001193125-17-160889
1067983,2017-06-30,10-Q,2017-08-04,35,,0001193125-17-248832
1067983,2017-09-30,10-Q,2017-11-03,34,,0001193125-17-332829
1067983,2017-12-31,10-K,2018-02-26,57,,0001193125-18-057033
1067983,2018-03-31,10-Q,2018-05-07,37,,0001193125-18-153460
1067983,2018-06-30,10-Q,2018-08-06,37,,0001193125-18-238892
1067983,2018-09-30,10-Q,2018-11-05,36,,0001193125-18-317734
1067983,2018-12-31,10-K,2019-02-25,56,,0001193125-19-048926
1067983,2019-03-31,10-Q,2019-05-06,36,,0001193125-19-137433
1067983,2019-06-30,10-Q,2019-08-05,36,,0001564590-19-028491
1067983,2019-09-30,10-Q,2019-11-04,35,,0000950123-19-009995
1067983,2019-12-31,10-K,2020-02-24,55,,0001564590-20-005874
1067983,2020-03-31,10-Q,2020-05-04,34,,0001564590-20-020599
1067983,2020-06-30,10-Q,2020-08-10,41,,0001564590-20-038544
1067983,2020-09-30,10-Q,2020-11-09,40,,0001564590-20-052144
1067983,2020-12-31,10-K,2021-03-01,60,,0001564590-21-009611
1067983,2021-03-31,10-Q,2021-05-03,33,,0001564590-21-022703
1067983,2021-06-30,10-Q,2021-08-09,40,,0001564590-21-042312
1067983,2021-09-30,10-Q,2021-11-08,39,,0001564590-21-055032
1067983,2021-12-31,10-K,2022-02-28,59,,0001564590-22-007322
1067983,2022-03-31,10-Q,2022-05-02,32,,0001564590-22-016907
1067983,2022-06-30,10-Q,2022-08-08,39,,0001564590-22-028282
1067983,2022-09-30,10-Q,2022-11-07,38,,0000950170-22-022287
1067983,2022-12-31,10-K,2023-02-27,58,,0000950170-23-004451
1067983,2023-03-31,10-Q,2023-05-08,38,,0000950170-23-018438
1067983,2023-06-30,10-Q,2023-08-07,38,,0000950170-23-038705
1067983,2023-09-30,10-Q,2023-11-06,37,,0000950170-23-058993
1067983,2023-12-31,10-K,2024-02-26,57,,0000950170-24-019719
1067983,2024-03-31,10-Q,2024-05-06,36,,0000950170-24-053185
1067983,2024-06-30,10-Q,2024-08-05,36,,0000950170-24-090305
1067983,2024-09-30,10-Q,2024-11-04,35,,0000950170-24-120241
1067983,2024-12-31,10-K,2025-02-24,55,,0000950170-25-025210
1070423,2012-03-31,10-Q,2012-05-08,38,,0001104659-12-034423
1070423,2012-06-30,10-Q,2012-08-09,40,,0001104659-12-056430
1070423,2012-09-30,10-Q,2012-11-07,38,,0001104659-12-075431
1070423,2012-12-31,10-K,2013-02-27,58,,0001104659-13-015163
1070423,2013-03-31,10-Q,2013-05-08,38,,0001104659-13-038884
1070423,2013-06-30,10-Q,2013-08-08,39,,0001104659-13-061163
1070423,2013-09-30,10-Q,2013-11-06,37,,0001104659-13-081805
1070423,2013-12-31,10-K,2014-02-28,59,,0001104659-14-014322
1070423,2014-03-31,10-Q,2014-05-09,39,,0001104659-14-036951
1070423,2014-06-30,10-Q,2014-08-08,39,,0001104659-14-058819
1070423,2014-09-30,10-Q,2014-11-07,38,,0001104659-14-078159
1070423,2014-12-31,10-K,2015-02-25,56,,0001104659-15-013616
1070423,2015-03-31,10-Q,2015-05-08,38,,0001104659-15-036050
1070423,2015-06-30,10-Q,2015-08-07,38,,0001558370-15-001520
1070423,2015-09-30,10-Q,2015-11-06,37,,0001558370-15-002401
1070423,2015-12-31,10-K,2016-02-25,56,,0001104659-16-100030
1070423,2016-03-31,10-Q,2016-05-10,40,,0001104659-16-119394
1070423,2016-06-30,10-Q,2016-08-08,39,,0001104659-16-137855
1070423,2016-09-30,10-Q,2016-11-08,39,,0001070423-16-000004
1070423,2016-12-31,10-K,2017-02-23,54,,0001070423-17-000003
1070423,2017-03-31,10-Q,2017-05-10,40,,0001070423-17-000009
1070423,2017-06-30,10-Q,2017-08-08,39,,0001070423-17-000015
1070423,2017-09-30,10-Q,2017-11-09,40,,0001070423-17-000021
1070423,2017-12-31,10-K,2018-02-27,58,,0001070423-18-000006
1070423,2018-03-31,10-Q,2018-05-09,39,,0001070423-18-000009
1070423,2018-06-30,10-Q,2018-08-09,40,,0001070423-18-000012
1070423,2018-09-30,10-Q,2018-11-08,39,,0001070423-18-000015
1070423,2018-12-31,10-K,2019-02-27,58,,0001070423-19-000004
1070423,2019-03-31,10-Q,2019-05-10,40,,0001070423-19-000007
1070423,2019-06-30,10-Q,2019-08-08,39,,0001070423-19-000010
1070423,2019-09-30,10-Q,2019-11-07,38,,0001070423-19-000013
1070423,2019-12-31,10-K,2020-02-27,58,,0001070423-20-000004
1070423,2020-03-31,10-Q,2020-05-08,38,,0001070423-20-000015
1070423,2020-06-30,10-Q,2020-08-07,38,,0001070423-20-000022
1070423,2020-09-30,10-Q,2020-11-06,37,,0001070423-20-000031
1070423,2020-12-31,10-K,2021-03-01,60,,0001070423-21-000008
1070423,2021-03-31,10-Q,2021-05-10,40,,0001070423-21-000014
1070423,2021-06-30,10-Q,2021-08-06,37,,0001070423-21-000022
1070423,2021-09-30,10-Q,2021-11-08,39,,0001070423-21-000028
1070423,2021-12-31,10-K,2022-03-01,60,,0001070423-22-000006
1070423,2022-03-31,10-Q,2022-05-10,40,,0001070423-22-000012
1070423,2022-06-30,10-Q,2022-08-09,40,,0001070423-22-000019
1070423,2022-09-30,10-Q,2022-11-08,39,,0001070423-22-000026
1070423,2022-12-31,10-K,2023-03-01,60,,0001070423-23-000006
1070423,2023-03-31,10-Q,2023-05-10,40,,0001070423-23-000012
1070423,2023-06-30,10-Q,2023-08-09,40,,0001070423-23-000018
1070423,2023-09-30,10-Q,2023-11-08,39,,0001070423-23-000024
1070423,2023-12-31,10-K,2024-02-29,60,,0001070423-24-000008
1070423,2024-03-31,10-Q,2024-05-10,40,,0001070423-24-000014
1070423,2024-06-30,10-Q,2024-08-09,40,,0001070423-24-000020
1070423,2024-09-30,10-Q,2024-11-08,39,,0001070423-24-000027
1070423,2024-12-31,10-K,2025-02-28,59,,0001070423-25-000006
1071739,2012-03-31,10-Q,2012-04-24,24,,0001071739-12-000015
1071739,2012-06-30,10-Q,2012-07-24,24,,0001071739-12-000030
1071739,2012-09-30,10-Q,2012-10-23,23,,0001071739-12-000061
1071739,2012-12-31,10-K,2013-02-19,50,,0001071739-13-000024
1071739,2013-03-31,10-Q,2013-04-23,23,,0001071739-13-000057
1071739,2013-06-30,10-Q,2013-07-23,23,,0001071739-13-000116
1071739,2013-09-30,10-Q,2013-10-22,22,,0001071739-13-000141
1071739,2013-12-31,10-K,2014-02-21,52,,0001071739-14-000033
1071739,2014-03-31,10-Q,2014-04-22,22,,0001071739-14-000056
1071739,2014-06-30,10-Q,2014-07-22,22,,0001071739-14-000089
1071739,2014-09-30,10-Q,2014-10-28,28,,0001071739-14-000121
1071739,2014-12-31,10-K,2015-02-23,54,,0001071739-15-000034
1071739,2015-03-31,10-Q,2015-04-28,28,,0001071739-15-000051
1071739,2015-06-30,10-Q,2015-07-28,28,,0001071739-15-000092
1071739,2015-09-30,10-Q,2015-10-27,27,,0001071739-15-000117
1071739,2015-12-31,10-K,2016-02-22,53,,0001071739-16-000192
1071739,2016-03-31,10-Q,2016-04-26,26,,0001071739-16-000217
1071739,2016-06-30,10-Q,2016-07-26,26,,0001071739-16-000260
1071739,2016-09-30,10-Q,2016-10-25,25,,0001071739-16-000291
1071739,2016-12-31,10-K,2017-02-21,52,,0001071739-17-000018
1071739,2017-03-31,10-Q,2017-04-25,25,,0001071739-17-000033
1071739,2017-06-30,10-Q,2017-07-25,25,,0001071739-17-000075
1071739,2017-09-30,10-Q,2017-10-24,24,,0001071739-17-000088
1071739,2017-12-31,10-K,2018-02-20,51,,0001071739-18-000030
1071739,2018-03-31,10-Q,2018-04-24,24,,0001071739-18-000060
1071739,2018-06-30,10-Q,2018-07-24,24,,0001071739-18-000097
1071739,2018-09-30,10-Q,2018-10-23,23,,0001071739-18-000114
1071739,2018-12-31,10-K,2019-02-19,50,,0001071739-19-000032
1071739,2019-03-31,10-Q,2019-04-23,23,,0001071739-19-000056
1071739,2019-06-30,10-Q,2019-07-23,23,,0001071739-19-000082
1071739,2019-09-30,10-Q,2019-10-22,22,,0001071739-19-000099
1071739,2019-12-31,10-K,2020-02-18,49,,0001071739-20-000060
1071739,2020-03-31,10-Q,2020-04-28,28,,0001071739-20-000121
1071739,2020-06-30,10-Q,2020-07-28,28,,0001071739-20-000190
1071739,2020-09-30,10-Q,2020-10-27,27,,0001071739-20-000226
1071739,2020-12-31,10-K,2021-02-22,53,,0001071739-21-000039
1071739,2021-03-31,10-Q,2021-04-27,27,,0001071739-21-000092
1071739,2021-06-30,10-Q,2021-07-27,27,,0001071739-21-000183
1071739,2021-09-30,10-Q,2021-10-26,26,,0001071739-21-000226
1071739,2021-12-31,10-K,2022-02-22,53,,0001071739-22-000071
1071739,2022-03-31,10-Q,2022-04-26,26,,0001071739-22-000177
1071739,2022-06-30,10-Q,2022-07-26,26,,0001071739-22-000286
1071739,2022-09-30,10-Q,2022-10-25,25,,0001071739-22-000361
1071739,2022-12-31,10-K,2023-02-21,52,,0001071739-23-000047
1071739,2023-03-31,10-Q,2023-04-25,25,,0001071739-23-000116
1071739,2023-06-30,10-Q,2023-07-28,28,,0001071739-23-000183
1071739,2023-09-30,10-Q,2023-10-24,24,,0001071739-23-000209
1071739,2023-12-31,10-K,2024-02-20,51,,0001071739-24-000037
1071739,2024-03-31,10-Q,2024-04-26,26,,0001071739-24-000097
1071739,2024-06-30,10-Q,2024-07-26,26,,0001071739-24-000157
1071739,2024-09-30,10-Q,2024-10-25,25,,0001071739-24-000200
1071739,2024-12-31,10-K,2025-02-18,49,,0001071739-25-000027
1081316,2012-03-31,10-Q,2012-05-04,34,,0001081316-12-000016
1081316,2012-06-30,10-Q,2012-08-03,34,,0001081316-12-000024
1081316,2012-09-30,10-Q,2012-11-02,33,,0001081316-12-000030
1081316,2012-12-31,10-K,2013-03-01,60,,0001081316-13-000004
1081316,2013-03-31,10-Q,2013-05-03,33,,0001081316-13-000012
1081316,2013-06-30,10-Q,2013-08-02,33,,0001081316-13-000022
1081316,2013-09-30,10-Q,2013-11-01,32,,0001081316-13-000028
1081316,2013-12-31,10-K,2014-03-03,62,,0001081316-14-000006
1081316,2014-03-31,10-Q,2014-05-02,32,,0001081316-14-000022
1081316,2014-06-30,10-Q,2014-08-01,32,,0001081316-14-000028
1081316,2014-09-30,10-Q,2014-11-07,38,,0001081316-14-000032
1081316,2014-12-31,10-K,2015-03-02,61,,0001081316-15-000003
1081316,2015-03-31,10-Q,2015-05-01,31,,0001081316-15-000010
1081316,2015-06-30,10-Q,2015-08-07,38,,0001081316-15-000013
1081316,2015-09-30,10-Q,2015-11-06,37,,0001081316-15-000018
1081316,2015-12-31,10-K,2016-02-29,60,,0001081316-16-000023
1081316,2016-03-31,10-Q,2016-05-06,36,,0001081316-16-000033
1081316,2016-06-30,10-Q,2016-08-05,36,,0001081316-16-000041
1081316,2016-09-30,10-Q,2016-11-04,35,,0001081316-16-000048
1081316,2016-12-31,10-K,2017-02-27,58,,0001081316-17-000005
1081316,2017-03-31,10-Q,2017-05-05,35,,0001081316-17-000017
1081316,2017-06-30,10-Q,2017-08-04,35,,0001081316-17-000021
1081316,2017-09-30,10-Q,2017-11-03,34,,0001081316-17-000027
1081316,2017-12-31,10-K,2018-02-26,57,,0001081316-18-000014
1081316,2018-03-31,10-Q,2018-05-07,37,,0001081316-18-000021
1081316,2018-06-30,10-Q,2018-08-06,37,,0001081316-18-000025
1081316,2018-09-30,10-Q,2018-11-05,36,,0001081316-18-000029
1081316,2018-12-31,10-K,2019-02-25,56,,0001081316-19-000003
1081316,2019-03-31,10-Q,2019-05-06,36,,0001081316-19-000010
1081316,2019-06-30,10-Q,2019-08-05,36,,0001081316-19-000014
1081316,2019-09-30,10-Q,2019-11-04,35,,0001081316-19-000017
1081316,2019-12-31,10-K,2020-02-24,55,,0001081316-20-000003
1081316,2020-03-31,10-Q,2020-05-04,34,,0001081316-20-000019
1081316,2020-06-30,10-Q,2020-08-07,38,,0001081316-20-000022
1081316,2020-09-30,10-Q,2020-11-09,40,,0001081316-20-000026
1081316,2020-12-31,10-K,2021-03-01,60,,0001081316-21-000011
1081316,2021-03-31,10-Q,2021-05-03,33,,0001081316-21-000019
1081316,2021-06-30,10-Q,2021-08-09,40,,0001081316-21-000029
1081316,2021-09-30,10-Q,2021-11-08,39,,0001081316-21-000037
1081316,2021-12-31,10-K,2022-02-28,59,,0001081316-22-000004
1081316,2022-03-31,10-Q,2022-05-02,32,,0001081316-22-000020
1081316,2022-06-30,10-Q,2022-08-08,39,,0001081316-22-000025
1081316,2022-09-30,10-Q,2022-11-07,38,,0001081316-22-000046
1081316,2022-12-31,10-K,2023-02-27,58,,0001081316-23-000005
1081316,2023-03-31,10-Q,2023-05-08,38,,0001081316-23-000020
1081316,2023-06-30,10-Q,2023-08-07,38,,0001081316-23-000028
1081316,2023-09-30,10-Q,2023-11-06,37,,0001081316-23-000032
1081316,2023-12-31,10-K,2024-02-26,57,,0001081316-24-000003
1081316,2024-03-31,10-Q,2024-05-06,36,,0001081316-24-000010
1081316,2024-06-30,10-Q,2024-08-05,36,,0001081316-24-000016
1081316,2024-09-30,10-Q,2024-11-04,35,,0001081316-24-000022
1081316,2024-12-31,10-K,2025-02-24,55,,0001081316-25-000004
1090727,2012-03-31,10-Q,2012-05-07,37,,0001090727-12-000004
1090727,2012-06-30,10-Q,2012-08-03,34,,0001090727-12-000015
1090727,2012-09-30,10-Q,2012-11-02,33,,0001090727-12-000026
1090727,2012-12-31,10-K,2013-02-28,59,,0001090727-13-000005
1090727,2013-03-31,10-Q,2013-05-03,33,,0001090727-13-000012
1090727,2013-06-30,10-Q,2013-08-02,33,,0001090727-13-000028
1090727,2013-09-30,10-Q,2013-11-05,36,,0001090727-13-000033
1090727,2013-12-31,10-K,2014-02-28,59,,0001090727-14-000009
1090727,2014-03-31,10-Q,2014-05-08,38,,0001090727-14-000017
1090727,2014-06-30,10-Q,2014-08-06,37,,0001090727-14-000028
1090727,2014-09-30,10-Q,2014-11-06,37,,0001090727-14-000036
1090727,2014-12-31,10-K,2015-02-27,58,,0001090727-15-000008
1090727,2015-03-31,10-Q,2015-05-07,37,,0001090727-15-000019
1090727,2015-06-30,10-Q,2015-08-07,38,,0001090727-15-000035
1090727,2015-09-30,10-Q,2015-11-05,36,,0001090727-15-000043
1090727,2015-12-31,10-K,2016-02-25,56,,0001090727-16-000053
1090727,2016-03-31,10-Q,2016-05-10,40,,0001090727-16-000063
1090727,2016-06-30,10-Q,2016-08-05,36,,0001090727-16-000074
1090727,2016-09-30,10-Q,2016-11-03,34,,0001090727-16-000086
1090727,2016-12-31,10-K,2017-02-21,52,,0001090727-17-000011
1090727,2017-03-31,10-Q,2017-05-04,34,,0001090727-17-000020
1090727,2017-06-30,10-Q,2017-08-03,34,,0001090727-17-000029
1090727,2017-09-30,10-Q,2017-11-02,33,,0001090727-17-000035
1090727,2017-12-31,10-K,2018-02-21,52,,0001090727-18-000009
1090727,2018-03-31,10-Q,2018-05-03,33,,0001090727-18-000020
1090727,2018-06-30,10-Q,2018-08-02,33,,0001090727-18-000032
1090727,2018-09-30,10-Q,2018-10-30,30,,0001090727-18-000039
1090727,2018-12-31,10-K,2019-02-21,52,,0001090727-19-000006
1090727,2019-03-31,10-Q,2019-04-30,30,,0001090727-19-000011
1090727,2019-06-30,10-Q,2019-07-30,30,,0001090727-19-000045
1090727,2019-09-30,10-Q,2019-10-29,29,,0001090727-19-000060
1090727,2019-12-31,10-K,2020-02-20,51,,0001090727-20-000005
1090727,2020-03-31,10-Q,2020-05-08,38,,0001090727-20-000023
1090727,2020-06-30,10-Q,2020-08-04,35,,0001090727-20-000037
1090727,2020-09-30,10-Q,2020-11-02,33,,0001090727-20-000047
1090727,2020-12-31,10-K,2021-02-22,53,,0001090727-21-000013
1090727,2021-03-31,10-Q,2021-05-05,35,,0001090727-21-000019
1090727,2021-06-30,10-Q,2021-08-06,37,,0001090727-21-000036
1090727,2021-09-30,10-Q,2021-11-04,35,,0001090727-21-000042
1090727,2021-12-31,10-K,2022-02-22,53,,0001090727-22-000007
1090727,2022-03-31,10-Q,2022-05-04,34,,0001090727-22-000022
1090727,2022-06-30,10-Q,2022-08-03,34,,0001090727-22-000034
1090727,2022-09-30,10-Q,2022-11-02,33,,0001090727-22-000047
1090727,2022-12-31,10-K,2023-02-21,52,,0001090727-23-000006
1090727,2023-03-31,10-Q,2023-05-03,33,,0001090727-23-000025
1090727,2023-06-30,10-Q,2023-08-08,39,,0001090727-23-000038
1090727,2023-09-30,10-Q,2023-11-01,32,,0001090727-23-000054
1090727,2023-12-31,10-K,2024-02-20,51,,0001090727-24-000008
1090727,2024-03-31,10-Q,2024-05-03,33,,0001090727-24-000028
1090727,2024-06-30,10-Q,2024-08-07,38,,0001090727-24-000045
1090727,2024-09-30,10-Q,2024-11-06,37,,0001090727-24-000064
1090727,2024-12-31,10-K,2025-02-18,49,,0001090727-25-000019
1091667,2012-03-31,10-Q,2012-05-08,38,,0001091667-12-000085
1091667,2012-06-30,10-Q,2012-08-07,38,,0001091667-12-000118
1091667,2012-09-30,10-Q,2012-11-06,37,,0001091667-12-000151
1091667,2012-12-31,10-K,2013-02-22,53,,0001091667-13-000020
1091667,2013-03-31,10-Q,2013-05-07,37,,0001091667-13-000088
1091667,2013-06-30,10-Q,2013-08-06,37,,0001091667-13-000140
1091667,2013-09-30,10-Q,2013-11-05,36,,0001091667-13-000171
1091667,2013-12-31,10-K,2014-02-21,52,,0001091667-14-000080
1091667,2014-03-31,10-Q,2014-04-30,30,,0001091667-14-000103
1091667,2014-06-30,10-Q,2014-07-31,31,,0001091667-14-000169
1091667,2014-09-30,10-Q,2014-10-31,31,,0001091667-14-000216
1091667,2014-12-31,10-K,2015-02-24,55,,0001091667-15-000049
1091667,2015-03-31,10-Q,2015-05-01,31,,0001091667-15-000103
1091667,2015-06-30,10-Q,2015-08-04,35,,0001091667-15-000185
1091667,2015-09-30,10-Q,2015-10-29,29,,0001091667-15-000263
1091667,2015-12-31,10-K,2016-02-10,41,,0001091667-16-000396
1091667,2016-03-31,10-Q,2016-04-28,28,,0001091667-16-000470
1091667,2016-06-30,10-Q,2016-08-09,40,,0001091667-16-000549
1091667,2016-09-30,10-Q,2016-11-03,34,,0001091667-16-000576
1091667,2016-12-31,10-K,2017-02-16,47,,0001091667-17-000030
1091667,2017-03-31,10-Q,2017-05-02,32,,0001091667-17-000072
1091667,2017-06-30,10-Q,2017-07-27,27,,0001091667-17-000095
1091667,2017-09-30,10-Q,2017-10-26,26,,0001091667-17-000105
1091667,2017-12-31,10-K,2018-02-02,33,,0001091667-18-000025
1091667,2018-03-31,10-Q,2018-04-27,27,,0001091667-18-000063
1091667,2018-06-30,10-Q,2018-07-31,31,,0001091667-18-000090
1091667,2018-09-30,10-Q,2018-10-26,26,,0001091667-18-000103
1091667,2018-12-31,10-K,2019-01-31,31,,0001091667-19-000029
1091667,2019-03-31,10-Q,2019-04-30,30,,0001091667-19-000085
1091667,2019-06-30,10-Q,2019-07-26,26,,0001091667-19-000097
1091667,2019-09-30,10-Q,2019-10-25,25,,0001091667-19-000113
1091667,2019-12-31,10-K,2020-01-31,31,,0001091667-20-000024
1091667,2020-03-31,10-Q,2020-05-01,31,,0001091667-20-000105
1091667,2020-06-30,10-Q,2020-07-31,31,,0001091667-20-000158
1091667,2020-09-30,10-Q,2020-10-30,30,,0001091667-20-000195
1091667,2020-12-31,10-K,2021-01-29,29,,0001091667-21-000022
1091667,2021-03-31,10-Q,2021-04-30,30,,0001091667-21-000084
1091667,2021-06-30,10-Q,2021-07-30,30,,0001091667-21-000134
1091667,2021-09-30,10-Q,2021-10-29,29,,0001091667-21-000163
1091667,2021-12-31,10-K,2022-01-28,28,,0001091667-22-000024
1091667,2022-03-31,10-Q,2022-04-29,29,,0001091667-22-000066
1091667,2022-06-30,10-Q,2022-07-29,29,,0001091667-22-000090
1091667,2022-09-30,10-Q,2022-10-28,28,,0001091667-22-000115
1091667,2022-12-31,10-K,2023-01-27,27,,0001091667-23-000024
1091667,2023-03-31,10-Q,2023-04-28,28,,0001091667-23-000084
1091667,2023-06-30,10-Q,2023-07-28,28,,0001091667-23-000108
1091667,2023-09-30,10-Q,2023-10-27,27,,0001091667-23-000143
1091667,2023-12-31,10-K,2024-02-02,33,,0001091667-24-000028
1091667,2024-03-31,10-Q,2024-04-26,26,,0001091667-24-000085
1091667,2024-06-30,10-Q,2024-07-26,26,,0001091667-24-000104
1091667,2024-09-30,10-Q,2024-11-01,32,,0001091667-24-000123
1091667,2024-12-31,10-K,2025-01-31,31,,0001091667-25-000034
1099219,2012-03-31,10-Q,2012-05-08,38,,0001193125-12-218690
1099219,2012-06-30,10-Q,2012-08-07,38,,0001193125-12-341187
1099219,2012-09-30,10-Q,2012-11-07,38,,0001193125-12-457730
1099219,2012-12-31,10-K,2013-02-27,58,,0001193125-13-077792
1099219,2013-03-31,10-Q,2013-05-07,37,,0001193125-13-204734
1099219,2013-06-30,10-Q,2013-08-07,38,,0001193125-13-324494
1099219,2013-09-30,10-Q,2013-11-07,38,,0000737026-13-000010
1099219,2013-12-31,10-K,2014-02-27,58,,0000937834-14-000011
1099219,2014-03-31,10-Q,2014-05-08,38,,0000937834-14-000029
1099219,2014-06-30,10-Q,2014-08-08,39,,0000937834-14-000041
1099219,2014-09-30,10-Q,2014-11-06,37,,0000937834-14-000066
1099219,2014-12-31,10-K,2015-02-27,58,,0000937834-15-000009
1099219,2015-03-31,10-Q,2015-05-08,38,,0000937834-15-000027
1099219,2015-06-30,10-Q,2015-08-06,37,,0000937834-15-000046
1099219,2015-09-30,10-Q,2015-11-05,36,,0000937834-15-000059
1099219,2015-12-31,10-K,2016-02-25,56,,0000937834-16-000077
1099219,2016-03-31,10-Q,2016-05-06,36,,0000937834-16-000099
1099219,2016-06-30,10-Q,2016-08-05,36,,0000937834-16-000121
1099219,2016-09-30,10-Q,2016-11-03,34,,0000937834-16-000140
1099219,2016-12-31,10-K,2017-03-01,60,,0000937834-17-000003
1099219,2017-03-31,10-Q,2017-05-05,35,,0000937834-17-000012
1099219,2017-06-30,10-Q,2017-08-04,35,,0000937834-17-000024
1099219,2017-09-30,10-Q,2017-11-06,37,,0000937834-17-000031
1099219,2017-12-31,10-K,2018-03-01,60,,0000937834-18-000005
1099219,2018-03-31,10-Q,2018-05-08,38,,0000937834-18-000022
1099219,2018-06-30,10-Q,2018-08-07,38,,0000937834-18-000036
1099219,2018-09-30,10-Q,2018-11-08,39,,0000937834-18-000052
1099219,2018-12-31,10-K,2019-02-22,53,,0001099219-19-000008
1099219,2019-03-31,10-Q,2019-05-08,38,,0001099219-19-000028
1099219,2019-06-30,10-Q,2019-08-06,37,,0001099219-19-000138
1099219,2019-09-30,10-Q,2019-11-05,36,,0001099219-19-000225
1099219,2019-12-31,10-K,2020-02-21,52,,0001099219-20-000064
1099219,2020-03-31,10-Q,2020-05-08,38,,0001099219-20-000203
1099219,2020-06-30,10-Q,2020-08-07,38,,0001099219-20-000287
1099219,2020-09-30,10-Q,2020-11-09,40,,0001099219-20-000359
1099219,2020-12-31,10-K,2021-02-19,50,,0001099219-21-000050
1099219,2021-03-31,10-Q,2021-05-06,36,,0001099219-21-000177
1099219,2021-06-30,10-Q,2021-08-06,37,,0001099219-21-000270
1099219,2021-09-30,10-Q,2021-11-09,40,,0001099219-21-000337
1099219,2021-12-31,10-K,2022-02-18,49,,0001099219-22-000014
1099219,2022-03-31,10-Q,2022-05-05,35,,0001099219-22-000108
1099219,2022-06-30,10-Q,2022-08-04,35,,0001099219-22-000116
1099219,2022-09-30,10-Q,2022-11-03,34,,0001099219-22-000174
1099219,2022-12-31,10-K,2023-02-23,54,,0001099219-23-000045
1099219,2023-03-31,10-Q,2023-05-04,34,,0001099219-23-000159
1099219,2023-06-30,10-Q,2023-08-04,35,,0001099219-23-000209
1099219,2023-09-30,10-Q,2023-11-02,33,,0001099219-23-000268
1099219,2023-12-31,10-K,2024-02-16,47,,0001099219-24-000035
1099219,2024-03-31,10-Q,2024-05-02,32,,0001099219-24-000141
1099219,2024-06-30,10-Q,2024-08-01,32,,0001099219-24-000201
1099219,2024-09-30,10-Q,2024-11-01,32,,0001099219-24-000257
1099219,2024-12-31,10-K,2025-02-21,52,,0001099219-25-000044
1103982,2012-03-31,10-Q,2012-05-04,34,,0001193125-12-210777
1103982,2012-06-30,10-Q,2012-08-03,34,,0001193125-12-333937
1103982,2012-09-30,10-Q,2012-11-08,39,,0001193125-12-459504
1103982,2012-12-31,10-K,2013-02-25,56,,0001193125-13-073227
1103982,2013-03-31,10-Q,2013-05-08,38,,0001193125-13-207666
1103982,2013-06-30,10-Q,2013-08-08,39,,0001193125-13-325952
1103982,2013-09-30,10-Q,2013-11-07,38,,0001193125-13-431957
1103982,2013-12-31,10-K,2014-03-03,62,,0001193125-14-079175
1103982,2014-03-31,10-Q,2014-05-08,38,,0001193125-14-189125
1103982,2014-06-30,10-Q,2014-08-08,39,,0001193125-14-302145
1103982,2014-09-30,10-Q,2014-11-06,37,,0001193125-14-400312
1103982,2014-12-31,10-K,2015-02-20,51,,0001193125-15-055355
1103982,2015-03-31,10-Q,2015-04-30,30,,0001193125-15-160034
1103982,2015-06-30,10-Q,2015-07-31,31,,0001193125-15-272328
1103982,2015-09-30,10-Q,2015-10-29,29,,0001193125-15-357422
1103982,2015-12-31,10-K,2016-02-19,50,,0001193125-16-469394
1103982,2016-03-31,10-Q,2016-04-28,28,,0001193125-16-561707
1103982,2016-06-30,10-Q,2016-07-27,27,,0001193125-16-660006
1103982,2016-09-30,10-Q,2016-10-26,26,,0001193125-16-747755
1103982,2016-12-31,10-K,2017-02-24,55,,0001193125-17-055858
1103982,2017-03-31,10-Q,2017-05-03,33,,0001193125-17-155252
1103982,2017-06-30,10-Q,2017-08-02,33,,0001193125-17-245459
1103982,2017-09-30,10-Q,2017-10-31,31,,0001193125-17-326282
1103982,2017-12-31,10-K,2018-02-09,40,,0001193125-18-037332
1103982,2018-03-31,10-Q,2018-05-02,32,,0001103982-18-000005
1103982,2018-06-30,10-Q,2018-07-26,26,,0001103982-18-000009
1103982,2018-09-30,10-Q,2018-10-30,30,,0001103982-18-000013
1103982,2018-12-31,10-K,2019-02-08,39,,0001103982-19-000005
1103982,2019-03-31,10-Q,2019-05-01,31,,0001103982-19-000010
1103982,2019-06-30,10-Q,2019-07-31,31,,0001103982-19-000014
1103982,2019-09-30,10-Q,2019-10-30,30,,0001103982-19-000017
1103982,2019-12-31,10-K,2020-02-07,38,,0001103982-20-000003
1103982,2020-03-31,10-Q,2020-04-29,29,,0001103982-20-000006
1103982,2020-06-30,10-Q,2020-07-29,29,,0001103982-20-000009
1103982,2020-09-30,10-Q,2020-11-03,34,,0001103982-20-000014
1103982,2020-12-31,10-K,2021-02-05,36,,0001103982-21-000004
1103982,2021-03-31,10-Q,2021-04-28,28,,0001103982-21-000008
1103982,2021-06-30,10-Q,2021-07-27,27,,0001103982-21-000013
1103982,2021-09-30,10-Q,2021-11-02,33,,0001103982-21-000018
1103982,2021-12-31,10-K,2022-02-04,35,,0001103982-22-000003
1103982,2022-03-31,10-Q,2022-04-26,26,,0001103982-22-000007
1103982,2022-06-30,10-Q,2022-07-26,26,,0001103982-22-000012
1103982,2022-09-30,10-Q,2022-11-01,32,,0001103982-22-000018
1103982,2022-12-31,10-K,2023-02-03,34,,0001103982-23-000006
1103982,2023-03-31,10-Q,2023-04-27,27,,0001103982-23-000018
1103982,2023-06-30,10-Q,2023-07-27,27,,0001103982-23-000043
1103982,2023-09-30,10-Q,2023-11-01,32,,0001103982-23-000075
1103982,2023-12-31,10-K,2024-02-02,33,,0001103982-24-000019
1103982,2024-03-31,10-Q,2024-04-30,30,,0001103982-24-000055
1103982,2024-06-30,10-Q,2024-07-30,30,,0001103982-24-000092
1103982,2024-09-30,10-Q,2024-10-29,29,,0001103982-24-000104
1103982,2024-12-31,10-K,2025-02-05,36,,0001103982-25-000030
1108524,2012-01-31,10-K,2012-03-09,38,,0001193125-12-107281
1108524,2012-04-30,10-Q,2012-05-25,25,,0001193125-12-249119
1108524,2012-07-31,10-Q,2012-08-31,31,,0001193125-12-377656
1108524,2012-10-31,10-Q,2012-11-28,28,,0001193125-12-483959
1108524,2013-01-31,10-K,2013-03-08,36,,0001193125-13-098852
1108524,2013-04-30,10-Q,2013-05-24,24,,0001193125-13-235664
1108524,2013-07-31,10-Q,2013-08-30,30,,0001193125-13-354101
1108524,2013-10-31,10-Q,2013-11-25,25,,0001193125-13-453124
1108524,2014-01-31,10-K,2014-03-05,33,,0001193125-14-084762
1108524,2014-04-30,10-Q,2014-05-30,30,,0001445305-14-002370
1108524,2014-07-31,10-Q,2014-08-26,26,,0001108524-14-000009
1108524,2014-10-31,10-Q,2014-11-26,26,,0001108524-14-000023
1108524,2015-01-31,10-K,2015-03-06,34,,0001108524-15-000008
1108524,2015-04-30,10-Q,2015-05-22,22,,0001108524-15-000014
1108524,2015-07-31,10-Q,2015-08-25,25,,0001108524-15-000025
1108524,2015-10-31,10-Q,2015-11-20,20,,0001108524-15-000034
1108524,2016-01-31,10-K,2016-03-07,36,,0001108524-16-000053
1108524,2016-04-30,10-Q,2016-05-20,20,,0001108524-16-000066
1108524,2016-07-31,10-Q,2016-09-01,32,,0001108524-16-000085
1108524,2016-10-31,10-Q,2016-11-21,21,,0001108524-16-000128
1108524,2017-01-31,10-K,2017-03-06,34,,0001108524-17-000006
1108524,2017-04-30,10-Q,2017-05-22,22,,0001108524-17-000012
1108524,2017-07-31,10-Q,2017-08-25,25,,0001108524-17-000020
1108524,2017-10-31,10-Q,2017-11-22,22,,0001108524-17-000040
1108524,2018-01-31,10-K,2018-03-09,37,,0001108524-18-000011
1108524,2018-04-30,10-Q,2018-05-31,31,,0001108524-18-000035
1108524,2018-07-31,10-Q,2018-08-31,31,,0001108524-18-000057
1108524,2018-10-31,10-Q,2018-11-28,28,,0001108524-18-000087
1108524,2019-01-31,10-K,2019-03-08,36,,0001108524-19-000009
1108524,2019-04-30,10-Q,2019-06-05,36,,0001108524-19-000025
1108524,2019-07-31,10-Q,2019-08-23,23,,0001108524-19-000052
1108524,2019-10-31,10-Q,2019-12-04,34,,0001108524-19-000076
1108524,2020-01-31,10-K,2020-03-05,34,,0001108524-20-000014
1108524,2020-04-30,10-Q,2020-06-01,32,,0001108524-22-000007
1108524,2020-07-31,10-Q,2020-08-28,28,,0001108524-20-000041
1108524,2020-10-31,10-Q,2020-12-04,34,,0001108524-20-000047
1108524,2021-01-31,10-K,2021-03-17,45,,0001108524-22-000008
1108524,2021-04-30,10-Q,2021-06-02,33,,0001108524-21-000030
1108524,2021-07-31,10-Q,2021-08-27,27,,0001108524-21-000047
1108524,2021-10-31,10-Q,2021-12-02,32,,0001108524-21-000055
1108524,2022-01-31,10-K,2022-03-11,39,,0001108524-22-000013
1108524,2022-04-30,10-Q,2022-06-01,32,,0001108524-22-000022
1108524,2022-07-31,10-Q,2022-08-25,25,,0001108524-22-000041
1108524,2022-10-31,10-Q,2022-12-01,31,,0001108524-22-000060
1108524,2023-01-31,10-K,2023-03-08,36,,0001108524-23-000011
1108524,2023-04-30,10-Q,2023-06-01,32,,0001108524-23-000023
1108524,2023-07-31,10-Q,2023-08-31,31,,0001108524-23-000040
1108524,2023-10-31,10-Q,2023-11-30,30,,0001108524-23-000048
1108524,2024-01-31,10-K,2024-03-06,35,,0001108524-24-000005
1108524,2024-04-30,10-Q,2024-05-30,30,,0001108524-24-000009
1108524,2024-07-31,10-Q,2024-08-29,29,,0001108524-24-000022
1108524,2024-10-31,10-Q,2024-12-04,34,,0001108524-24-000034
1133421,2012-03-31,10-Q,2012-04-25,25,,0001133421-12-000015
1133421,2012-06-30,10-Q,2012-07-25,25,,0001133421-12-000033
1133421,2012-09-30,10-Q,2012-10-24,24,,0001133421-12-000046
1133421,2012-12-31,10-K,2013-02-05,36,,0001133421-13-000007
1133421,2013-03-31,10-Q,2013-04-24,24,,0001133421-13-000027
1133421,2013-06-30,10-Q,2013-07-24,24,,0001133421-13-000061
1133421,2013-09-30,10-Q,2013-10-23,23,,0001133421-13-000076
1133421,2013-12-31,10-K,2014-02-03,34,,0001133421-14-000006
1133421,2014-03-31,10-Q,2014-04-23,23,,0001133421-14-000021
1133421,2014-06-30,10-Q,2014-07-23,23,,0001133421-14-000049
1133421,2014-09-30,10-Q,2014-10-22,22,,0001133421-14-000056
1133421,2014-12-31,10-K,2015-02-02,33,,0001133421-15-000008
1133421,2015-03-31,10-Q,2015-04-29,29,,0001133421-15-000026
1133421,2015-06-30,10-Q,2015-07-29,29,,0001133421-15-000048
1133421,2015-09-30,10-Q,2015-10-28,28,,0001133421-15-000057
1133421,2015-12-31,10-K,2016-02-01,32,,0001133421-16-000065
1133421,2016-03-31,10-Q,2016-04-27,27,,0001133421-16-000080
1133421,2016-06-30,10-Q,2016-07-27,27,,0001133421-16-000103
1133421,2016-09-30,10-Q,2016-10-26,26,,0001133421-16-000109
1133421,2016-12-31,10-K,2017-01-30,30,,0001133421-17-000008
1133421,2017-03-31,10-Q,2017-04-26,26,,0001133421-17-000020
1133421,2017-06-30,10-Q,2017-07-26,26,,0001133421-17-000038
1133421,2017-09-30,10-Q,2017-10-25,25,,0001133421-17-000045
1133421,2017-12-31,10-K,2018-01-29,29,,0001133421-18-000005
1133421,2018-03-31,10-Q,2018-04-25,25,,0001133421-18-000012
1133421,2018-06-30,10-Q,2018-07-25,25,,0001133421-18-000038
1133421,2018-09-30,10-Q,2018-10-24,24,,0001133421-18-000048
1133421,2018-12-31,10-K,2019-01-31,31,,0001133421-19-000007
1133421,2019-03-31,10-Q,2019-04-24,24,,0001133421-19-000021
1133421,2019-06-30,10-Q,2019-07-24,24,,0001133421-19-000047
1133421,2019-09-30,10-Q,2019-10-24,24,,0001133421-19-000055
1133421,2019-12-31,10-K,2020-01-30,30,,0001133421-20-000006
1133421,2020-03-31,10-Q,2020-04-29,29,,0001133421-20-000019
1133421,2020-06-30,10-Q,2020-07-30,30,,0001133421-20-000042
1133421,2020-09-30,10-Q,2020-10-22,22,,0001133421-20-000048
1133421,2020-12-31,10-K,2021-01-28,28,,0001133421-21-000006
1133421,2021-03-31,10-Q,2021-04-29,29,,0001133421-21-000029
1133421,2021-06-30,10-Q,2021-07-29,29,,0001133421-21-000048
1133421,2021-09-30,10-Q,2021-10-28,28,,0001133421-21-000056
1133421,2021-12-31,10-K,2022-01-27,27,,0001133421-22-000004
1133421,2022-03-31,10-Q,2022-04-28,28,,0001133421-22-000013
1133421,2022-06-30,10-Q,2022-07-28,28,,0001133421-22-000031
1133421,2022-09-30,10-Q,2022-10-27,27,,0001133421-22-000042
1133421,2022-12-31,10-K,2023-01-26,26,,0001133421-23-000006
1133421,2023-03-31,10-Q,2023-04-27,27,,0001133421-23-000027
1133421,2023-06-30,10-Q,2023-07-27,27,,0001133421-23-000045
1133421,2023-09-30,10-Q,2023-10-26,26,,0001133421-23-000053
1133421,2023-12-31,10-K,2024-01-25,25,,0001133421-24-000006
1133421,2024-03-31,10-Q,2024-04-25,25,,0001133421-24-000026
1133421,2024-06-30,10-Q,2024-07-25,25,,0001133421-24-000052
1133421,2024-09-30,10-Q,2024-10-24,24,,0001133421-24-000064
1133421,2024-12-31,10-K,2025-01-30,30,,0001133421-25-000006
1137774,2012-03-31,10-Q,2012-05-04,34,,0001193125-12-211938
1137774,2012-06-30,10-Q,2012-08-03,34,,0001193125-12-334825
1137774,2012-09-30,10-Q,2012-11-08,39,,0001193125-12-460503
1137774,2012-12-31,10-K,2013-02-22,53,,0001193125-13-071582
1137774,2013-03-31,10-Q,2013-05-03,33,,0001193125-13-199098
1137774,2013-06-30,10-Q,2013-08-08,39,,0001193125-13-326827
1137774,2013-09-30,10-Q,2013-11-07,38,,0001193125-13-432887
1137774,2013-12-31,10-K,2014-02-27,58,,0001193125-14-073074
1137774,2014-03-31,10-Q,2014-05-08,38,,0001193125-14-189986
1137774,2014-06-30,10-Q,2014-08-07,38,,0001193125-14-300765
1137774,2014-09-30,10-Q,2014-11-06,37,,0001193125-14-401146
1137774,2014-12-31,10-K,2015-02-20,51,,0001193125-15-056366
1137774,2015-03-31,10-Q,2015-05-07,37,,0001193125-15-177113
1137774,2015-06-30,10-Q,2015-08-06,37,,0001137774-15-000114
1137774,2015-09-30,10-Q,2015-11-05,36,,0001137774-15-000132
1137774,2015-12-31,10-K,2016-02-19,50,,0001137774-16-000226
1137774,2016-03-31,10-Q,2016-05-06,36,,0001137774-16-000243
1137774,2016-06-30,10-Q,2016-08-05,36,,0001137774-16-000256
1137774,2016-09-30,10-Q,2016-11-04,35,,0001137774-16-000266
1137774,2016-12-31,10-K,2017-02-17,48,,0001137774-17-000084
1137774,2017-03-31,10-Q,2017-05-05,35,,0001137774-17-000092
1137774,2017-06-30,10-Q,2017-08-04,35,,0001137774-17-000104
1137774,2017-09-30,10-Q,2017-11-03,34,,0001137774-17-000119
1137774,2017-12-31,10-K,2018-02-16,47,,0001137774-18-000063
1137774,2018-03-31,10-Q,2018-05-04,34,,0001137774-18-000075
1137774,2018-06-30,10-Q,2018-08-03,34,,0001137774-18-000082
1137774,2018-09-30,10-Q,2018-11-08,39,,0001137774-18-000099
1137774,2018-12-31,10-K,2019-02-15,46,,0001137774-19-000058
1137774,2019-03-31,10-Q,2019-05-03,33,,0001137774-19-000070
1137774,2019-06-30,10-Q,2019-08-02,33,,0001137774-19-000086
1137774,2019-09-30,10-Q,2019-11-05,36,,0001137774-19-000099
1137774,2019-12-31,10-K,2020-02-14,45,,0001137774-20-000065
1137774,2020-03-31,10-Q,2020-05-08,38,,0001137774-20-000084
1137774,2020-06-30,10-Q,2020-08-06,37,,0001137774-20-000107
1137774,2020-09-30,10-Q,2020-11-05,36,,0001137774-20-000123
1137774,2020-12-31,10-K,2021-02-19,50,,0001137774-21-000049
1137774,2021-03-31,10-Q,2021-05-06,36,,0001137774-21-000062
1137774,2021-06-30,10-Q,2021-08-05,36,,0001137774-21-000111
1137774,2021-09-30,10-Q,2021-11-04,35,,0001137774-21-000138
1137774,2021-12-31,10-K,2022-02-17,48,,0001137774-22-000038
1137774,2022-03-31,10-Q,2022-05-05,35,,0001137774-22-000050
1137774,2022-06-30,10-Q,2022-08-05,36,,0001137774-22-000082
1137774,2022-09-30,10-Q,2022-11-03,34,,0001137774-22-000110
1137774,2022-12-31,10-K,2023-02-16,47,,0001137774-23-000040
1137774,2023-03-31,10-Q,2023-05-04,34,,0001137774-23-000067
1137774,2023-06-30,10-Q,2023-08-03,34,,0001137774-23-000094
1137774,2023-09-30,10-Q,2023-11-02,33,,0001137774-23-000117
1137774,2023-12-31,10-K,2024-02-21,52,,0001137774-24-000045
1137774,2024-03-31,10-Q,2024-05-02,32,,0001137774-24-000068
1137774,2024-06-30,10-Q,2024-08-02,33,,0001137774-24-000151
1137774,2024-09-30,10-Q,2024-10-31,31,,0001137774-24-000247
1137774,2024-12-31,10-K,2025-02-13,44,,0001137774-25-000044
1138118,2012-03-31,10-Q,2012-05-10,40,,0001193125-12-224728
1138118,2012-06-30,10-Q,2012-08-09,40,,0001193125-12-346328
1138118,2012-09-30,10-Q,2012-11-09,40,,0001193125-12-462450
1138118,2012-12-31,10-K,2013-03-01,60,,0001193125-13-087299
1138118,2013-03-31,10-Q,2013-05-10,40,,0001193125-13-213389
1138118,2013-06-30,10-Q,2013-08-09,40,,0001193125-13-328678
1138118,2013-09-30,10-Q,2013-11-12,43,,0001193125-13-437838
1138118,2013-12-31,10-K,2014-03-03,62,,0001193125-14-080228
1138118,2014-03-31,10-Q,2014-05-12,42,,0001193125-14-194337
1138118,2014-06-30,10-Q,2014-08-11,42,,0001193125-14-305068
1138118,2014-09-30,10-Q,2014-11-10,41,,0001193125-14-405746
1138118,2014-12-31,10-K,2015-03-02,61,,0001193125-15-073030
1138118,2015-03-31,10-Q,2015-05-11,41,,0001193125-15-181733
1138118,2015-06-30,10-Q,2015-08-10,41,,0001193125-15-284650
1138118,2015-09-30,10-Q,2015-11-09,40,,0001193125-15-371619
1138118,2015-12-31,10-K,2016-02-29,60,,0001193125-16-484680
1138118,2016-03-31,10-Q,2016-05-10,40,,0001193125-16-585170
1138118,2016-06-30,10-Q,2016-08-09,40,,0001193125-16-676274
1138118,2016-09-30,10-Q,2016-11-09,40,,0001193125-16-764008
1138118,2016-12-31,10-K,2017-03-01,60,,0001193125-17-064772
1138118,2017-03-31,10-Q,2017-05-10,40,,0001564590-17-010115
1138118,2017-06-30,10-Q,2017-08-09,40,,0001564590-17-016641
1138118,2017-09-30,10-Q,2017-11-09,40,,0001564590-17-023069
1138118,2017-12-31,10-K,2018-03-01,60,,0001564590-18-003991
1138118,2018-03-31,10-Q,2018-05-10,40,,0001564590-18-012793
1138118,2018-06-30,10-Q,2018-08-09,40,,0001564590-18-020899
1138118,2018-09-30,10-Q,2018-11-09,40,,0001564590-18-028760
1138118,2018-12-31,10-K,2019-03-01,60,,0001564590-19-005666
1138118,2019-03-31,10-Q,2019-05-10,40,,0001564590-19-018435
1138118,2019-06-30,10-Q,2019-08-09,40,,0001564590-19-031004
1138118,2019-09-30,10-Q,2019-11-06,37,,0001564590-19-040653
1138118,2019-12-31,10-K,2020-03-02,62,,0001564590-20-008056
1138118,2020-03-31,10-Q,2020-05-07,37,,0001564590-20-022348
1138118,2020-06-30,10-Q,2020-08-04,35,,0001564590-20-035965
1138118,2020-09-30,10-Q,2020-10-29,29,,0001564590-20-048948
1138118,2020-12-31,10-K,2021-02-24,55,,0001138118-21-000012
1138118,2021-03-31,10-Q,2021-04-29,29,,0001138118-21-000023
1138118,2021-06-30,10-Q,2021-07-30,30,,0001138118-21-000033
1138118,2021-09-30,10-Q,2021-10-28,28,,0001138118-21-000042
1138118,2021-12-31,10-K,2022-03-01,60,,0001138118-22-000010
1138118,2022-03-31,10-Q,2022-05-09,39,,0001138118-22-000018
1138118,2022-06-30,10-Q,2022-08-05,36,,0001138118-22-000027
1138118,2022-09-30,10-Q,2022-10-27,27,,0001138118-22-000033
1138118,2022-12-31,10-K,2023-02-27,58,,0001138118-23-000009
1138118,2023-03-31,10-Q,2023-04-27,27,,0001138118-23-000015
1138118,2023-06-30,10-Q,2023-07-27,27,,0001138118-23-000025
1138118,2023-09-30,10-Q,2023-10-27,27,,0001628280-23-035353
1138118,2023-12-31,10-K,2024-02-20,51,,0001138118-24-000006
1138118,2024-03-31,10-Q,2024-05-03,33,,0001138118-24-000014
1138118,2024-06-30,10-Q,2024-07-25,25,,0001138118-24-000023
1138118,2024-09-30,10-Q,2024-10-24,24,,0001138118-24-000029
1138118,2024-12-31,10-K,2025-02-14,45,,0001138118-25-000005
1140859,2012-03-31,10-Q,2012-05-10,40,,0001104659-12-035760
1140859,2012-06-30,10-Q,2012-08-09,40,,0001104659-12-056330
1140859,2012-09-30,10-K,2012-11-27,58,,0001047469-12-010807
1140859,2012-12-31,10-Q,2013-02-08,39,,0001104659-13-008778
1140859,2013-03-31,10-Q,2013-05-09,39,,0001104659-13-039347
1140859,2013-06-30,10-Q,2013-08-07,38,,0001104659-13-060928
1140859,2013-09-30,10-K,2013-11-26,57,,0001047469-13-010867
1140859,2013-12-31,10-Q,2014-02-07,38,,0001104659-14-007468
1140859,2014-03-31,10-Q,2014-05-07,37,,0001104659-14-035570
1140859,2014-06-30,10-Q,2014-08-07,38,,0001104659-14-058233
1140859,2014-09-30,10-K,2014-11-25,56,,0001047469-14-009555
1140859,2014-12-31,10-Q,2015-02-06,37,,0001104659-15-007320
1140859,2015-03-31,10-Q,2015-05-08,38,,0001104659-15-036255
1140859,2015-06-30,10-Q,2015-08-06,37,,0001104659-15-057166
1140859,2015-09-30,10-K,2015-11-24,55,,0001047469-15-008939
1140859,2015-12-31,10-Q,2016-02-04,35,,0001104659-16-093922
1140859,2016-03-31,10-Q,2016-05-05,35,,0001104659-16-118212
1140859,2016-06-30,10-Q,2016-08-02,33,,0001140859-16-000011
1140859,2016-09-30,10-K,2016-11-22,53,,0001140859-16-000022
1140859,2016-12-31,10-Q,2017-01-31,31,,0001140859-17-000006
1140859,2017-03-31,10-Q,2017-05-04,34,,0001140859-17-000020
1140859,2017-06-30,10-Q,2017-08-03,34,,0001140859-17-000035
1140859,2017-09-30,10-K,2017-11-21,52,,0001140859-17-000047
1140859,2017-12-31,10-Q,2018-02-06,37,,0001140859-18-000008
1140859,2018-03-31,10-Q,2018-05-02,32,,0001140859-18-000020
1140859,2018-06-30,10-Q,2018-08-02,33,,0001140859-18-000031
1140859,2018-09-30,10-K,2018-11-20,51,,0001140859-18-000053
1140859,2018-12-31,10-Q,2019-01-31,31,,0001140859-19-000008
1140859,2019-03-31,10-Q,2019-05-02,32,,0001140859-19-000015
1140859,2019-06-30,10-Q,2019-08-01,32,,0001140859-19-000029
1140859,2019-09-30,10-K,2019-11-19,50,,0001140859-19-000040
1140859,2019-12-31,10-Q,2020-01-30,30,,0001140859-20-000008
1140859,2020-03-31,10-Q,2020-05-07,37,,0001140859-20-000022
1140859,2020-06-30,10-Q,2020-08-05,36,,0001140859-20-000035
1140859,2020-09-30,10-K,2020-11-19,50,,0001140859-20-000050
1140859,2020-12-31,10-Q,2021-02-04,35,,0001140859-21-000005
1140859,2021-03-31,10-Q,2021-05-05,35,,0001140859-21-000025
1140859,2021-06-30,10-Q,2021-08-04,35,,0001140859-21-000045
1140859,2021-09-30,10-K,2021-11-23,54,,0001140859-21-000058
1140859,2021-12-31,10-Q,2022-02-02,33,,0001140859-22-000006
1140859,2022-03-31,10-Q,2022-05-04,34,,0001140859-22-000017
1140859,2022-06-30,10-Q,2022-08-03,34,,0001140859-22-000041
1140859,2022-09-30,10-K,2022-11-22,53,,0001140859-22-000098
1140859,2022-12-31,10-Q,2023-02-01,32,,0001140859-23-000027
1140859,2023-03-31,10-Q,2023-05-02,32,,0001140859-23-000084
1140859,2023-06-30,10-Q,2023-08-02,33,,0001140859-23-000116
1140859,2023-09-30,10-K,2023-11-21,52,,0001140859-23-000197
1140859,2023-12-31,10-Q,2024-01-31,31,,0001140859-24-000019
1140859,2024-03-31,10-Q,2024-05-01,31,,0001140859-24-000072
1140859,2024-06-30,10-Q,2024-07-31,31,,0001140859-24-000119
1140859,2024-09-30,10-K,2024-11-26,57,,0001140859-24-000177
1140859,2024-12-31,10-Q,2025-02-05,36,,0001140859-25-000034
1156039,2012-03-31,10-Q,2012-04-25,25,,0001193125-12-182273
1156039,2012-06-30,10-Q,2012-07-25,25,,0001193125-12-313785
1156039,2012-09-30,10-Q,2012-11-07,38,,0001193125-12-456839
1156039,2012-12-31,10-K,2013-02-22,53,,0001193125-13-071165
1156039,2013-03-31,10-Q,2013-04-24,24,,0001193125-13-170158
1156039,2013-06-30,10-Q,2013-07-24,24,,0001193125-13-300316
1156039,2013-09-30,10-Q,2013-10-23,23,,0001156039-13-000003
1156039,2013-12-31,10-K,2014-02-20,51,,0001156039-14-000003
1156039,2014-03-31,10-Q,2014-04-30,30,,0001156039-14-000005
1156039,2014-06-30,10-Q,2014-07-30,30,,0001156039-14-000011
1156039,2014-09-30,10-Q,2014-10-29,29,,0001156039-14-000013
1156039,2014-12-31,10-K,2015-02-24,55,,0001156039-15-000003
1156039,2015-03-31,10-Q,2015-04-29,29,,0001156039-15-000006
1156039,2015-06-30,10-Q,2015-07-29,29,,0001156039-15-000011
1156039,2015-09-30,10-Q,2015-10-28,28,,0001156039-15-000014
1156039,2015-12-31,10-K,2016-02-19,50,,0001156039-16-000018
1156039,2016-03-31,10-Q,2016-04-27,27,,0001156039-16-000020
1156039,2016-06-30,10-Q,2016-07-27,27,,0001156039-16-000026
1156039,2016-09-30,10-Q,2016-11-02,33,,0001156039-16-000028
1156039,2016-12-31,10-K,2017-02-22,53,,0001156039-17-000002
1156039,2017-03-31,10-Q,2017-04-26,26,,0001156039-17-000005
1156039,2017-06-30,10-Q,2017-07-26,26,,0001156039-17-000011
1156039,2017-09-30,10-Q,2017-10-25,25,,0001156039-17-000013
1156039,2017-12-31,10-K,2018-02-21,52,,0001156039-18-000003
1156039,2018-03-31,10-Q,2018-04-25,25,,0001156039-18-000005
1156039,2018-06-30,10-Q,2018-07-25,25,,0001156039-18-000010
1156039,2018-09-30,10-Q,2018-10-31,31,,0001156039-18-000013
1156039,2018-12-31,10-K,2019-02-20,51,,0001156039-19-000004
1156039,2019-03-31,10-Q,2019-04-24,24,,0001156039-19-000007
1156039,2019-06-30,10-Q,2019-07-24,24,,0001156039-19-000013
1156039,2019-09-30,10-Q,2019-10-23,23,,0001156039-19-000016
1156039,2019-12-31,10-K,2020-02-19,50,,0001156039-20-000003
1156039,2020-03-31,10-Q,2020-04-29,29,,0001156039-20-000028
1156039,2020-06-30,10-Q,2020-07-29,29,,0001156039-20-000070
1156039,2020-09-30,10-Q,2020-10-28,28,,0001156039-20-000089
1156039,2020-12-31,10-K,2021-02-18,49,,0001156039-21-000012
1156039,2021-03-31,10-Q,2021-04-21,21,,0001156039-21-000041
1156039,2021-06-30,10-Q,2021-07-21,21,,0001156039-21-000075
1156039,2021-09-30,10-Q,2021-10-20,20,,0001156039-21-000091
1156039,2021-12-31,10-K,2022-02-16,47,,0001156039-22-000009
1156039,2022-03-31,10-Q,2022-04-20,20,,0001156039-22-000051
1156039,2022-06-30,10-Q,2022-07-20,20,,0001156039-22-000081
1156039,2022-09-30,10-Q,2022-10-19,19,,0001156039-22-000084
1156039,2022-12-31,10-K,2023-02-15,46,,0001156039-23-000007
1156039,2023-03-31,10-Q,2023-04-19,19,,0001156039-23-000054
1156039,2023-06-30,10-Q,2023-07-19,19,,0001156039-23-000088
1156039,2023-09-30,10-Q,2023-10-18,18,,0001156039-23-000109
1156039,2023-12-31,10-K,2024-02-21,52,,0001156039-24-000015
1156039,2024-03-31,10-Q,2024-04-18,18,,0001156039-24-000066
1156039,2024-06-30,10-Q,2024-07-17,17,,0001156039-24-000104
1156039,2024-09-30,10-Q,2024-10-17,17,,0001156039-24-000122
1156039,2024-12-31,10-K,2025-02-20,51,,0001156039-25-000010
1163165,2012-03-31,10-Q,2012-04-30,30,,0001193125-12-195408
1163165,2012-06-30,10-Q,2012-07-31,31,,0001193125-12-325680
1163165,2012-09-30,10-Q,2012-10-30,30,,0001193125-12-441310
1163165,2012-12-31,10-K,2013-02-19,50,,0001193125-13-065426
1163165,2013-03-31,10-Q,2013-04-30,30,,0001193125-13-185508
1163165,2013-06-30,10-Q,2013-08-02,33,,0001193125-13-316331
1163165,2013-09-30,10-Q,2013-11-05,36,,0001193125-13-426598
1163165,2013-12-31,10-K,2014-02-25,56,,0001193125-14-066358
1163165,2014-03-31,10-Q,2014-05-06,36,,0001193125-14-183842
1163165,2014-06-30,10-Q,2014-08-05,36,,0001193125-14-294917
1163165,2014-09-30,10-Q,2014-11-04,35,,0001193125-14-395378
1163165,2014-12-31,10-K,2015-02-24,55,,0001193125-15-059281
1163165,2015-03-31,10-Q,2015-05-05,35,,0001193125-15-170727
1163165,2015-06-30,10-Q,2015-08-04,35,,0001193125-15-276084
1163165,2015-09-30,10-Q,2015-11-03,34,,0001193125-15-363847
1163165,2015-12-31,10-K,2016-02-23,54,,0001193125-16-472901
1163165,2016-03-31,10-Q,2016-05-03,33,,0001193125-16-574165
1163165,2016-06-30,10-Q,2016-08-02,33,,0001193125-16-667631
1163165,2016-09-30,10-Q,2016-11-01,32,,0001193125-16-754694
1163165,2016-12-31,10-K,2017-02-21,52,,0001193125-17-050077
1163165,2017-03-31,10-Q,2017-05-04,34,,0001193125-17-158717
1163165,2017-06-30,10-Q,2017-08-01,32,,0001193125-17-243345
1163165,2017-09-30,10-Q,2017-10-31,31,,0001193125-17-326398
1163165,2017-12-31,10-K,2018-02-20,51,,0001193125-18-049729
1163165,2018-03-31,10-Q,2018-05-01,31,,0001193125-18-145507
1163165,2018-06-30,10-Q,2018-07-31,31,,0001193125-18-232659
1163165,2018-09-30,10-Q,2018-10-30,30,,0001193125-18-311600
1163165,2018-12-31,10-K,2019-02-19,50,,0001193125-19-043841
1163165,2019-03-31,10-Q,2019-05-02,32,,0001193125-19-134334
1163165,2019-06-30,10-Q,2019-08-01,32,,0001193125-19-210077
1163165,2019-09-30,10-Q,2019-10-31,31,,0001193125-19-279997
1163165,2019-12-31,10-K,2020-02-18,49,,0001193125-20-039954
1163165,2020-03-31,10-Q,2020-05-05,35,,0001562762-20-000162
1163165,2020-06-30,10-Q,2020-08-04,35,,0001562762-20-000267
1163165,2020-09-30,10-Q,2020-11-03,34,,0001562762-20-000367
1163165,2020-12-31,10-K,2021-02-16,47,,0001562762-21-000027
1163165,2021-03-31,10-Q,2021-05-06,36,,0001562762-21-000193
1163165,2021-06-30,10-Q,2021-08-05,36,,0001562762-21-000304
1163165,2021-09-30,10-Q,2021-11-04,35,,0001562762-21-000409
1163165,2021-12-31,10-K,2022-02-17,48,,0001562762-22-000031
1163165,2022-03-31,10-Q,2022-05-05,35,,0001163165-22-000006
1163165,2022-06-30,10-Q,2022-08-04,35,,0001163165-22-000013
1163165,2022-09-30,10-Q,2022-11-03,34,,0001163165-22-000017
1163165,2022-12-31,10-K,2023-02-16,47,,0001163165-23-000006
1163165,2023-03-31,10-Q,2023-05-04,34,,0001163165-23-000011
1163165,2023-06-30,10-Q,2023-08-03,34,,0001163165-23-000023
1163165,2023-09-30,10-Q,2023-11-02,33,,0001163165-23-000031
1163165,2023-12-31,10-K,2024-02-15,46,,0001163165-24-000010
1163165,2024-03-31,10-Q,2024-05-02,32,,0001163165-24-000023
1163165,2024-06-30,10-Q,2024-08-01,32,,0001163165-24-000037
1163165,2024-09-30,10-Q,2024-10-31,31,,0001163165-24-000052
1163165,2024-12-31,10-K,2025-02-18,49,,0001163165-25-000012
1166691,2012-03-31,10-Q,2012-05-02,32,,0001193125-12-203863
1166691,2012-06-30,10-Q,2012-08-01,32,,0001193125-12-328850
1166691,2012-09-30,10-Q,2012-10-26,26,,0001193125-12-437120
1166691,2012-12-31,10-K,2013-02-21,52,,0001193125-13-067658
1166691,2013-03-31,10-Q,2013-05-01,31,,0001193125-13-191930
1166691,2013-06-30,10-Q,2013-07-31,31,,0001193125-13-312420
1166691,2013-09-30,10-Q,2013-10-30,30,,0001193125-13-417832
1166691,2013-12-31,10-K,2014-02-12,43,,0001193125-14-047522
1166691,2014-03-31,10-Q,2014-04-22,22,,0001193125-14-152328
1166691,2014-06-30,10-Q,2014-07-24,24,,0001193125-14-278903
1166691,2014-09-30,10-Q,2014-10-23,23,,0001193125-14-379913
1166691,2014-12-31,10-K,2015-02-27,58,,0001193125-15-068526
1166691,2015-03-31,10-Q,2015-05-04,34,,0001193125-15-169012
1166691,2015-06-30,10-Q,2015-07-23,23,,0001193125-15-260886
1166691,2015-09-30,10-Q,2015-10-27,27,,0001193125-15-354626
1166691,2015-12-31,10-K,2016-02-05,36,,0001193125-16-452423
1166691,2016-03-31,10-Q,2016-04-27,27,,0001193125-16-558907
1166691,2016-06-30,10-Q,2016-07-27,27,,0001193125-16-659869
1166691,2016-09-30,10-Q,2016-10-26,26,,0001193125-16-747958
1166691,2016-12-31,10-K,2017-02-03,34,,0001193125-17-030512
1166691,2017-03-31,10-Q,2017-04-27,27,,0001166691-17-000009
1166691,2017-06-30,10-Q,2017-07-27,27,,0001166691-17-000022
1166691,2017-09-30,10-Q,2017-10-26,26,,0001166691-17-000031
1166691,2017-12-31,10-K,2018-01-31,31,,0001166691-18-000004
1166691,2018-03-31,10-Q,2018-04-25,25,,0001166691-18-000010
1166691,2018-06-30,10-Q,2018-07-26,26,,0001166691-18-000019
1166691,2018-09-30,10-Q,2018-10-25,25,,0001166691-18-000024
1166691,2018-12-31,10-K,2019-01-31,31,,0001166691-19-000005
1166691,2019-03-31,10-Q,2019-04-25,25,,0001166691-19-000010
1166691,2019-06-30,10-Q,2019-07-25,25,,0001166691-19-000015
1166691,2019-09-30,10-Q,2019-10-24,24,,0001166691-19-000020
1166691,2019-12-31,10-K,2020-01-30,30,,0001166691-20-000008
1166691,2020-03-31,10-Q,2020-04-30,30,,0001166691-20-000017
1166691,2020-06-30,10-Q,2020-07-30,30,,0001166691-20-000024
1166691,2020-09-30,10-Q,2020-10-29,29,,0001166691-20-000032
1166691,2020-12-31,10-K,2021-02-04,35,,0001166691-21-000008
1166691,2021-03-31,10-Q,2021-04-29,29,,0001166691-21-000020
1166691,2021-06-30,10-Q,2021-07-29,29,,0001166691-21-000029
1166691,2021-09-30,10-Q,2021-10-28,28,,0001166691-21-000036
1166691,2021-12-31,10-K,2022-02-02,33,,0001166691-22-000009
1166691,2022-03-31,10-Q,2022-04-28,28,,0001166691-22-000018
1166691,2022-06-30,10-Q,2022-07-28,28,,0001166691-22-000030
1166691,2022-09-30,10-Q,2022-10-27,27,,0001166691-22-000039
1166691,2022-12-31,10-K,2023-02-03,34,,0001166691-23-000010
1166691,2023-03-31,10-Q,2023-04-27,27,,0001166691-23-000024
1166691,2023-06-30,10-Q,2023-07-27,27,,0001166691-23-000032
1166691,2023-09-30,10-Q,2023-10-26,26,,0001166691-23-000040
1166691,2023-12-31,10-K,2024-01-31,31,,0001166691-24-000011
1166691,2024-03-31,10-Q,2024-04-25,25,,0001166691-24-000031
1166691,2024-06-30,10-Q,2024-07-23,23,,0001166691-24-000048
1166691,2024-09-30,10-Q,2024-10-31,31,,0001166691-24-000056
1166691,2024-12-31,10-K,2025-01-31,31,,0001166691-25-000011
1170010,2012-02-29,10-K,2012-04-25,56,,0001193125-12-182512
1170010,2012-05-31,10-Q,2012-07-06,36,,0001193125-12-296272
1170010,2012-08-31,10-Q,2012-10-10,40,,0001170010-12-000005
1170010,2012-11-30,10-Q,2013-01-09,40,,0001170010-13-000002
1170010,2013-02-28,10-K,2013-04-26,57,,0001170010-13-000010
1170010,2013-05-31,10-Q,2013-07-09,39,,0001170010-13-000018
1170010,2013-08-31,10-Q,2013-10-07,37,,0001170010-13-000022
1170010,2013-11-30,10-Q,2014-01-08,39,,0001170010-14-000003
1170010,2014-02-28,10-K,2014-04-25,56,,0001170010-14-000017
1170010,2014-05-31,10-Q,2014-07-08,38,,0001170010-14-000025
1170010,2014-08-31,10-Q,2014-10-08,38,,0001170010-14-000032
1170010,2014-11-30,10-Q,2015-01-08,39,,0001170010-15-000002
1170010,2015-02-28,10-K,2015-04-24,55,,0001170010-15-000008
1170010,2015-05-31,10-Q,2015-07-08,38,,0001170010-15-000014
1170010,2015-08-31,10-Q,2015-10-08,38,,0001170010-15-000028
1170010,2015-11-30,10-Q,2016-01-07,38,,0001170010-16-000056
1170010,2016-02-29,10-K,2016-04-22,53,,0001170010-16-000117
1170010,2016-05-31,10-Q,2016-07-07,37,,0001170010-16-000170
1170010,2016-08-31,10-Q,2016-10-06,36,,0001170010-16-000213
1170010,2016-11-30,10-Q,2017-01-06,37,,0001170010-17-000008
1170010,2017-02-28,10-K,2017-04-21,52,,0001170010-17-000053
1170010,2017-05-31,10-Q,2017-07-07,37,,0001170010-17-000121
1170010,2017-08-31,10-Q,2017-10-05,35,,0001170010-17-000162
1170010,2017-11-30,10-Q,2018-01-04,35,,0001170010-18-000007
1170010,2018-02-28,10-K,2018-04-24,55,,0001170010-18-000054
1170010,2018-05-31,10-Q,2018-07-05,35,,0001170010-18-000146
1170010,2018-08-31,10-Q,2018-10-05,35,,0001170010-18-000175
1170010,2018-11-30,10-Q,2019-01-08,39,,0001170010-19-000004
1170010,2019-02-28,10-K,2019-04-19,50,,0001170010-19-000040
1170010,2019-05-31,10-Q,2019-07-03,33,,0001170010-19-000133
1170010,2019-08-31,10-Q,2019-10-04,34,,0001170010-19-000148
1170010,2019-11-30,10-Q,2020-01-07,38,,0001170010-20-000002
1170010,2020-02-29,10-K,2020-04-21,52,,0001170010-20-000033
1170010,2020-05-31,10-Q,2020-07-01,31,,0001170010-20-000131
1170010,2020-08-31,10-Q,2020-10-05,35,,0001170010-20-000176
1170010,2020-11-30,10-Q,2021-01-06,37,,0001170010-21-000003
1170010,2021-02-28,10-K,2021-04-20,51,,0001170010-21-000053
1170010,2021-05-31,10-Q,2021-06-28,28,,0001170010-21-000116
1170010,2021-08-31,10-Q,2021-10-01,31,,0001170010-21-000179
1170010,2021-11-30,10-Q,2022-01-06,37,,0001170010-22-000004
1170010,2022-02-28,10-K,2022-04-14,45,,0001170010-22-000017
1170010,2022-05-31,10-Q,2022-06-27,27,,0001170010-22-000063
1170010,2022-08-31,10-Q,2022-09-30,30,,0001170010-22-000097
1170010,2022-11-30,10-Q,2023-01-06,37,,0001170010-23-000006
1170010,2023-02-28,10-K,2023-04-13,44,,0001170010-23-000010
1170010,2023-05-31,10-Q,2023-06-26,26,,0001170010-23-000065
1170010,2023-08-31,10-Q,2023-09-29,29,,0001170010-23-000114
1170010,2023-11-30,10-Q,2024-01-05,36,,0001170010-24-000002
1170010,2024-02-29,10-K,2024-04-15,46,,0001170010-24-000034
1170010,2024-05-31,10-Q,2024-06-27,27,,0001170010-24-000087
1170010,2024-08-31,10-Q,2024-09-27,27,,0001170010-24-000130
1170010,2024-11-30,10-Q,2025-01-07,38,,0001170010-25-000004
1177394,2012-02-29,10-Q,2012-04-06,37,,0001177394-12-000025
1177394,2012-05-31,10-Q,2012-07-06,36,,0001177394-12-000031
1177394,2012-08-31,10-Q,2012-10-05,35,,0001177394-12-000039
1177394,2012-11-30,10-K,2013-01-28,59,,0001177394-13-000010
1177394,2013-02-28,10-Q,2013-04-04,35,,0001177394-13-000027
1177394,2013-05-31,10-Q,2013-07-08,38,,0001177394-13-000037
1177394,2013-08-31,10-Q,2013-10-08,38,,0001177394-13-000040
1177394,2013-11-30,10-K,2014-01-27,58,,0001177394-14-000007
1177394,2014-02-28,10-Q,2014-04-08,39,,0001177394-14-000017
1177394,2014-05-31,10-Q,2014-07-08,38,,0001177394-14-000030
1177394,2014-08-31,10-Q,2014-10-07,37,,0001177394-14-000041
1177394,2014-11-30,10-K,2015-01-29,60,,0001177394-15-000007
1177394,2015-02-28,10-Q,2015-04-07,38,,0001177394-15-000019
1177394,2015-05-31,10-Q,2015-07-08,38,,0001177394-15-000028
1177394,2015-08-31,10-Q,2015-10-05,35,,0001177394-15-000033
1177394,2015-11-30,10-K,2016-01-28,59,,0001177394-16-000048
1177394,2016-02-29,10-Q,2016-04-07,38,,0001177394-16-000063
1177394,2016-05-31,10-Q,2016-07-05,35,,0001177394-16-000072
1177394,2016-08-31,10-Q,2016-10-04,34,,0001177394-16-000081
1177394,2016-11-30,10-K,2017-01-26,57,,0001177394-17-000012
1177394,2017-02-28,10-Q,2017-04-04,35,,0001177394-17-000021
1177394,2017-05-31,10-Q,2017-07-05,35,,0001177394-17-000032
1177394,2017-08-31,10-Q,2017-10-03,33,,0001177394-17-000042
1177394,2017-11-30,10-K,2018-01-29,60,,0001177394-18-000010
1177394,2018-02-28,10-Q,2018-04-06,37,,0001177394-18-000022
1177394,2018-05-31,10-Q,2018-07-06,36,,0001177394-18-000063
1177394,2018-08-31,10-Q,2018-10-09,39,,0001177394-18-000096
1177394,2018-11-30,10-K,2019-01-28,59,,0001564590-19-001232
1177394,2019-02-28,10-Q,2019-04-09,40,,0001564590-19-011042
1177394,2019-05-31,10-Q,2019-07-03,33,,0001564590-19-024450
1177394,2019-08-31,10-Q,2019-10-04,34,,0001564590-19-036432
1177394,2019-11-30,10-K,2020-01-29,60,,0001564590-20-002467
1177394,2020-02-29,10-Q,2020-04-07,38,,0001564590-20-015717
1177394,2020-05-31,10-Q,2020-07-09,39,,0001564590-20-032134
1177394,2020-08-31,10-Q,2020-10-09,39,,0001564590-20-046226
1177394,2020-11-30,10-K,2021-01-28,59,,0001564590-21-003035
1177394,2021-02-28,10-Q,2021-04-08,39,,0001564590-21-018192
1177394,2021-05-31,10-Q,2021-07-07,37,,0001564590-21-035996
1177394,2021-08-31,10-Q,2021-10-05,35,,0001564590-21-050180
1177394,2021-11-30,10-K,2022-01-28,59,,0001564590-22-003003
1177394,2022-02-28,10-Q,2022-04-05,36,,0001177394-22-000030
1177394,2022-05-31,10-Q,2022-07-07,37,,0001177394-22-000045
1177394,2022-08-31,10-Q,2022-10-04,34,,0001177394-22-000059
1177394,2022-11-30,10-K,2023-01-24,55,,0001177394-23-000010
1177394,2023-02-28,10-Q,2023-04-05,36,,0001177394-23-000033
1177394,2023-05-31,10-Q,2023-07-06,36,,0001177394-23-000048
1177394,2023-08-31,10-Q,2023-10-03,33,,0001177394-23-000054
1177394,2023-11-30,10-K,2024-01-26,57,,0001177394-24-000014
1177394,2024-02-29,10-Q,2024-04-04,35,,0001177394-24-000038
1177394,2024-05-31,10-Q,2024-07-03,33,,0001177394-24-000065
1177394,2024-08-31,10-Q,2024-10-03,33,,0001177394-24-000075
1177394,2024-11-30,10-K,2025-01-24,55,,0001177394-25-000009
1179929,2012-03-31,10-Q,2012-05-09,39,,0001193125-12-222126
1179929,2012-06-30,10-Q,2012-08-06,37,,0001193125-12-337707
1179929,2012-09-30,10-Q,2012-10-26,26,,0001193125-12-437608
1179929,2012-12-31,10-K,2013-02-28,59,,0001445305-13-000387
1179929,2013-03-31,10-Q,2013-05-03,33,,0001445305-13-001088
1179929,2013-06-30,10-Q,2013-07-25,25,,0001445305-13-001699
1179929,2013-09-30,10-Q,2013-10-30,30,,0001179929-13-000005
1179929,2013-12-31,10-K,2014-02-26,57,,0001179929-14-000004
1179929,2014-03-31,10-Q,2014-05-01,31,,0001179929-14-000014
1179929,2014-06-30,10-Q,2014-07-30,30,,0001179929-14-000017
1179929,2014-09-30,10-Q,2014-10-30,30,,0001179929-14-000020
1179929,2014-12-31,10-K,2015-02-26,57,,0001179929-15-000007
1179929,2015-03-31,10-Q,2015-05-07,37,,0001179929-15-000068
1179929,2015-06-30,10-Q,2015-07-30,30,,0001179929-15-000109
1179929,2015-09-30,10-Q,2015-10-29,29,,0001179929-15-000166
1179929,2015-12-31,10-K,2016-02-26,57,,0001179929-16-000231
1179929,2016-03-31,10-Q,2016-05-03,33,,0001179929-16-000293
1179929,2016-06-30,10-Q,2016-07-27,27,,0001179929-16-000328
1179929,2016-09-30,10-Q,2016-10-27,27,,0001179929-16-000397
1179929,2016-12-31,10-K,2017-03-01,60,,0001179929-17-000046
1179929,2017-03-31,10-Q,2017-05-04,34,,0001179929-17-000099
1179929,2017-06-30,10-Q,2017-08-02,33,,0001179929-17-000172
1179929,2017-09-30,10-Q,2017-11-07,38,,0001179929-17-000221
1179929,2017-12-31,10-K,2018-03-01,60,,0001179929-18-000040
1179929,2018-03-31,10-Q,2018-04-30,30,,0001179929-18-000102
1179929,2018-06-30,10-Q,2018-08-01,32,,0001179929-18-000145
1179929,2018-09-30,10-Q,2018-11-01,32,,0001179929-18-000189
1179929,2018-12-31,10-K,2019-02-19,50,,0001179929-19-000032
1179929,2019-03-31,10-Q,2019-04-30,30,,0001179929-19-000082
1179929,2019-06-30,10-Q,2019-07-31,31,,0001179929-19-000134
1179929,2019-09-30,10-Q,2019-10-30,30,,0001179929-19-000160
1179929,2019-12-31,10-K,2020-02-14,45,,0001179929-20-000026
1179929,2020-03-31,10-Q,2020-05-01,31,,0001179929-20-000070
1179929,2020-06-30,10-Q,2020-07-31,31,,0001179929-20-000111
1179929,2020-09-30,10-Q,2020-10-29,29,,0001179929-20-000139
1179929,2020-12-31,10-K,2021-02-16,47,,0001179929-21-000024
1179929,2021-03-31,10-Q,2021-04-29,29,,0001179929-21-000086
1179929,2021-06-30,10-Q,2021-07-29,29,,0001179929-21-000134
1179929,2021-09-30,10-Q,2021-10-28,28,,0001179929-21-000171
1179929,2021-12-31,10-K,2022-02-14,45,,0001179929-22-000025
1179929,2022-03-31,10-Q,2022-04-28,28,,0001179929-22-000080
1179929,2022-06-30,10-Q,2022-07-28,28,,0001179929-22-000112
1179929,2022-09-30,10-Q,2022-10-27,27,,0001179929-22-000172
1179929,2022-12-31,10-K,2023-02-13,44,,0001179929-23-000025
1179929,2023-03-31,10-Q,2023-04-27,27,,0001179929-23-000069
1179929,2023-06-30,10-Q,2023-07-27,27,,0001179929-23-000098
1179929,2023-09-30,10-Q,2023-10-26,26,,0001179929-23-000132
1179929,2023-12-31,10-K,2024-02-13,44,,0001179929-24-000033
1179929,2024-03-31,10-Q,2024-04-25,25,,0001179929-24-000089
1179929,2024-06-30,10-Q,2024-07-25,25,,0001179929-24-000123
1179929,2024-09-30,10-Q,2024-10-24,24,,0001179929-24-000151
1179929,2024-12-31,10-K,2025-02-11,42,,0001179929-25-000023
1271833,2016-06-30,10-Q,2016-08-15,46,,0001271833-16-000010
1271833,2016-09-30,10-Q,2016-11-10,41,,0001271833-16-000013
1271833,2016-12-31,10-K,2017-03-03,62,,0001271833-17-000006
1271833,2017-03-31,10-Q,2017-05-04,34,,0001271833-17-000009
1271833,2017-06-30,10-Q,2017-08-01,32,,0001271833-17-000011
1271833,2017-09-30,10-Q,2017-10-27,27,,0001271833-17-000014
1271833,2017-12-31,10-K,2018-02-13,44,,0001271833-18-000005
1271833,2018-03-31,10-Q,2018-05-01,31,,0001271833-18-000009
1271833,2018-06-30,10-Q,2018-07-31,31,,0001271833-18-000012
1271833,2018-09-30,10-Q,2018-10-29,29,,0001271833-18-000014
1271833,2018-12-31,10-K,2019-02-08,39,,0001271833-19-000004
1271833,2019-03-31,10-Q,2019-04-30,30,,0001271833-19-000007
1271833,2019-06-30,10-Q,2019-07-30,30,,0001271833-19-000009
1271833,2019-09-30,10-Q,2019-10-30,30,,0001271833-19-000014
1271833,2019-12-31,10-K,2020-02-07,38,,0001271833-20-000004
1271833,2020-03-31,10-Q,2020-05-04,34,,0001271833-20-000008
1271833,2020-06-30,10-Q,2020-08-03,34,,0001271833-20-000012
1271833,2020-09-30,10-Q,2020-11-02,33,,0001271833-20-000016
1271833,2020-12-31,10-K,2021-02-05,36,,0001271833-21-000004
1271833,2021-03-31,10-Q,2021-05-03,33,,0001271833-21-000008
1271833,2021-06-30,10-Q,2021-07-30,30,,0001271833-21-000011
1271833,2021-09-30,10-Q,2021-10-29,29,,0001271833-21-000017
1271833,2021-12-31,10-K,2022-01-28,28,,0001271833-22-000006
1271833,2022-03-31,10-Q,2022-04-29,29,,0001271833-22-000013
1271833,2022-06-30,10-Q,2022-07-29,29,,0001271833-22-000017
1271833,2022-09-30,10-Q,2022-10-28,28,,0001271833-22-000021
1271833,2022-12-31,10-K,2023-01-27,27,,0001271833-23-000003
1271833,2023-03-31,10-Q,2023-04-28,28,,0001271833-23-000007
1271833,2023-06-30,10-Q,2023-07-28,28,,0001271833-23-000011
1271833,2023-09-30,10-Q,2023-10-27,27,,0001271833-23-000015
1271833,2023-12-31,10-K,2024-02-02,33,,0001271833-24-000003
1271833,2024-03-31,10-Q,2024-04-26,26,,0001271833-24-000009
1271833,2024-06-30,10-Q,2024-07-26,26,,0001271833-24-000013
1271833,2024-09-30,10-Q,2024-11-01,32,,0001271833-24-000019
1271833,2024-12-31,10-K,2025-01-31,31,,0001271833-25-000005
1276187,2012-03-31,10-Q,2012-05-09,39,,0001276187-12-000018
1276187,2012-06-30,10-Q,2012-08-08,39,,0001276187-12-000036
1276187,2012-09-30,10-Q,2012-11-08,39,,0001276187-12-000047
1276187,2012-12-31,10-K,2013-03-01,60,,0001276187-13-000010
1276187,2013-03-31,10-Q,2013-05-09,39,,0001276187-13-000032
1276187,2013-06-30,10-Q,2013-08-08,39,,0001276187-13-000042
1276187,2013-09-30,10-Q,2013-11-07,38,,0001276187-13-000064
1276187,2013-12-31,10-K,2014-02-27,58,,0001276187-14-000009
1276187,2014-03-31,10-Q,2014-05-08,38,,0001276187-14-000021
1276187,2014-06-30,10-Q,2014-08-07,38,,0001276187-14-000046
1276187,2014-09-30,10-Q,2014-11-06,37,,0001276187-14-000060
1276187,2014-12-31,10-K,2015-03-02,61,,0001276187-15-000014
1276187,2015-03-31,10-Q,2015-05-08,38,,0001276187-15-000033
1276187,2015-06-30,10-Q,2015-08-07,38,,0001276187-15-000056
1276187,2015-09-30,10-Q,2015-11-06,37,,0001276187-15-000094
1276187,2015-12-31,10-K,2016-02-29,60,,0001276187-16-000132
1276187,2016-03-31,10-Q,2016-05-06,36,,0001276187-16-000165
1276187,2016-06-30,10-Q,2016-08-05,36,,0001276187-16-000216
1276187,2016-09-30,10-Q,2016-11-09,40,,0001276187-16-000234
1276187,2016-12-31,10-K,2017-02-24,55,,0001276187-17-000023
1276187,2017-03-31,10-Q,2017-05-04,34,,0001276187-17-000048
1276187,2017-06-30,10-Q,2017-08-09,40,,0001276187-17-000069
1276187,2017-09-30,10-Q,2017-11-08,39,,0001276187-17-000090
1276187,2017-12-31,10-K,2018-02-23,54,,0001276187-18-000011
1276187,2018-03-31,10-Q,2018-05-10,40,,0001276187-18-000025
1276187,2018-06-30,10-Q,2018-08-09,40,,0001276187-18-000045
1276187,2018-09-30,10-Q,2018-11-08,39,,0001276187-18-000066
1276187,2018-12-31,10-K,2019-02-22,53,,0001276187-19-000011
1276187,2019-03-31,10-Q,2019-05-09,39,,0001276187-19-000021
1276187,2019-06-30,10-Q,2019-08-08,39,,0001276187-19-000034
1276187,2019-09-30,10-Q,2019-11-07,38,,0001276187-19-000051
1276187,2019-12-31,10-K,2020-02-21,52,,0001276187-20-000011
1276187,2020-03-31,10-Q,2020-05-11,41,,0001276187-20-000020
1276187,2020-06-30,10-Q,2020-08-06,37,,0001276187-20-000025
1276187,2020-09-30,10-Q,2020-11-05,36,,0001276187-20-000046
1276187,2020-12-31,10-K,2021-02-19,50,,0001276187-21-000034
1276187,2021-03-31,10-Q,2021-05-07,37,,0001276187-21-000050
1276187,2021-06-30,10-Q,2021-08-05,36,,0001276187-21-000067
1276187,2021-09-30,10-Q,2021-11-04,35,,0001276187-21-000079
1276187,2021-12-31,10-K,2022-02-18,49,,0001276187-22-000020
1276187,2022-03-31,10-Q,2022-05-05,35,,0001276187-22-000041
1276187,2022-06-30,10-Q,2022-08-04,35,,0001276187-22-000058
1276187,2022-09-30,10-Q,2022-11-03,34,,0001276187-22-000072
1276187,2022-12-31,10-K,2023-02-17,48,,0001276187-23-000014
1276187,2023-03-31,10-Q,2023-05-04,34,,0001276187-23-000035
1276187,2023-06-30,10-Q,2023-08-03,34,,0001276187-23-000059
1276187,2023-09-30,10-Q,2023-11-02,33,,0001276187-23-000093
1276187,2023-12-31,10-K,2024-02-16,47,,0001276187-24-000024
1276187,2024-03-31,10-Q,2024-05-09,39,,0001276187-24-000040
1276187,2024-06-30,10-Q,2024-08-08,39,,0001276187-24-000083
1276187,2024-09-30,10-Q,2024-11-07,38,,0001276187-24-000108
1276187,2024-12-31,10-K,2025-02-14,45,,0001276187-25-000018
1283699,2012-03-31,10-Q,2012-04-26,26,,0001445305-12-001188
1283699,2012-06-30,10-Q,2012-07-26,26,,0001283699-12-000008
1283699,2012-09-30,10-Q,2012-10-30,30,,0001283699-12-000047
1283699,2012-12-31,10-K,2013-03-01,60,,0001283699-13-000031
1283699,2013-03-31,10-Q,2013-04-25,25,,0001283699-13-000088
1283699,2013-06-30,10-Q,2013-08-08,39,,0001283699-13-000115
1283699,2013-09-30,10-Q,2013-11-07,38,,0001283699-13-000127
1283699,2013-12-31,10-K,2014-02-25,56,,0001283699-14-000012
1283699,2014-03-31,10-Q,2014-05-01,31,,0001283699-14-000022
1283699,2014-06-30,10-Q,2014-07-31,31,,0001283699-14-000035
1283699,2014-09-30,10-Q,2014-10-28,28,,0001283699-14-000053
1283699,2014-12-31,10-K,2015-02-19,50,,0001283699-15-000010
1283699,2015-03-31,10-Q,2015-04-28,28,,0001283699-15-000018
1283699,2015-06-30,10-Q,2015-07-30,30,,0001283699-15-000038
1283699,2015-09-30,10-Q,2015-10-27,27,,0001283699-15-000055
1283699,2015-12-31,10-K,2016-02-17,48,,0001283699-16-000073
1283699,2016-03-31,10-Q,2016-04-26,26,,0001283699-16-000083
1283699,2016-06-30,10-Q,2016-07-27,27,,0001283699-16-000100
1283699,2016-09-30,10-Q,2016-10-24,24,,0001283699-16-000115
1283699,2016-12-31,10-K,2017-02-14,45,,0001283699-17-000010
1283699,2017-03-31,10-Q,2017-04-24,24,,0001283699-17-000022
1283699,2017-06-30,10-Q,2017-07-20,20,,0001283699-17-000032
1283699,2017-09-30,10-Q,2017-10-23,23,,0001283699-17-000043
1283699,2017-12-31,10-K,2018-02-08,39,,0001283699-18-000011
1283699,2018-03-31,10-Q,2018-05-01,31,,0001283699-18-000026
1283699,2018-06-30,10-Q,2018-08-01,32,,0001283699-18-000045
1283699,2018-09-30,10-Q,2018-10-30,30,,0001283699-18-000060
1283699,2018-12-31,10-K,2019-02-07,38,,0001283699-19-000015
1283699,2019-03-31,10-Q,2019-04-25,25,,0001283699-19-000077
1283699,2019-06-30,10-Q,2019-07-26,26,,0001283699-19-000109
1283699,2019-09-30,10-Q,2019-10-28,28,,0001283699-19-000119
1283699,2019-12-31,10-K,2020-02-06,37,,0001283699-20-000026
1283699,2020-03-31,10-Q,2020-05-06,36,,0001283699-20-000106
1283699,2020-06-30,10-Q,2020-08-06,37,,0001283699-20-000165
1283699,2020-09-30,10-Q,2020-11-05,36,,0001283699-20-000193
1283699,2020-12-31,10-K,2021-02-23,54,,0001283699-21-000039
1283699,2021-03-31,10-Q,2021-05-04,34,,0001283699-21-000088
1283699,2021-06-30,10-Q,2021-08-03,34,,0001283699-21-000150
1283699,2021-09-30,10-Q,2021-11-02,33,,0001283699-21-000169
1283699,2021-12-31,10-K,2022-02-11,42,,0001283699-22-000018
1283699,2022-03-31,10-Q,2022-05-06,36,,0001283699-22-000084
1283699,2022-06-30,10-Q,2022-07-29,29,,0001283699-22-000117
1283699,2022-09-30,10-Q,2022-10-27,27,,0001283699-22-000141
1283699,2022-12-31,10-K,2023-02-14,45,,0001283699-23-000016
1283699,2023-03-31,10-Q,2023-04-27,27,,0001283699-23-000087
1283699,2023-06-30,10-Q,2023-07-27,27,,0001283699-23-000134
1283699,2023-09-30,10-Q,2023-10-25,25,,0001283699-23-000151
1283699,2023-12-31,10-K,2024-02-02,33,,0001283699-24-000008
1283699,2024-03-31,10-Q,2024-04-26,26,,0001283699-24-000065
1283699,2024-06-30,10-Q,2024-07-31,31,,0001283699-24-000111
1283699,2024-09-30,10-Q,2024-10-23,23,,0001283699-24-000142
1283699,2024-12-31,10-K,2025-01-31,31,,0001283699-25-000012
1318605,2012-03-31,10-Q,2012-05-10,40,,0001193125-12-225825
1318605,2012-06-30,10-Q,2012-08-02,33,,0001193125-12-332138
1318605,2012-09-30,10-Q,2012-11-07,38,,0001193125-12-457610
1318605,2012-12-31,10-K,2013-03-07,66,,0001193125-13-096241
1318605,2013-03-31,10-Q,2013-05-10,40,,0001193125-13-212354
1318605,2013-06-30,10-Q,2013-08-09,40,,0001193125-13-327916
1318605,2013-09-30,10-Q,2013-11-08,39,,0001193125-13-435480
1318605,2013-12-31,10-K,2014-02-26,57,,0001193125-14-069681
1318605,2014-03-31,10-Q,2014-05-09,39,,0001193125-14-192606
1318605,2014-06-30,10-Q,2014-08-08,39,,0001193125-14-303175
1318605,2014-09-30,10-Q,2014-11-07,38,,0001193125-14-403635
1318605,2014-12-31,10-K,2015-02-26,57,,0001564590-15-001031
1318605,2015-03-31,10-Q,2015-05-11,41,,0001564590-15-003789
1318605,2015-06-30,10-Q,2015-08-07,38,,0001564590-15-006666
1318605,2015-09-30,10-Q,2015-11-05,36,,0001564590-15-009741
1318605,2015-12-31,10-K,2016-02-24,55,,0001564590-16-013195
1318605,2016-03-31,10-Q,2016-05-10,40,,0001564590-16-018886
1318605,2016-06-30,10-Q,2016-08-05,36,,0001564590-16-023024
1318605,2016-09-30,10-Q,2016-11-02,33,,0001564590-16-026820
1318605,2016-12-31,10-K,2017-03-01,60,,0001564590-17-003118
1318605,2017-03-31,10-Q,2017-05-10,40,,0001564590-17-009968
1318605,2017-06-30,10-Q,2017-08-04,35,,0001564590-17-015705
1318605,2017-09-30,10-Q,2017-11-03,34,,0001564590-17-021343
1318605,2017-12-31,10-K,2018-02-23,54,,0001564590-18-002956
1318605,2018-03-31,10-Q,2018-05-07,37,,0001564590-18-011086
1318605,2018-06-30,10-Q,2018-08-06,37,,0001564590-18-019254
1318605,2018-09-30,10-Q,2018-11-02,33,,0001564590-18-026353
1318605,2018-12-31,10-K,2019-02-19,50,,0001564590-19-003165
1318605,2019-03-31,10-Q,2019-04-29,29,,0001564590-19-013462
1318605,2019-06-30,10-Q,2019-07-29,29,,0001564590-19-026445
1318605,2019-09-30,10-Q,2019-10-29,29,,0001564590-19-038256
1318605,2019-12-31,10-K,2020-02-13,44,,0001564590-20-004475
1318605,2020-03-31,10-Q,2020-04-30,30,,0001564590-20-019931
1318605,2020-06-30,10-Q,2020-07-28,28,,0001564590-20-033670
1318605,2020-09-30,10-Q,2020-10-26,26,,0001564590-20-047486
1318605,2020-12-31,10-K,2021-02-08,39,,0001564590-21-004599
1318605,2021-03-31,10-Q,2021-04-28,28,,0000950170-21-000046
1318605,2021-06-30,10-Q,2021-07-27,27,,0000950170-21-000524
1318605,2021-09-30,10-Q,2021-10-25,25,,0000950170-21-002253
1318605,2021-12-31,10-K,2022-02-07,38,,0000950170-22-000796
1318605,2022-03-31,10-Q,2022-04-25,25,,0000950170-22-006034
1318605,2022-06-30,10-Q,2022-07-25,25,,0000950170-22-012936
1318605,2022-09-30,10-Q,2022-10-24,24,,0000950170-22-019867
1318605,2022-12-31,10-K,2023-01-31,31,,0000950170-23-001409
1318605,2023-03-31,10-Q,2023-04-24,24,,0000950170-23-013890
1318605,2023-06-30,10-Q,2023-07-24,24,,0000950170-23-033872
1318605,2023-09-30,10-Q,2023-10-23,23,,0001628280-23-034847
1318605,2023-12-31,10-K,2024-01-29,29,,0001628280-24-002390
1318605,2024-03-31,10-Q,2024-04-24,24,,0001628280-24-017503
1318605,2024-06-30,10-Q,2024-07-24,24,,0001628280-24-032662
1318605,2024-09-30,10-Q,2024-10-24,24,,0001628280-24-043486
1318605,2024-12-31,10-K,2025-01-30,30,,0001628280-25-003063
1326801,2012-06-30,10-Q,2012-07-31,31,,0001193125-12-325997
1326801,2012-09-30,10-Q,2012-10-24,24,,0001326801-12-000006
1326801,2012-12-31,10-K,2013-02-01,32,,0001326801-13-000003
1326801,2013-03-31,10-Q,2013-05-02,32,,0001326801-13-000011
1326801,2013-06-30,10-Q,2013-07-25,25,,0001326801-13-000019
1326801,2013-09-30,10-Q,2013-11-01,32,,0001326801-13-000031
1326801,2013-12-31,10-K,2014-01-31,31,,0001326801-14-000007
1326801,2014-03-31,10-Q,2014-04-25,25,,0001326801-14-000023
1326801,2014-06-30,10-Q,2014-07-24,24,,0001326801-14-000032
1326801,2014-09-30,10-Q,2014-10-30,30,,0001326801-14-000068
1326801,2014-12-31,10-K,2015-01-29,29,,0001326801-15-000006
1326801,2015-03-31,10-Q,2015-04-23,23,,0001326801-15-000015
1326801,2015-06-30,10-Q,2015-07-31,31,,0001326801-15-000028
1326801,2015-09-30,10-Q,2015-11-05,36,,0001326801-15-000032
1326801,2015-12-31,10-K,2016-01-28,28,,0001326801-16-000043
1326801,2016-03-31,10-Q,2016-04-28,28,,0001326801-16-000067
1326801,2016-06-30,10-Q,2016-07-28,28,,0001326801-16-000082
1326801,2016-09-30,10-Q,2016-11-03,34,,0001326801-16-000087
1326801,2016-12-31,10-K,2017-02-03,34,,0001326801-17-000007
1326801,2017-03-31,10-Q,2017-05-04,34,,0001326801-17-000024
1326801,2017-06-30,10-Q,2017-07-27,27,,0001326801-17-000038
1326801,2017-09-30,10-Q,2017-11-02,33,,0001326801-17-000053
1326801,2017-12-31,10-K,2018-02-01,32,,0001326801-18-000009
1326801,2018-03-31,10-Q,2018-04-26,26,,0001326801-18-000032
1326801,2018-06-30,10-Q,2018-07-26,26,,0001326801-18-000057
1326801,2018-09-30,10-Q,2018-10-31,31,,0001326801-18-000067
1326801,2018-12-31,10-K,2019-01-31,31,,0001326801-19-000009
1326801,2019-03-31,10-Q,2019-04-25,25,,0001326801-19-000037
1326801,2019-06-30,10-Q,2019-07-25,25,,0001326801-19-000055
1326801,2019-09-30,10-Q,2019-10-31,31,,0001326801-19-000069
1326801,2019-12-31,10-K,2020-01-30,30,,0001326801-20-000013
1326801,2020-03-31,10-Q,2020-04-30,30,,0001326801-20-000048
1326801,2020-06-30,10-Q,2020-07-31,31,,0001326801-20-000076
1326801,2020-09-30,10-Q,2020-10-30,30,,0001326801-20-000084
1326801,2020-12-31,10-K,2021-01-28,28,,0001326801-21-000014
1326801,2021-03-31,10-Q,2021-04-29,29,,0001326801-21-000033
1326801,2021-06-30,10-Q,2021-07-29,29,,0001326801-21-000049
1326801,2021-09-30,10-Q,2021-10-26,26,,0001326801-21-000065
1326801,2021-12-31,10-K,2022-02-03,34,,0001326801-22-000018
1326801,2022-03-31,10-Q,2022-04-28,28,,0001326801-22-000057
1326801,2022-06-30,10-Q,2022-07-28,28,,0001326801-22-000082
1326801,2022-09-30,10-Q,2022-10-27,27,,0001326801-22-000108
1326801,2022-12-31,10-K,2023-02-02,33,,0001326801-23-000013
1326801,2023-03-31,10-Q,2023-04-27,27,,0001326801-23-000067
1326801,2023-06-30,10-Q,2023-07-27,27,,0001326801-23-000093
1326801,2023-09-30,10-Q,2023-10-26,26,,0001326801-23-000103
1326801,2023-12-31,10-K,2024-02-02,33,,0001326801-24-000012
1326801,2024-03-31,10-Q,2024-04-25,25,,0001326801-24-000049
1326801,2024-06-30,10-Q,2024-08-01,32,,0001326801-24-000069
1326801,2024-09-30,10-Q,2024-10-31,31,,0001326801-24-000081
1326801,2024-12-31,10-K,2025-01-30,30,,0001326801-25-000017
1341439,2012-02-29,10-Q,2012-03-23,23,,0001193125-12-129918
1341439,2012-05-31,10-K,2012-06-26,26,,0001193125-12-284007
1341439,2012-08-31,10-Q,2012-09-24,24,,0001193125-12-401697
1341439,2012-11-30,10-Q,2012-12-21,21,,0001193125-12-513009
1341439,2013-02-28,10-Q,2013-03-22,22,,0001193125-13-122271
1341439,2013-05-31,10-K,2013-06-26,26,,0001193125-13-272832
1341439,2013-08-31,10-Q,2013-09-20,20,,0001193125-13-373455
1341439,2013-11-30,10-Q,2013-12-20,20,,0001193125-13-481081
1341439,2014-01-31,10-Q,2014-03-20,48,,0001193125-14-108126
1341439,2014-05-31,10-K,2014-06-26,26,,0001193125-14-251351
1341439,2014-08-31,10-Q,2014-09-23,23,,0001193125-14-350291
1341439,2014-11-30,10-Q,2014-12-19,19,,0001193125-14-448728
1341439,2015-02-28,10-Q,2015-03-19,19,,0001193125-15-098586
1341439,2015-05-31,10-K,2015-06-25,25,,0001193125-15-235239
1341439,2015-08-31,10-Q,2015-09-18,18,,0001193125-15-323532
1341439,2015-11-30,10-Q,2015-12-18,18,,0001193125-15-407703
1341439,2016-02-29,10-Q,2016-03-18,18,,0001193125-16-510333
1341439,2016-05-31,10-K,2016-06-22,22,,0001193125-16-628942
1341439,2016-08-31,10-Q,2016-09-19,19,,0001193125-16-713596
1341439,2016-11-30,10-Q,2016-12-19,19,,0001193125-16-797253
1341439,2017-02-28,10-Q,2017-03-17,17,,0001193125-17-087309
1341439,2017-05-31,10-K,2017-06-27,27,,0001193125-17-214833
1341439,2017-08-31,10-Q,2017-09-18,18,,0001193125-17-287455
1341439,2017-11-30,10-Q,2017-12-18,18,,0001193125-17-372232
1341439,2018-02-28,10-Q,2018-03-21,21,,0001193125-18-090646
1341439,2018-05-31,10-K,2018-06-22,22,,0001193125-18-201034
1341439,2018-08-31,10-Q,2018-09-19,19,,0001564590-18-023315
1341439,2018-11-30,10-Q,2018-12-19,19,,0001564590-18-031113
1341439,2019-02-28,10-Q,2019-03-18,18,,0001564590-19-008273
1341439,2019-05-31,10-K,2019-06-21,21,,0001564590-19-023119
1341439,2019-08-31,10-Q,2019-09-13,13,,0001564590-19-034717
1341439,2019-11-30,10-Q,2019-12-13,13,,0001564590-19-045966
1341439,2020-02-29,10-Q,2020-03-13,13,,0001564590-20-010833
1341439,2020-05-31,10-K,2020-06-22,22,,0001564590-20-030125
1341439,2020-08-31,10-Q,2020-09-15,15,,0001564590-20-043448
1341439,2020-11-30,10-Q,2020-12-11,11,,0001564590-20-056896
1341439,2021-02-28,10-Q,2021-03-11,11,,0001564590-21-012539
1341439,2021-05-31,10-K,2021-06-21,21,,0001564590-21-033616
1341439,2021-08-31,10-Q,2021-09-13,13,,0001564590-21-047772
1341439,2021-11-30,10-Q,2021-12-10,10,,0001564590-21-060022
1341439,2022-02-28,10-Q,2022-03-11,11,,0001564590-22-009859
1341439,2022-05-31,10-K,2022-06-21,21,,0001564590-22-023675
1341439,2022-08-31,10-Q,2022-09-13,13,,0001564590-22-031545
1341439,2022-11-30,10-Q,2022-12-13,13,,0001564590-22-039278
1341439,2023-02-28,10-Q,2023-03-10,10,,0001564590-23-003413
1341439,2023-05-31,10-K,2023-06-20,20,,0000950170-23-028914
1341439,2023-08-31,10-Q,2023-09-12,12,,0000950170-23-047713
1341439,2023-11-30,10-Q,2023-12-12,12,,0000950170-23-069682
1341439,2024-02-29,10-Q,2024-03-12,12,,0000950170-24-029904
1341439,2024-05-31,10-K,2024-06-20,20,,0000950170-24-075605
1341439,2024-08-31,10-Q,2024-09-10,10,,0000950170-24-104905
1341439,2024-11-30,10-Q,2024-12-10,10,,0000950170-24-134973
1403161,2012-03-31,10-Q,2012-05-02,32,,0001384108-12-000004
1403161,2012-06-30,10-Q,2012-07-27,27,,0001384108-12-000008
1403161,2012-09-30,10-K,2012-11-16,47,,0001384108-12-000011
1403161,2012-12-31,10-Q,2013-02-06,37,,0001384108-13-000004
1403161,2013-03-31,10-Q,2013-05-01,31,,0001403161-13-000004
1403161,2013-06-30,10-Q,2013-07-24,24,,0001403161-13-000007
1403161,2013-09-30,10-K,2013-11-22,53,,0001403161-13-000011
1403161,2013-12-31,10-Q,2014-01-30,30,,0001403161-14-000005
1403161,2014-03-31,10-Q,2014-04-24,24,,0001403161-14-000008
1403161,2014-06-30,10-Q,2014-07-24,24,,0001403161-14-000012
1403161,2014-09-30,10-K,2014-11-21,52,,0001403161-14-000017
1403161,2014-12-31,10-Q,2015-01-29,29,,0001403161-15-000003
1403161,2015-03-31,10-Q,2015-04-30,30,,0001403161-15-000007
1403161,2015-06-30,10-Q,2015-07-23,23,,0001403161-15-000010
1403161,2015-09-30,10-K,2015-11-20,51,,0001403161-15-000013
1403161,2015-12-31,10-Q,2016-01-28,28,,0001403161-16-000015
1403161,2016-03-31,10-Q,2016-04-25,25,,0001403161-16-000022
1403161,2016-06-30,10-Q,2016-07-25,25,,0001403161-16-000039
1403161,2016-09-30,10-K,2016-11-15,46,,0001403161-16-000058
1403161,2016-12-31,10-Q,2017-02-02,33,,0001403161-17-000011
1403161,2017-03-31,10-Q,2017-04-21,21,,0001403161-17-000028
1403161,2017-06-30,10-Q,2017-07-20,20,,0001403161-17-000037
1403161,2017-09-30,10-K,2017-11-17,48,,0001403161-17-000044
1403161,2017-12-31,10-Q,2018-02-01,32,,0001403161-18-000009
1403161,2018-03-31,10-Q,2018-04-27,27,,0001403161-18-000020
1403161,2018-06-30,10-Q,2018-07-27,27,,0001403161-18-000034
1403161,2018-09-30,10-K,2018-11-16,47,,0001403161-18-000055
1403161,2018-12-31,10-Q,2019-01-31,31,,0001403161-19-000005
1403161,2019-03-31,10-Q,2019-04-26,26,,0001403161-19-000017
1403161,2019-06-30,10-Q,2019-07-26,26,,0001403161-19-000030
1403161,2019-09-30,10-K,2019-11-14,45,,0001403161-19-000050
1403161,2019-12-31,10-Q,2020-01-31,31,,0001403161-20-000012
1403161,2020-03-31,10-Q,2020-05-04,34,,0001403161-20-000028
1403161,2020-06-30,10-Q,2020-07-31,31,,0001403161-20-000048
1403161,2020-09-30,10-K,2020-11-19,50,,0001403161-20-000070
1403161,2020-12-31,10-Q,2021-01-29,29,,0001403161-21-000012
1403161,2021-03-31,10-Q,2021-04-29,29,,0001403161-21-000029
1403161,2021-06-30,10-Q,2021-07-29,29,,0001403161-21-000042
1403161,2021-09-30,10-K,2021-11-18,49,,0001403161-21-000060
1403161,2021-12-31,10-Q,2022-01-28,28,,0001403161-22-000013
1403161,2022-03-31,10-Q,2022-04-28,28,,0001403161-22-000027
1403161,2022-06-30,10-Q,2022-07-28,28,,0001403161-22-000058
1403161,2022-09-30,10-K,2022-11-16,47,,0001403161-22-000081
1403161,2022-12-31,10-Q,2023-01-27,27,,0001403161-23-000013
1403161,2023-03-31,10-Q,2023-04-27,27,,0001403161-23-000031
1403161,2023-06-30,10-Q,2023-07-26,26,,0001403161-23-000072
1403161,2023-09-30,10-K,2023-11-15,46,,0001403161-23-000099
1403161,2023-12-31,10-Q,2024-01-26,26,,0001403161-24-000016
1403161,2024-03-31,10-Q,2024-04-24,24,,0001403161-24-000030
1403161,2024-06-30,10-Q,2024-07-24,24,,0001403161-24-000041
1403161,2024-09-30,10-K,2024-11-13,44,,0001403161-24-000058
1403161,2024-12-31,10-Q,2025-01-31,31,,0001403161-25-000017
1413329,2012-03-31,10-Q,2012-05-04,34,,0001413329-12-000004
1413329,2012-06-30,10-Q,2012-08-03,34,,0001413329-12-000007
1413329,2012-09-30,10-Q,2012-11-02,33,,0001413329-12-000010
1413329,2012-12-31,10-K,2013-02-22,53,,0001413329-13-000019
1413329,2013-03-31,10-Q,2013-05-03,33,,0001413329-13-000030
1413329,2013-06-30,10-Q,2013-08-02,33,,0001413329-13-000057
1413329,2013-09-30,10-Q,2013-11-01,32,,0001413329-13-000063
1413329,2013-12-31,10-K,2014-02-21,52,,0001413329-14-000012
1413329,2014-03-31,10-Q,2014-05-02,32,,0001413329-14-000021
1413329,2014-06-30,10-Q,2014-07-31,31,,0001413329-14-000039
1413329,2014-09-30,10-Q,2014-10-31,31,,0001413329-14-000048
1413329,2014-12-31,10-K,2015-02-20,51,,0001413329-15-000016
1413329,2015-03-31,10-Q,2015-05-01,31,,0001413329-15-000029
1413329,2015-06-30,10-Q,2015-07-30,30,,0001413329-15-000050
1413329,2015-09-30,10-Q,2015-10-30,30,,0001413329-15-000058
1413329,2015-12-31,10-K,2016-02-17,48,,0001413329-16-000076
1413329,2016-03-31,10-Q,2016-04-26,26,,0001413329-16-000082
1413329,2016-06-30,10-Q,2016-07-26,26,,0001413329-16-000096
1413329,2016-09-30,10-Q,2016-10-25,25,,0001413329-16-000105
1413329,2016-12-31,10-K,2017-02-14,45,,0001413329-17-000014
1413329,2017-03-31,10-Q,2017-04-27,27,,0001413329-17-000023
1413329,2017-06-30,10-Q,2017-07-27,27,,0001413329-17-000043
1413329,2017-09-30,10-Q,2017-10-26,26,,0001413329-17-000054
1413329,2017-12-31,10-K,2018-02-13,44,,0001413329-18-000007
1413329,2018-03-31,10-Q,2018-04-26,26,,0001413329-18-000023
1413329,2018-06-30,10-Q,2018-07-26,26,,0001413329-18-000039
1413329,2018-09-30,10-Q,2018-10-25,25,,0001413329-18-000053
1413329,2018-12-31,10-K,2019-02-07,38,,0001413329-19-000007
1413329,2019-03-31,10-Q,2019-04-25,25,,0001413329-19-000034
1413329,2019-06-30,10-Q,2019-07-25,25,,0001413329-19-000055
1413329,2019-09-30,10-Q,2019-10-24,24,,0001413329-19-000071
1413329,2019-12-31,10-K,2020-02-07,38,,0001413329-20-000007
1413329,2020-03-31,10-Q,2020-04-28,28,,0001413329-20-000032
1413329,2020-06-30,10-Q,2020-07-29,29,,0001413329-20-000053
1413329,2020-09-30,10-Q,2020-10-27,27,,0001413329-20-000062
1413329,2020-12-31,10-K,2021-02-09,40,,0001413329-21-000007
1413329,2021-03-31,10-Q,2021-04-27,27,,0001413329-21-000025
1413329,2021-06-30,10-Q,2021-07-27,27,,0001413329-21-000058
1413329,2021-09-30,10-Q,2021-10-27,27,,0001413329-21-000091
1413329,2021-12-31,10-K,2022-02-11,42,,0001413329-22-000011
1413329,2022-03-31,10-Q,2022-04-28,28,,0001413329-22-000035
1413329,2022-06-30,10-Q,2022-07-29,29,,0001413329-22-000072
1413329,2022-09-30,10-Q,2022-10-27,27,,0001413329-22-000114
1413329,2022-12-31,10-K,2023-02-10,41,,0001413329-23-000025
1413329,2023-03-31,10-Q,2023-04-26,26,,0001413329-23-000117
1413329,2023-06-30,10-Q,2023-07-27,27,,0001413329-23-000176
1413329,2023-09-30,10-Q,2023-10-26,26,,0001413329-23-000201
1413329,2023-12-31,10-K,2024-02-08,39,,0001413329-24-000013
1413329,2024-03-31,10-Q,2024-04-26,26,,0001413329-24-000087
1413329,2024-06-30,10-Q,2024-07-25,25,,0001413329-24-000145
1413329,2024-09-30,10-Q,2024-10-24,24,,0001413329-24-000172
1413329,2024-12-31,10-K,2025-02-06,37,,0001413329-25-000013
1437107,2012-03-31,10-Q,2012-05-08,38,,0001193125-12-218697
1437107,2012-06-30,10-Q,2012-07-31,31,,0001437107-12-000006
1437107,2012-09-30,10-Q,2012-11-06,37,,0001437107-12-000015
1437107,2012-12-31,10-K,2013-02-14,45,,0001437107-13-000006
1437107,2013-03-31,10-Q,2013-05-07,37,,0001437107-13-000021
1437107,2013-06-30,10-Q,2013-07-30,30,,0001437107-13-000031
1437107,2013-09-30,10-Q,2013-10-31,31,,0001437107-13-000042
1437107,2013-12-31,10-K,2014-02-20,51,,0001437107-14-000016
1437107,2014-03-31,10-Q,2014-05-06,36,,0001437107-14-000029
1437107,2014-06-30,10-Q,2014-07-31,31,,0001437107-14-000048
1437107,2014-09-30,10-Q,2014-11-04,35,,0001437107-14-000072
1437107,2014-12-31,10-K,2015-02-19,50,,0001437107-15-000004
1437107,2015-03-31,10-Q,2015-05-05,35,,0001437107-15-000013
1437107,2015-06-30,10-Q,2015-08-05,36,,0001437107-15-000034
1437107,2015-09-30,10-Q,2015-11-03,34,,0001437107-15-000052
1437107,2015-12-31,10-K,2016-02-18,49,,0001437107-16-000059
1437107,2016-03-31,10-Q,2016-05-05,35,,0001437107-16-000072
1437107,2016-06-30,10-Q,2016-08-02,33,,0001437107-16-000084
1437107,2016-09-30,10-Q,2016-11-01,32,,0001437107-16-000106
1437107,2016-12-31,10-K,2017-02-14,45,,0001437107-17-000007
1437107,2017-03-31,10-Q,2017-05-09,39,,0001437107-17-000017
1437107,2017-06-30,10-Q,2017-08-04,35,,0001437107-17-000030
1437107,2017-09-30,10-Q,2017-11-02,33,,0001437107-17-000063
1437107,2017-12-31,10-K,2018-02-28,59,,0001437107-18-000028
1437107,2018-03-31,10-Q,2018-05-10,40,,0001437107-18-000059
1437107,2018-06-30,10-Q,2018-08-08,39,,0001437107-18-000076
1437107,2018-09-30,10-Q,2018-11-09,40,,0001437107-18-000091
1437107,2018-12-31,10-K,2019-03-01,60,,0001437107-19-000013
1437107,2019-03-31,10-Q,2019-05-02,32,,0001437107-19-000026
1437107,2019-06-30,10-Q,2019-08-06,37,,0001437107-19-000039
1437107,2019-09-30,10-Q,2019-11-07,38,,0001437107-19-000050
1437107,2019-12-31,10-K,2020-02-27,58,,0001437107-20-000006
1437107,2020-03-31,10-Q,2020-05-06,36,,0001437107-20-000026
1437107,2020-06-30,10-Q,2020-08-05,36,,0001437107-20-000069
1437107,2020-09-30,10-Q,2020-11-06,37,,0001437107-20-000089
1437107,2020-12-31,10-K,2021-02-22,53,,0001437107-21-000018
1437107,2021-03-31,10-Q,2021-04-29,29,,0001437107-21-000088
1437107,2021-06-30,10-Q,2021-08-03,34,,0001437107-21-000166
1437107,2021-09-30,10-Q,2021-11-03,34,,0001437107-21-000183
1437107,2021-12-31,10-K,2022-02-24,55,,0001437107-22-000031
1437107,2022-03-31,10-Q,2022-04-26,26,,0001437107-22-000138
1437107,2022-06-30,10-Q,2022-08-05,36,,0001437107-22-000209
1437107,2022-09-30,10-Q,2022-11-04,35,,0001437107-22-000231
1437107,2022-12-31,10-K,2023-02-24,55,,0001437107-23-000019
1437107,2023-03-31,10-Q,2023-05-05,35,,0001437107-23-000077
1437107,2023-06-30,10-Q,2023-08-03,34,,0001437107-23-000144
1437107,2023-09-30,10-Q,2023-11-08,39,,0001437107-23-000173
1437107,2023-12-31,10-K,2024-02-23,54,,0001437107-24-000017
1437107,2024-03-31,10-Q,2024-05-09,39,,0001437107-24-000110
1437107,2024-06-30,10-Q,2024-08-07,38,,0001437107-24-000165
1437107,2024-09-30,10-Q,2024-11-07,38,,0001437107-24-000187
1437107,2024-12-31,10-K,2025-02-27,58,,0001437107-25-000031
1467858,2012-03-31,10-Q,2012-05-03,33,,0001467858-12-000029
1467858,2012-06-30,10-Q,2012-08-03,34,,0001467858-12-000047
1467858,2012-09-30,10-Q,2012-10-31,31,,0001467858-12-000060
1467858,2012-12-31,10-K,2013-02-15,46,,0001467858-13-000025
1467858,2013-03-31,10-Q,2013-05-02,32,,0001467858-13-000075
1467858,2013-06-30,10-Q,2013-07-25,25,,0001467858-13-000106
1467858,2013-09-30,10-Q,2013-10-30,30,,0001467858-13-000135
1467858,2013-12-31,10-K,2014-02-06,37,,0001467858-14-000043
1467858,2014-03-31,10-Q,2014-04-24,24,,0001467858-14-000125
1467858,2014-06-30,10-Q,2014-07-24,24,,0001467858-14-000213
1467858,2014-09-30,10-Q,2014-10-23,23,,0001467858-14-000247
1467858,2014-12-31,10-K,2015-02-04,35,,0001467858-15-000036
1467858,2015-03-31,10-Q,2015-04-23,23,,0001467858-15-000122
1467858,2015-06-30,10-Q,2015-07-23,23,,0001467858-15-000175
1467858,2015-09-30,10-Q,2015-10-21,21,,0001467858-15-000217
1467858,2015-12-31,10-K,2016-02-03,34,,0001467858-16-000255
1467858,2016-03-31,10-Q,2016-04-21,21,,0001467858-16-000317
1467858,2016-06-30,10-Q,2016-07-21,21,,0001467858-16-000341
1467858,2016-09-30,10-Q,2016-10-25,25,,0001467858-16-000363
1467858,2016-12-31,10-K,2017-02-07,38,,0001467858-17-000028
1467858,2017-03-31,10-Q,2017-04-28,28,,0001467858-17-000070
1467858,2017-06-30,10-Q,2017-07-25,25,,0001467858-17-000103
1467858,2017-09-30,10-Q,2017-10-24,24,,0001467858-17-000133
1467858,2017-12-31,10-K,2018-02-06,37,,0001467858-18-000022
1467858,2018-03-31,10-Q,2018-04-26,26,,0001467858-18-000068
1467858,2018-06-30,10-Q,2018-07-25,25,,0001467858-18-000089
1467858,2018-09-30,10-Q,2018-10-31,31,,0001467858-18-000104
1467858,2018-12-31,10-K,2019-02-06,37,,0001467858-19-000033
1467858,2019-03-31,10-Q,2019-04-30,30,,0001467858-19-000084
1467858,2019-06-30,10-Q,2019-08-01,32,,0001467858-19-000107
1467858,2019-09-30,10-Q,2019-10-29,29,,0001467858-19-000121
1467858,2019-12-31,10-K,2020-02-05,36,,0001467858-20-000028
1467858,2020-03-31,10-Q,2020-05-06,36,,0001467858-20-000069
1467858,2020-06-30,10-Q,2020-07-29,29,,0001467858-20-000113
1467858,2020-09-30,10-Q,2020-11-05,36,,0001467858-20-000128
1467858,2020-12-31,10-K,2021-02-10,41,,0001467858-21-000037
1467858,2021-03-31,10-Q,2021-05-05,35,,0001467858-21-000117
1467858,2021-06-30,10-Q,2021-08-04,35,,0001467858-21-000142
1467858,2021-09-30,10-Q,2021-10-27,27,,0001467858-21-000152
1467858,2021-12-31,10-K,2022-02-02,33,,0001467858-22-000034
1467858,2022-03-31,10-Q,2022-04-27,27,,0001467858-22-000078
1467858,2022-06-30,10-Q,2022-07-26,26,,0001467858-22-000094
1467858,2022-09-30,10-Q,2022-10-25,25,,0001467858-22-000114
1467858,2022-12-31,10-K,2023-01-31,31,,0001467858-23-000029
1467858,2023-03-31,10-Q,2023-04-25,25,,0001467858-23-000075
1467858,2023-06-30,10-Q,2023-07-25,25,,0001467858-23-000098
1467858,2023-09-30,10-Q,2023-10-24,24,,0001467858-23-000107
1467858,2023-12-31,10-K,2024-01-30,30,,0001467858-24-000031
1467858,2024-03-31,10-Q,2024-04-23,23,,0001467858-24-000076
1467858,2024-06-30,10-Q,2024-07-23,23,,0001467858-24-000102
1467858,2024-09-30,10-Q,2024-10-22,22,,0001467858-24-000117
1467858,2024-12-31,10-K,2025-01-28,28,,0001467858-25-000032
1489393,2012-03-31,10-Q,2012-04-30,30,,0001193125-12-195861
1489393,2012-06-30,10-Q,2012-07-27,27,,0001193125-12-318803
1489393,2012-09-30,10-Q,2012-10-26,26,,0001193125-12-437071
1489393,2012-12-31,10-K,2013-02-12,43,,0001193125-13-051488
1489393,2013-03-31,10-Q,2013-04-26,26,,0001193125-13-176626
1489393,2013-06-30,10-Q,2013-07-26,26,,0001193125-13-304126
1489393,2013-09-30,10-Q,2013-10-29,29,,0001193125-13-416094
1489393,2013-12-31,10-K,2014-02-20,51,,0001193125-14-060399
1489393,2014-03-31,10-Q,2014-04-29,29,,0001193125-14-166880
1489393,2014-06-30,10-Q,2014-07-25,25,,0001193125-14-280117
1489393,2014-09-30,10-Q,2014-10-24,24,,0001193125-14-381260
1489393,2014-12-31,10-K,2015-02-17,48,,0000950123-15-003039
1489393,2015-03-31,10-Q,2015-04-24,24,,0001193125-15-145917
1489393,2015-06-30,10-Q,2015-07-28,28,,0001193125-15-265555
1489393,2015-09-30,10-Q,2015-10-23,23,,0001193125-15-351698
1489393,2015-12-31,10-K,2016-02-16,47,,0001193125-16-465311
1489393,2016-03-31,10-Q,2016-04-22,22,,0001193125-16-551934
1489393,2016-06-30,10-Q,2016-07-29,29,,0001193125-16-664234
1489393,2016-09-30,10-Q,2016-11-01,32,,0001193125-16-754839
1489393,2016-12-31,10-K,2017-02-17,48,,0001193125-17-047661
1489393,2017-03-31,10-Q,2017-04-28,28,,0001193125-17-147241
1489393,2017-06-30,10-Q,2017-07-28,28,,0001193125-17-239999
1489393,2017-09-30,10-Q,2017-10-27,27,,0001193125-17-322552
1489393,2017-12-31,10-K,2018-02-22,53,,0001193125-18-054181
1489393,2018-03-31,10-Q,2018-04-27,27,,0001193125-18-137643
1489393,2018-06-30,10-Q,2018-08-03,34,,0001489393-18-000012
1489393,2018-09-30,10-Q,2018-10-30,30,,0001489393-18-000019
1489393,2018-12-31,10-K,2019-02-21,52,,0001489393-19-000011
1489393,2019-03-31,10-Q,2019-04-26,26,,0001489393-19-000022
1489393,2019-06-30,10-Q,2019-08-02,33,,0001489393-19-000045
1489393,2019-09-30,10-Q,2019-11-01,32,,0001489393-19-000068
1489393,2019-12-31,10-K,2020-02-20,51,,0001489393-20-000009
1489393,2020-03-31,10-Q,2020-05-01,31,,0001489393-20-000030
1489393,2020-06-30,10-Q,2020-07-31,31,,0001489393-20-000049
1489393,2020-09-30,10-Q,2020-10-30,30,,0001489393-20-000068
1489393,2020-12-31,10-K,2021-02-25,56,,0001489393-21-000007
1489393,2021-03-31,10-Q,2021-04-30,30,,0001489393-21-000014
1489393,2021-06-30,10-Q,2021-07-30,30,,0001489393-21-000039
1489393,2021-09-30,10-Q,2021-10-29,29,,0001489393-21-000046
1489393,2021-12-31,10-K,2022-02-24,55,,0001489393-22-000009
1489393,2022-03-31,10-Q,2022-04-29,29,,0001489393-22-000020
1489393,2022-06-30,10-Q,2022-07-29,29,,0001489393-22-000037
1489393,2022-09-30,10-Q,2022-10-28,28,,0001489393-22-000046
1489393,2022-12-31,10-K,2023-02-23,54,,0001489393-23-000006
1489393,2023-03-31,10-Q,2023-04-28,28,,0001489393-23-000025
1489393,2023-06-30,10-Q,2023-08-04,35,,0001489393-23-000037
1489393,2023-09-30,10-Q,2023-10-27,27,,0001489393-23-000043
1489393,2023-12-31,10-K,2024-02-22,53,,0001489393-24-000012
1489393,2024-03-31,10-Q,2024-04-26,26,,0001489393-24-000020
1489393,2024-06-30,10-Q,2024-08-02,33,,0001489393-24-000037
1489393,2024-09-30,10-Q,2024-11-01,32,,0001489393-24-000046
1489393,2024-12-31,10-K,2025-02-27,58,,0001489393-25-000008
1510295,2012-03-31,10-Q,2012-05-09,39,,0001193125-12-222274
1510295,2012-06-30,10-Q,2012-08-08,39,,0001193125-12-344150
1510295,2012-09-30,10-Q,2012-11-09,40,,0001193125-12-462694
1510295,2012-12-31,10-K,2013-02-28,59,,0001193125-13-084698
1510295,2013-03-31,10-Q,2013-05-09,39,,0001193125-13-210939
1510295,2013-06-30,10-Q,2013-08-08,39,,0001193125-13-326060
1510295,2013-09-30,10-Q,2013-11-07,38,,0001510295-13-000003
1510295,2013-12-31,10-K,2014-02-28,59,,0001510295-14-000004
1510295,2014-03-31,10-Q,2014-05-05,35,,0001510295-14-000009
1510295,2014-06-30,10-Q,2014-08-04,35,,0001510295-14-000014
1510295,2014-09-30,10-Q,2014-11-03,34,,0001510295-14-000030
1510295,2014-12-31,10-K,2015-02-27,58,,0001510295-15-000007
1510295,2015-03-31,10-Q,2015-05-04,34,,0001510295-15-000016
1510295,2015-06-30,10-Q,2015-08-03,34,,0001510295-15-000040
1510295,2015-09-30,10-Q,2015-11-02,33,,0001510295-15-000050
1510295,2015-12-31,10-K,2016-02-26,57,,0001510295-16-000078
1510295,2016-03-31,10-Q,2016-05-02,32,,0001510295-16-000104
1510295,2016-06-30,10-Q,2016-08-03,34,,0001510295-16-000117
1510295,2016-09-30,10-Q,2016-10-31,31,,0001510295-16-000139
1510295,2016-12-31,10-K,2017-02-24,55,,0001510295-17-000017
1510295,2017-03-31,10-Q,2017-05-01,31,,0001510295-17-000052
1510295,2017-06-30,10-Q,2017-08-03,34,,0001510295-17-000085
1510295,2017-09-30,10-Q,2017-10-30,30,,0001510295-17-000098
1510295,2017-12-31,10-K,2018-02-28,59,,0001510295-18-000024
1510295,2018-03-31,10-Q,2018-04-30,30,,0001510295-18-000056
1510295,2018-06-30,10-Q,2018-08-06,37,,0001510295-18-000135
1510295,2018-09-30,10-Q,2018-11-05,36,,0001510295-18-000215
1510295,2018-12-31,10-K,2019-02-28,59,,0001510295-19-000014
1510295,2019-03-31,10-Q,2019-05-09,39,,0001510295-19-000051
1510295,2019-06-30,10-Q,2019-08-05,36,,0001510295-19-000108
1510295,2019-09-30,10-Q,2019-11-04,35,,0001510295-19-000144
1510295,2019-12-31,10-K,2020-02-28,59,,0001510295-20-000006
1510295,2020-03-31,10-Q,2020-05-07,37,,0001510295-20-000066
1510295,2020-06-30,10-Q,2020-08-03,34,,0001510295-20-000083
1510295,2020-09-30,10-Q,2020-11-06,37,,0001510295-20-000108
1510295,2020-12-31,10-K,2021-02-26,57,,0001510295-21-000027
1510295,2021-03-31,10-Q,2021-05-06,36,,0001510295-21-000070
1510295,2021-06-30,10-Q,2021-08-04,35,,0001510295-21-000114
1510295,2021-09-30,10-Q,2021-11-02,33,,0001510295-21-000127
1510295,2021-12-31,10-K,2022-02-24,55,,0001510295-22-000011
1510295,2022-03-31,10-Q,2022-05-03,33,,0001510295-22-000039
1510295,2022-06-30,10-Q,2022-08-02,33,,0001510295-22-000063
1510295,2022-09-30,10-Q,2022-11-01,32,,0001510295-22-000077
1510295,2022-12-31,10-K,2023-02-23,54,,0001510295-23-000012
1510295,2023-03-31,10-Q,2023-05-02,32,,0001510295-23-000047
1510295,2023-06-30,10-Q,2023-08-01,32,,0001510295-23-000069
1510295,2023-09-30,10-Q,2023-10-31,31,,0001510295-23-000078
1510295,2023-12-31,10-K,2024-02-28,59,,0001510295-24-000015
1510295,2024-03-31,10-Q,2024-04-30,30,,0001510295-24-000047
1510295,2024-06-30,10-Q,2024-08-06,37,,0001510295-24-000068
1510295,2024-09-30,10-Q,2024-11-05,36,,0001510295-24-000079
1510295,2024-12-31,10-K,2025-02-27,58,,0001510295-25-000012
1527469,2016-12-31,10-K,2017-03-16,75,,0001527469-17-000011
1527469,2017-03-31,10-Q,2017-05-11,41,,0001527469-17-000032
1527469,2017-06-30,10-Q,2017-08-10,41,,0001527469-17-000057
1527469,2017-09-30,10-Q,2017-11-07,38,,0001527469-17-000066
1527469,2017-12-31,10-K,2018-02-26,57,,0001527469-18-000011
1527469,2018-03-31,10-Q,2018-05-04,34,,0001527469-18-000023
1527469,2018-06-30,10-Q,2018-08-03,34,,0001527469-18-000052
1527469,2018-09-30,10-Q,2018-11-01,32,,0001527469-18-000062
1527469,2018-12-31,10-K,2019-02-27,58,,0001527469-19-000007
1527469,2019-03-31,10-Q,2019-05-07,37,,0001527469-19-000013
1527469,2019-06-30,10-Q,2019-08-05,36,,0001527469-19-000035
1527469,2019-09-30,10-Q,2019-11-05,36,,0001527469-19-000049
1527469,2019-12-31,10-K,2020-02-20,51,,0001527469-20-000007
1527469,2020-03-31,10-Q,2020-05-08,38,,0001527469-20-000025
1527469,2020-06-30,10-Q,2020-08-05,36,,0001527469-20-000037
1527469,2020-09-30,10-Q,2020-11-03,34,,0001527469-20-000049
1527469,2020-12-31,10-K,2021-02-19,50,,0001527469-21-000025
1527469,2021-03-31,10-Q,2021-05-10,40,,0001527469-21-000041
1527469,2021-06-30,10-Q,2021-08-05,36,,0001527469-21-000060
1527469,2021-09-30,10-Q,2021-11-08,39,,0001527469-21-000082
1527469,2021-12-31,10-K,2022-02-25,56,,0001527469-22-000018
1527469,2022-03-31,10-Q,2022-05-10,40,,0001527469-22-000026
1527469,2022-06-30,10-Q,2022-08-09,40,,0001527469-22-000049
1527469,2022-09-30,10-Q,2022-11-08,39,,0001527469-22-000067
1527469,2022-12-31,10-K,2023-03-01,60,,0001527469-23-000014
1527469,2023-03-31,10-Q,2023-05-09,39,,0001527469-23-000034
1527469,2023-06-30,10-Q,2023-08-07,38,,0001527469-23-000053
1527469,2023-09-30,10-Q,2023-11-07,38,,0001527469-23-000073
1527469,2023-12-31,10-K,2024-02-27,58,,0001527469-24-000021
1527469,2024-03-31,10-Q,2024-05-07,37,,0001527469-24-000036
1527469,2024-06-30,10-Q,2024-08-08,39,,0001527469-24-000070
1527469,2024-09-30,10-Q,2024-11-06,37,,0001527469-24-000091
1527469,2024-12-31,10-K,2025-02-24,55,,0001527469-25-000016
1534504,2012-12-31,10-K,2013-02-28,59,,0001193125-13-084119
1534504,2013-03-31,10-Q,2013-05-09,39,,0001534504-13-000006
1534504,2013-06-30,10-Q,2013-08-08,39,,0001534504-13-000018
1534504,2013-09-30,10-Q,2013-11-07,38,,0001534504-13-000034
1534504,2013-12-31,10-K,2014-02-21,52,,0001534504-14-000011
1534504,2014-03-31,10-Q,2014-05-07,37,,0001534504-14-000037
1534504,2014-06-30,10-Q,2014-08-07,38,,0001534504-14-000065
1534504,2014-09-30,10-Q,2014-11-07,38,,0001534504-14-000093
1534504,2014-12-31,10-K,2015-02-26,57,,0001534504-15-000015
1534504,2015-03-31,10-Q,2015-05-07,37,,0001534504-15-000030
1534504,2015-06-30,10-Q,2015-08-06,37,,0001534504-15-000064
1534504,2015-09-30,10-Q,2015-11-05,36,,0001534504-15-000088
1534504,2015-12-31,10-K,2016-02-29,60,,0001534504-16-000118
1534504,2016-03-31,10-Q,2016-05-05,35,,0001534504-16-000127
1534504,2016-06-30,10-Q,2016-08-04,35,,0001534504-16-000143
1534504,2016-09-30,10-Q,2016-11-04,35,,0001534504-16-000165
1534504,2016-12-31,10-K,2017-02-24,55,,0001534504-17-000017
1534504,2017-03-31,10-Q,2017-05-04,34,,0001534504-17-000028
1534504,2017-06-30,10-Q,2017-08-03,34,,0001534504-17-000053
1534504,2017-09-30,10-Q,2017-11-02,33,,0001534504-17-000070
1534504,2017-12-31,10-K,2018-02-23,54,,0001534504-18-000016
1534504,2018-03-31,10-Q,2018-05-03,33,,0001534504-18-000023
1534504,2018-06-30,10-Q,2018-08-02,33,,0001534504-18-000048
1534504,2018-09-30,10-Q,2018-10-31,31,,0001534504-18-000058
1534504,2018-12-31,10-K,2019-02-21,52,,0001534504-19-000012
1534504,2019-03-31,10-Q,2019-05-01,31,,0001534504-19-000020
1534504,2019-06-30,10-Q,2019-08-01,32,,0001534504-19-000040
1534504,2019-09-30,10-Q,2019-10-31,31,,0001534504-19-000052
1534504,2019-12-31,10-K,2020-02-20,51,,0001534504-20-000030
1534504,2020-03-31,10-Q,2020-05-15,45,,0001534504-20-000053
1534504,2020-06-30,10-Q,2020-07-31,31,,0001534504-20-000067
1534504,2020-09-30,10-Q,2020-10-29,29,,0001534504-20-000084
1534504,2020-12-31,10-K,2021-02-18,49,,0001534504-21-000008
1534504,2021-03-31,10-Q,2021-04-29,29,,0001534504-21-000015
1534504,2021-06-30,10-Q,2021-07-29,29,,0001534504-21-000029
1534504,2021-09-30,10-Q,2021-10-28,28,,0001534504-21-000043
1534504,2021-12-31,10-K,2022-02-17,48,,0001534504-22-000007
1534504,2022-03-31,10-Q,2022-04-28,28,,0001534504-22-000019
1534504,2022-06-30,10-Q,2022-07-28,28,,0001534504-22-000045
1534504,2022-09-30,10-Q,2022-10-27,27,,0001534504-22-000069
1534504,2022-12-31,10-K,2023-02-16,47,,0001534504-23-000011
1534504,2023-03-31,10-Q,2023-05-05,35,,0001534504-23-000024
1534504,2023-06-30,10-Q,2023-08-03,34,,0001534504-23-000042
1534504,2023-09-30,10-Q,2023-11-02,33,,0001534504-23-000051
1534504,2023-12-31,10-K,2024-02-15,46,,0001534504-24-000011
1534504,2024-03-31,10-Q,2024-05-02,32,,0001534504-24-000024
1534504,2024-06-30,10-Q,2024-08-01,32,,0001534504-24-000033
1534504,2024-09-30,10-Q,2024-10-31,31,,0001534504-24-000039
1534504,2024-12-31,10-K,2025-02-13,44,,0001534504-25-000011
1534701,2012-03-31,10-Q,2012-05-16,46,,0001193125-12-236055
1534701,2012-06-30,10-Q,2012-08-03,34,,0001193125-12-334961
1534701,2012-09-30,10-Q,2012-11-01,32,,0001193125-12-446999
1534701,2012-12-31,10-K,2013-02-22,53,,0001534701-13-000006
1534701,2013-03-31,10-Q,2013-05-02,32,,0001534701-13-000009
1534701,2013-06-30,10-Q,2013-08-01,32,,0001534701-13-000016
1534701,2013-09-30,10-Q,2013-10-31,31,,0001534701-13-000022
1534701,2013-12-31,10-K,2014-02-21,52,,0001534701-14-000042
1534701,2014-03-31,10-Q,2014-05-01,31,,0001534701-14-000061
1534701,2014-06-30,10-Q,2014-07-31,31,,0001534701-14-000100
1534701,2014-09-30,10-Q,2014-10-30,30,,0001534701-14-000116
1534701,2014-12-31,10-K,2015-02-20,51,,0001534701-15-000038
1534701,2015-03-31,10-Q,2015-05-01,31,,0001534701-15-000049
1534701,2015-06-30,10-Q,2015-07-31,31,,0001534701-15-000066
1534701,2015-09-30,10-Q,2015-10-30,30,,0001534701-15-000075
1534701,2015-12-31,10-K,2016-02-19,50,,0001534701-16-000119
1534701,2016-03-31,10-Q,2016-04-29,29,,0001534701-16-000130
1534701,2016-06-30,10-Q,2016-07-29,29,,0001534701-16-000153
1534701,2016-09-30,10-Q,2016-10-28,28,,0001534701-16-000175
1534701,2016-12-31,10-K,2017-02-17,48,,0001534701-17-000051
1534701,2017-03-31,10-Q,2017-05-05,35,,0001534701-17-000074
1534701,2017-06-30,10-Q,2017-08-01,32,,0001534701-17-000083
1534701,2017-09-30,10-Q,2017-10-27,27,,0001534701-17-000105
1534701,2017-12-31,10-K,2018-02-23,54,,0001534701-18-000065
1534701,2018-03-31,10-Q,2018-04-27,27,,0001534701-18-000071
1534701,2018-06-30,10-Q,2018-07-27,27,,0001534701-18-000094
1534701,2018-09-30,10-Q,2018-10-26,26,,0001534701-18-000109
1534701,2018-12-31,10-K,2019-02-22,53,,0001534701-19-000063
1534701,2019-03-31,10-Q,2019-04-30,30,,0001534701-19-000072
1534701,2019-06-30,10-Q,2019-07-26,26,,0001534701-19-000095
1534701,2019-09-30,10-Q,2019-10-25,25,,0001534701-19-000135
1534701,2019-12-31,10-K,2020-02-21,52,,0001534701-20-000070
1534701,2020-03-31,10-Q,2020-05-01,31,,0001534701-20-000085
1534701,2020-06-30,10-Q,2020-07-31,31,,0001534701-20-000120
1534701,2020-09-30,10-Q,2020-10-30,30,,0001534701-20-000154
1534701,2020-12-31,10-K,2021-02-24,55,,0001534701-21-000074
1534701,2021-03-31,10-Q,2021-04-30,30,,0001534701-21-000106
1534701,2021-06-30,10-Q,2021-08-03,34,,0001534701-21-000150
1534701,2021-09-30,10-Q,2021-10-29,29,,0001534701-21-000209
1534701,2021-12-31,10-K,2022-02-18,49,,0001534701-22-000078
1534701,2022-03-31,10-Q,2022-04-29,29,,0001534701-22-000103
1534701,2022-06-30,10-Q,2022-07-29,29,,0001534701-22-000143
1534701,2022-09-30,10-Q,2022-11-09,40,,0001534701-22-000185
1534701,2022-12-31,10-K,2023-02-22,53,,0001534701-23-000053
1534701,2023-03-31,10-Q,2023-05-04,34,,0001534701-23-000080
1534701,2023-06-30,10-Q,2023-08-04,35,,0001534701-23-000123
1534701,2023-09-30,10-Q,2023-11-03,34,,0001534701-23-000148
1534701,2023-12-31,10-K,2024-02-21,52,,0001534701-24-000078
1534701,2024-03-31,10-Q,2024-04-29,29,,0001534701-24-000104
1534701,2024-06-30,10-Q,2024-07-31,31,,0001534701-24-000132
1534701,2024-09-30,10-Q,2024-10-29,29,,0001534701-24-000166
1534701,2024-12-31,10-K,2025-02-21,52,,0001534701-25-000074
1543151,2019-03-31,10-Q,2019-06-04,65,lag_long,0001628280-19-007524
1543151,2019-06-30,10-Q,2019-08-09,40,,0001543151-19-000009
1543151,2019-09-30,10-Q,2019-11-05,36,,0001543151-19-000017
1543151,2019-12-31,10-K,2020-03-02,62,,0001543151-20-000010
1543151,2020-03-31,10-Q,2020-05-08,38,,0001543151-20-000022
1543151,2020-06-30,10-Q,2020-08-07,38,,0001543151-20-000029
1543151,2020-09-30,10-Q,2020-11-06,37,,0001628280-20-015936
1543151,2020-12-31,10-K,2021-03-01,60,,0001543151-21-000014
1543151,2021-03-31,10-Q,2021-05-06,36,,0001543151-21-000029
1543151,2021-06-30,10-Q,2021-08-05,36,,0001543151-21-000038
1543151,2021-09-30,10-Q,2021-11-09,40,,0001543151-21-000047
1543151,2021-12-31,10-K,2022-02-24,55,,0001543151-22-000008
1543151,2022-03-31,10-Q,2022-05-05,35,,0001543151-22-000015
1543151,2022-06-30,10-Q,2022-08-04,35,,0001543151-22-000024
1543151,2022-09-30,10-Q,2022-11-02,33,,0001543151-22-000034
1543151,2022-12-31,10-K,2023-02-21,52,,0001543151-23-000010
1543151,2023-03-31,10-Q,2023-05-03,33,,0001543151-23-000016
1543151,2023-06-30,10-Q,2023-08-02,33,,0001543151-23-000025
1543151,2023-09-30,10-Q,2023-11-07,38,,0001543151-23-000039
1543151,2023-12-31,10-K,2024-02-15,46,,0001543151-24-000012
1543151,2024-03-31,10-Q,2024-05-08,38,,0001543151-24-000020
1543151,2024-06-30,10-Q,2024-08-06,37,,0001543151-24-000027
1543151,2024-09-30,10-Q,2024-10-31,31,,0001543151-24-000036
1543151,2024-12-31,10-K,2025-02-14,45,,0001543151-25-000008
1551152,2012-12-31,10-K,2013-03-15,74,,0001047469-13-002827
1551152,2013-03-31,10-Q,2013-05-08,38,,0001104659-13-038917
1551152,2013-06-30,10-Q,2013-08-09,40,,0001104659-13-062262
1551152,2013-09-30,10-Q,2013-11-12,43,,0001104659-13-083686
1551152,2013-12-31,10-K,2014-02-21,52,,0001047469-14-001154
1551152,2014-03-31,10-Q,2014-05-09,39,,0001104659-14-036968
1551152,2014-06-30,10-Q,2014-08-07,38,,0001104659-14-058340
1551152,2014-09-30,10-Q,2014-11-07,38,,0001104659-14-078391
1551152,2014-12-31,10-K,2015-02-20,51,,0001047469-15-000995
1551152,2015-03-31,10-Q,2015-05-08,38,,0001104659-15-036257
1551152,2015-06-30,10-Q,2015-08-07,38,,0001104659-15-057641
1551152,2015-09-30,10-Q,2015-11-06,37,,0001104659-15-076607
1551152,2015-12-31,10-K,2016-02-19,50,,0001047469-16-010239
1551152,2016-03-31,10-Q,2016-05-06,36,,0001104659-16-118639
1551152,2016-06-30,10-Q,2016-08-05,36,,0001104659-16-137453
1551152,2016-09-30,10-Q,2016-11-07,38,,0001551152-16-000005
1551152,2016-12-31,10-K,2017-02-17,48,,0001551152-17-000004
1551152,2017-03-31,10-Q,2017-05-05,35,,0001551152-17-000016
1551152,2017-06-30,10-Q,2017-08-07,38,,0001551152-17-000025
1551152,2017-09-30,10-Q,2017-11-07,38,,0001551152-17-000035
1551152,2017-12-31,10-K,2018-02-16,47,,0001551152-18-000014
1551152,2018-03-31,10-Q,2018-05-04,34,,0001551152-18-000025
1551152,2018-06-30,10-Q,2018-08-07,38,,0001551152-18-000032
1551152,2018-09-30,10-Q,2018-11-07,38,,0001551152-18-000042
1551152,2018-12-31,10-K,2019-02-27,58,,0001551152-19-000008
1551152,2019-03-31,10-Q,2019-05-03,33,,0001551152-19-000016
1551152,2019-06-30,10-Q,2019-08-05,36,,0001551152-19-000023
1551152,2019-09-30,10-Q,2019-11-06,37,,0001551152-19-000030
1551152,2019-12-31,10-K,2020-02-21,52,,0001551152-20-000007
1551152,2020-03-31,10-Q,2020-05-08,38,,0001551152-20-000015
1551152,2020-06-30,10-Q,2020-08-04,35,,0001551152-20-000023
1551152,2020-09-30,10-Q,2020-11-04,35,,0001551152-20-000032
1551152,2020-12-31,10-K,2021-02-19,50,,0001551152-21-000008
1551152,2021-03-31,10-Q,2021-05-07,37,,0001551152-21-000016
1551152,2021-06-30,10-Q,2021-08-02,33,,0001551152-21-000025
1551152,2021-09-30,10-Q,2021-11-02,33,,0001551152-21-000031
1551152,2021-12-31,10-K,2022-02-18,49,,0001551152-22-000007
1551152,2022-03-31,10-Q,2022-05-06,36,,0001551152-22-000017
1551152,2022-06-30,10-Q,2022-08-04,35,,0001551152-22-000030
1551152,2022-09-30,10-Q,2022-11-04,35,,0001551152-22-000045
1551152,2022-12-31,10-K,2023-02-17,48,,0001551152-23-000011
1551152,2023-03-31,10-Q,2023-05-05,35,,0001551152-23-000023
1551152,2023-06-30,10-Q,2023-08-07,38,,0001551152-23-000033
1551152,2023-09-30,10-Q,2023-11-06,37,,0001551152-23-000045
1551152,2023-12-31,10-K,2024-02-20,51,,0001551152-24-000011
1551152,2024-03-31,10-Q,2024-05-03,33,,0001551152-24-000020
1551152,2024-06-30,10-Q,2024-08-07,38,,0001551152-24-000031
1551152,2024-09-30,10-Q,2024-11-04,35,,0001551152-24-000040
1551152,2024-12-31,10-K,2025-02-14,45,,0001551152-25-000020
1566011,2012-12-31,10-K,2013-03-19,78,,0001193125-13-113356
1566011,2013-03-31,10-Q,2013-05-09,39,,0001534504-13-000006
1566011,2013-06-30,10-Q,2013-08-08,39,,0001534504-13-000018
1566011,2013-09-30,10-Q,2013-11-07,38,,0001534504-13-000034
1566011,2013-12-31,10-K,2014-02-21,52,,0001534504-14-000011
1566011,2014-03-31,10-Q,2014-05-07,37,,0001534504-14-000037
1566011,2014-06-30,10-Q,2014-08-13,44,,0001566011-14-000011
1566011,2014-09-30,10-Q,2014-11-13,44,,0001566011-14-000018
1566011,2014-12-31,10-K,2015-03-24,83,,0001566011-15-000003
1566011,2015-03-31,10-Q,2015-05-13,43,,0001566011-15-000005
1566011,2015-06-30,10-Q,2015-08-13,44,,0001566011-15-000009
1566011,2015-09-30,10-Q,2015-11-12,43,,0001566011-15-000013
1566011,2015-12-31,10-K,2016-03-24,84,,0001566011-16-000017
1566011,2016-03-31,10-Q,2016-05-16,46,,0001566011-16-000022
1566011,2016-06-30,10-Q,2016-08-12,43,,0001566011-16-000026
1566011,2016-09-30,10-Q,2016-11-14,45,,0001566011-16-000029
1566011,2016-12-31,10-K,2017-03-09,68,,0001566011-17-000003
1566011,2017-03-31,10-Q,2017-05-08,38,,0001566011-17-000006
1566011,2017-06-30,10-Q,2017-08-08,39,,0001566011-17-000009
1566011,2017-09-30,10-Q,2017-11-07,38,,0001566011-17-000012
1566011,2017-12-31,10-K,2018-02-23,54,,0001534504-18-000016
1566011,2018-03-31,10-Q,2018-05-08,38,,0001566011-18-000011
1566011,2018-06-30,10-Q,2018-08-07,38,,0001566011-18-000014
1566011,2018-09-30,10-Q,2018-11-06,37,,0001566011-18-000018
1566011,2018-12-31,10-K,2019-03-06,65,,0001566011-19-000004
1566011,2019-03-31,10-Q,2019-05-07,37,,0001566011-19-000007
1566011,2019-06-30,10-Q,2019-08-06,37,,0001566011-19-000010
1566011,2019-09-30,10-Q,2019-11-12,43,,0001566011-19-000013
1566011,2019-12-31,10-K,2020-03-06,66,,0001566011-20-000003
1566011,2020-03-31,10-Q,2020-05-15,45,,0001566011-20-000008
1566011,2020-06-30,10-Q,2020-08-05,36,,0001566011-20-000012
1566011,2020-09-30,10-Q,2020-11-04,35,,0001566011-20-000015
1566011,2020-12-31,10-K,2021-03-03,62,,0001566011-21-000003
1566011,2021-03-31,10-Q,2021-05-05,35,,0001566011-21-000006
1566011,2021-06-30,10-Q,2021-08-04,35,,0001566011-21-000009
1566011,2021-09-30,10-Q,2021-11-02,33,,0001566011-21-000012
1566011,2021-12-31,10-K,2022-03-02,61,,0001566011-22-000004
1566011,2022-03-31,10-Q,2022-05-04,34,,0001566011-22-000008
1566011,2022-06-30,10-Q,2022-08-03,34,,0001566011-22-000011
1566011,2022-09-30,10-Q,2022-11-02,33,,0001566011-22-000014
1566011,2022-12-31,10-K,2023-03-03,62,,0001566011-23-000004
1566011,2023-03-31,10-Q,2023-05-10,40,,0001566011-23-000007
1566011,2023-06-30,10-Q,2023-08-09,40,,0001566011-23-000013
1566011,2023-09-30,10-Q,2023-11-07,38,,0001566011-23-000017
1566011,2023-12-31,10-K,2024-03-01,61,,0001566011-24-000003
1566011,2024-03-31,10-Q,2024-05-07,37,,0001566011-24-000006
1566011,2024-06-30,10-Q,2024-08-07,38,,0001566011-24-000012
1566011,2024-09-30,10-Q,2024-11-06,37,,0001566011-24-000015
1566011,2024-12-31,10-K,2025-02-25,56,,0001566011-25-000004
1571996,2016-04-29,10-Q,2016-06-10,42,,0001571996-16-000008
1571996,2016-07-29,10-Q,2016-09-06,39,,0001571996-16-000015
1571996,2016-10-28,10-Q,2016-12-09,42,,0001571996-16-000021
1571996,2017-02-03,10-K,2017-03-31,56,,0001571996-17-000004
1571996,2017-05-05,10-Q,2017-06-09,35,,0001571996-17-000009
1571996,2017-08-04,10-Q,2017-09-08,35,,0001571996-17-000020
1571996,2017-11-03,10-Q,2017-12-12,39,,0001571996-17-000045
1571996,2018-02-02,10-K,2018-03-29,55,,0001571996-18-000004
1571996,2018-05-04,10-Q,2018-06-12,39,,0001571996-18-000022
1571996,2018-08-03,10-Q,2018-09-11,39,,0001571996-18-000034
1571996,2018-11-02,10-Q,2018-12-10,38,,0001571996-18-000044
1571996,2019-02-01,10-K,2019-03-29,56,,0001571996-19-000008
1571996,2019-05-03,10-Q,2019-06-10,38,,0001571996-19-000025
1571996,2019-08-02,10-Q,2019-09-10,39,,0001571996-19-000039
1571996,2019-11-01,10-Q,2019-12-09,38,,0001571996-19-000051
1571996,2020-01-31,10-K,2020-03-27,56,,0001571996-20-000017
1571996,2020-05-01,10-Q,2020-06-08,38,,0001571996-20-000034
1571996,2020-07-31,10-Q,2020-09-04,35,,0001571996-20-000045
1571996,2020-10-30,10-Q,2020-12-07,38,,0001571996-20-000051
1571996,2021-01-29,10-K,2021-03-26,56,,0001571996-21-000007
1571996,2021-04-30,10-Q,2021-06-07,38,,0001571996-21-000026
1571996,2021-07-30,10-Q,2021-09-03,35,,0001571996-21-000040
1571996,2021-10-29,10-Q,2021-12-03,35,,0001571996-21-000063
1571996,2022-01-28,10-K,2022-03-24,55,,0001571996-22-000009
1571996,2022-04-29,10-Q,2022-06-06,38,,0001571996-22-000021
1571996,2022-07-29,10-Q,2022-09-01,34,,0001571996-22-000031
1571996,2022-10-28,10-Q,2022-12-05,38,,0001571996-22-000044
1571996,2023-02-03,10-K,2023-03-30,55,,0001571996-23-000007
1571996,2023-05-05,10-Q,2023-06-12,38,,0001571996-23-000019
1571996,2023-08-04,10-Q,2023-09-12,39,,0001571996-23-000032
1571996,2023-11-03,10-Q,2023-12-08,35,,0001571996-23-000046
1571996,2024-02-02,10-K,2024-03-25,52,,0001571996-24-000036
1571996,2024-05-03,10-Q,2024-06-11,39,,0001571996-24-000062
1571996,2024-08-02,10-Q,2024-09-10,39,,0001571996-24-000090
1571996,2024-11-01,10-Q,2024-12-10,39,,0001571996-24-000143
1581990,2013-09-30,10-Q,2013-11-22,53,,0001104659-13-086626
1581990,2013-12-31,10-K,2014-03-12,71,,0001104659-14-018845
1581990,2014-03-31,10-Q,2014-05-13,43,,0001104659-14-037994
1581990,2014-06-30,10-Q,2014-08-12,43,,0001104659-14-059798
1581990,2014-09-30,10-Q,2014-11-07,38,,0001104659-14-078161
1581990,2014-12-31,10-K,2015-02-25,56,,0001104659-15-013899
1581990,2015-03-31,10-Q,2015-05-08,38,,0001104659-15-036070
1581990,2015-06-30,10-Q,2015-08-07,38,,0001558370-15-001527
1581990,2015-09-30,10-Q,2015-11-06,37,,0001558370-15-002421
1581990,2015-12-31,10-K,2016-02-25,56,,0001104659-16-100037
1581990,2016-03-31,10-Q,2016-05-10,40,,0001104659-16-119397
1581990,2016-06-30,10-Q,2016-08-08,39,,0001104659-16-137857
1581990,2016-09-30,10-Q,2016-11-08,39,,0001581990-16-000004
1581990,2016-12-31,10-K,2017-02-23,54,,0001581990-17-000004
1581990,2017-03-31,10-Q,2017-05-10,40,,0001581990-17-000009
1581990,2017-06-30,10-Q,2017-08-08,39,,0001581990-17-000015
1581990,2017-09-30,10-Q,2017-11-09,40,,0001581990-17-000021
1581990,2017-12-31,10-K,2018-02-27,58,,0001581990-18-000005
1581990,2018-03-31,10-Q,2018-05-09,39,,0001581990-18-000008
1581990,2018-06-30,10-Q,2018-08-09,40,,0001581990-18-000011
1581990,2018-09-30,10-Q,2018-11-08,39,,0001581990-18-000014
1581990,2018-12-31,10-K,2019-02-27,58,,0001581990-19-000004
1581990,2019-03-31,10-Q,2019-05-10,40,,0001581990-19-000007
1581990,2019-06-30,10-Q,2019-08-08,39,,0001581990-19-000010
1581990,2019-09-30,10-Q,2019-11-07,38,,0001581990-19-000013
1581990,2019-12-31,10-K,2020-02-27,58,,0001581990-20-000005
1581990,2020-03-31,10-Q,2020-05-08,38,,0001581990-20-000019
1581990,2020-06-30,10-Q,2020-08-07,38,,0001581990-20-000026
1581990,2020-09-30,10-Q,2020-11-06,37,,0001581990-20-000034
1581990,2020-12-31,10-K,2021-03-01,60,,0001581990-21-000007
1581990,2021-03-31,10-Q,2021-05-10,40,,0001581990-21-000013
1581990,2021-06-30,10-Q,2021-08-06,37,,0001581990-21-000021
1581990,2021-09-30,10-Q,2021-11-08,39,,0001581990-21-000027
1581990,2021-12-31,10-K,2022-03-01,60,,0001581990-22-000006
1581990,2022-03-31,10-Q,2022-05-10,40,,0001581990-22-000011
1581990,2022-06-30,10-Q,2022-08-09,40,,0001581990-22-000018
1581990,2022-09-30,10-Q,2022-11-08,39,,0001581990-22-000023
1581990,2022-12-31,10-K,2023-03-01,60,,0001581990-23-000005
1581990,2023-03-31,10-Q,2023-05-10,40,,0001581990-23-000011
1581990,2023-06-30,10-Q,2023-08-09,40,,0001581990-23-000017
1581990,2023-09-30,10-Q,2023-11-08,39,,0001581990-23-000022
1581990,2023-12-31,10-K,2024-02-29,60,,0001581990-24-000008
1581990,2024-03-31,10-Q,2024-05-10,40,,0001581990-24-000014
1581990,2024-06-30,10-Q,2024-08-09,40,,0001581990-24-000020
1581990,2024-09-30,10-Q,2024-11-08,39,,0001581990-24-000027
1581990,2024-12-31,10-K,2025-02-28,59,,0001581990-25-000006
1618921,2014-11-30,10-Q,2014-12-30,30,,0001140361-14-046619
1618921,2015-02-28,10-Q,2015-04-09,40,,0001140361-15-014919
1618921,2015-05-31,10-Q,2015-07-09,39,,0001140361-15-027166
1618921,2015-08-31,10-K,2015-10-28,58,,0001140361-15-038791
1618921,2015-11-30,10-Q,2016-01-07,38,,0001567619-16-001640
1618921,2016-02-29,10-Q,2016-04-05,36,,0001140361-16-060287
1618921,2016-05-31,10-Q,2016-07-06,36,,0001140361-16-071838
1618921,2016-08-31,10-K,2016-10-20,50,,0001140361-16-083198
1618921,2016-11-30,10-Q,2017-01-05,36,,0001140361-17-000720
1618921,2017-02-28,10-Q,2017-04-05,36,,0001618921-17-000026
1618921,2017-05-31,10-Q,2017-06-29,29,,0001618921-17-000048
1618921,2017-08-31,10-K,2017-10-25,55,,0001618921-17-000069
1618921,2017-11-30,10-Q,2018-01-04,35,,0001618921-18-000004
1618921,2018-02-28,10-Q,2018-03-28,28,,0001618921-18-000018
1618921,2018-05-31,10-Q,2018-06-28,28,,0001618921-18-000033
1618921,2018-08-31,10-K,2018-10-11,41,,0001628280-18-012472
1618921,2018-11-30,10-Q,2018-12-20,20,,0001618921-18-000096
1618921,2019-02-28,10-Q,2019-04-02,33,,0001618921-19-000017
1618921,2019-05-31,10-Q,2019-06-27,27,,0001618921-19-000039
1618921,2019-08-31,10-K,2019-10-28,58,,0001618921-19-000069
1618921,2019-11-30,10-Q,2020-01-08,39,,0001618921-20-000008
1618921,2020-02-29,10-Q,2020-04-02,33,,0001618921-20-000025
1618921,2020-05-31,10-Q,2020-07-09,39,,0001618921-20-000057
1618921,2020-08-31,10-K,2020-10-15,45,,0001618921-20-000082
1618921,2020-11-30,10-Q,2021-01-07,38,,0001618921-21-000005
1618921,2021-02-28,10-Q,2021-03-31,31,,0001618921-21-000034
1618921,2021-05-31,10-Q,2021-07-01,31,,0001618921-21-000056
1618921,2021-08-31,10-K,2021-10-14,44,,0001618921-21-000085
1618921,2021-11-30,10-Q,2022-01-06,37,,0001618921-22-000004
1618921,2022-02-28,10-Q,2022-03-31,31,,0001618921-22-000024
1618921,2022-05-31,10-Q,2022-06-30,30,,0001618921-22-000040
1618921,2022-08-31,10-K,2022-10-13,43,,0001618921-22-000064
1618921,2022-11-30,10-Q,2023-01-05,36,,0001618921-23-000005
1618921,2023-02-28,10-Q,2023-03-28,28,,0001618921-23-000019
1618921,2023-05-31,10-Q,2023-06-27,27,,0001618921-23-000043
1618921,2023-08-31,10-K,2023-10-12,42,,0001618921-23-000062
1618921,2023-11-30,10-Q,2024-01-04,35,,0001618921-24-000004
1618921,2024-02-29,10-Q,2024-03-28,28,,0001618921-24-000035
1618921,2024-05-31,10-Q,2024-06-27,27,,0001618921-24-000065
1618921,2024-08-31,10-K,2024-10-15,45,,0001618921-24-000084
1618921,2024-11-30,10-Q,2025-01-10,41,,0001618921-25-000009
1633917,2015-06-30,10-Q,2015-07-29,29,,0001633917-15-000008
1633917,2015-09-30,10-Q,2015-10-29,29,,0001633917-15-000052
1633917,2015-12-31,10-K,2016-02-11,42,,0001633917-16-000113
1633917,2016-03-31,10-Q,2016-04-28,28,,0001633917-16-000161
1633917,2016-06-30,10-Q,2016-07-26,26,,0001633917-16-000203
1633917,2016-09-30,10-Q,2016-10-25,25,,0001633917-16-000243
1633917,2016-12-31,10-K,2017-02-08,39,,0001633917-17-000027
1633917,2017-03-31,10-Q,2017-04-27,27,,0001633917-17-000075
1633917,2017-06-30,10-Q,2017-07-27,27,,0001633917-17-000136
1633917,2017-09-30,10-Q,2017-10-24,24,,0001633917-17-000171
1633917,2017-12-31,10-K,2018-02-07,38,,0001633917-18-000029
1633917,2018-03-31,10-Q,2018-04-26,26,,0001633917-18-000096
1633917,2018-06-30,10-Q,2018-07-26,26,,0001633917-18-000171
1633917,2018-09-30,10-Q,2018-10-23,23,,0001633917-18-000203
1633917,2018-12-31,10-K,2019-02-07,38,,0001633917-19-000043
1633917,2019-03-31,10-Q,2019-04-25,25,,0001633917-19-000118
1633917,2019-06-30,10-Q,2019-07-25,25,,0001633917-19-000180
1633917,2019-09-30,10-Q,2019-10-24,24,,0001633917-19-000210
1633917,2019-12-31,10-K,2020-02-06,37,,0001633917-20-000028
1633917,2020-03-31,10-Q,2020-05-07,37,,0001633917-20-000093
1633917,2020-06-30,10-Q,2020-07-30,30,,0001633917-20-000134
1633917,2020-09-30,10-Q,2020-11-03,34,,0001633917-20-000169
1633917,2020-12-31,10-K,2021-02-05,36,,0001633917-21-000018
1633917,2021-03-31,10-Q,2021-05-06,36,,0001633917-21-000100
1633917,2021-06-30,10-Q,2021-07-29,29,,0001633917-21-000149
1633917,2021-09-30,10-Q,2021-11-09,40,,0001633917-21-000169
1633917,2021-12-31,10-K,2022-02-03,34,,0001633917-22-000027
1633917,2022-03-31,10-Q,2022-04-28,28,,0001633917-22-000088
1633917,2022-06-30,10-Q,2022-08-03,34,,0001633917-22-000137
1633917,2022-09-30,10-Q,2022-11-04,35,,0001633917-22-000167
1633917,2022-12-31,10-K,2023-02-10,41,,0001633917-23-000033
1633917,2023-03-31,10-Q,2023-05-09,39,,0001633917-23-000072
1633917,2023-06-30,10-Q,2023-08-03,34,,0001633917-23-000117
1633917,2023-09-30,10-Q,2023-11-02,33,,0001633917-23-000156
1633917,2023-12-31,10-K,2024-02-08,39,,0001633917-24-000024
1633917,2024-03-31,10-Q,2024-04-30,30,,0001633917-24-000048
1633917,2024-06-30,10-Q,2024-07-30,30,,0001633917-24-000098
1633917,2024-09-30,10-Q,2024-10-29,29,,0001633917-24-000110
1633917,2024-12-31,10-K,2025-02-04,35,,0001633917-25-000019
1645590,2015-10-31,10-K,2015-12-17,47,,0001047469-15-009279
1645590,2016-01-31,10-Q,2016-03-10,39,,0001047469-16-010994
1645590,2016-04-30,10-Q,2016-06-08,39,,0001047469-16-013717
1645590,2016-07-31,10-Q,2016-09-08,39,,0001628280-16-019456
1645590,2016-10-31,10-K,2016-12-15,45,,0001628280-16-022051
1645590,2017-01-31,10-Q,2017-03-09,37,,0001628280-17-002444
1645590,2017-04-30,10-Q,2017-06-08,39,,0001628280-17-006325
1645590,2017-07-31,10-Q,2017-09-07,38,,0001628280-17-009143
1645590,2017-10-31,10-K,2017-12-15,45,,0001628280-17-012383
1645590,2018-01-31,10-Q,2018-03-09,37,,0001628280-18-003043
1645590,2018-04-30,10-Q,2018-06-07,38,,0001628280-18-007715
1645590,2018-07-31,10-Q,2018-09-04,35,,0001628280-18-011596
1645590,2018-10-31,10-K,2018-12-12,42,,0001628280-18-015054
1645590,2019-01-31,10-Q,2019-03-05,33,,0001628280-19-002482
1645590,2019-04-30,10-Q,2019-05-31,31,,0001645590-19-000017
1645590,2019-07-31,10-Q,2019-08-30,30,,0001645590-19-000030
1645590,2019-10-31,10-K,2019-12-13,43,,0001645590-19-000044
1645590,2020-01-31,10-Q,2020-03-09,38,,0001645590-20-000009
1645590,2020-04-30,10-Q,2020-06-02,33,,0001645590-20-000025
1645590,2020-07-31,10-Q,2020-09-03,34,,0001645590-20-000041
1645590,2020-10-31,10-K,2020-12-10,40,,0001645590-20-000056
1645590,2021-01-31,10-Q,2021-03-04,32,,0001645590-21-000016
1645590,2021-04-30,10-Q,2021-06-03,34,,0001645590-21-000041
1645590,2021-07-31,10-Q,2021-09-03,34,,0001645590-21-000055
1645590,2021-10-31,10-K,2021-12-10,40,,0001645590-21-000068
1645590,2022-01-31,10-Q,2022-03-03,31,,0001645590-22-000016
1645590,2022-04-30,10-Q,2022-06-03,34,,0001645590-22-000032
1645590,2022-07-31,10-Q,2022-09-01,32,,0001645590-22-000052
1645590,2022-10-31,10-K,2022-12-08,38,,0001645590-22-000071
1645590,2023-01-31,10-Q,2023-03-07,35,,0001645590-23-000035
1645590,2023-04-30,10-Q,2023-06-02,33,,0001645590-23-000066
1645590,2023-07-31,10-Q,2023-09-01,32,,0001645590-23-000087
1645590,2023-10-31,10-K,2023-12-22,52,,0001645590-23-000117
1645590,2024-01-31,10-Q,2024-03-05,34,,0001645590-24-000069
1645590,2024-04-30,10-Q,2024-06-05,36,,0001645590-24-000098
1645590,2024-07-31,10-Q,2024-09-05,36,,0001645590-24-000119
1645590,2024-10-31,10-K,2024-12-19,49,,0001645590-24-000139
1646972,2018-02-24,10-K,2018-05-11,76,,0001646972-18-000017
1646972,2018-06-16,10-Q,2018-07-25,39,,0001646972-18-000037
1646972,2018-09-08,10-Q,2018-10-18,40,,0001646972-18-000056
1646972,2018-12-01,10-Q,2019-01-15,45,,0001646972-19-000014
1646972,2019-02-23,10-K,2019-04-24,60,,0001646972-19-000036
1646972,2019-06-15,10-Q,2019-07-24,39,,0001646972-19-000054
1646972,2019-09-07,10-Q,2019-10-16,39,,0001646972-19-000077
1646972,2019-11-30,10-Q,2020-01-08,39,,0001646972-20-000006
1646972,2020-02-29,10-K,2020-05-13,74,,0001646972-20-000022
1646972,2020-06-20,10-Q,2020-08-04,45,,0001646972-20-000033
1646972,2020-09-12,10-Q,2020-10-21,39,,0001646972-20-000054
1646972,2020-12-05,10-Q,2021-01-13,39,,0001646972-21-000010
1646972,2021-02-27,10-K,2021-04-28,60,,0001646972-21-000026
1646972,2021-06-19,10-Q,2021-07-29,40,,0001646972-21-000038
1646972,2021-09-11,10-Q,2021-10-20,39,,0001646972-21-000061
1646972,2021-12-04,10-Q,2022-01-12,39,,0001646972-22-000009
1646972,2022-02-26,10-K,2022-04-26,59,,0001646972-22-000031
1646972,2022-06-18,10-Q,2022-07-27,39,,0001646972-22-000055
1646972,2022-09-10,10-Q,2022-10-19,39,,0001646972-22-000073
1646972,2022-12-03,10-Q,2023-01-10,38,,0001646972-23-000011
1646972,2023-02-25,10-K,2023-04-25,59,,0001646972-23-000045
1646972,2023-06-17,10-Q,2023-07-25,38,,0001646972-23-000056
1646972,2023-09-09,10-Q,2023-10-17,38,,0001646972-23-000072
1646972,2023-12-02,10-Q,2024-01-09,38,,0001646972-24-000009
1646972,2024-02-24,10-K,2024-04-22,58,,0001646972-24-000060
1646972,2024-06-15,10-Q,2024-07-23,38,,0001646972-24-000165
1646972,2024-09-07,10-Q,2024-10-15,38,,0001646972-24-000225
1646972,2024-11-30,10-Q,2025-01-08,39,,0001646972-25-000008
1652044,2015-09-30,10-Q,2015-10-29,29,,0001652044-15-000005
1652044,2015-12-31,10-K,2016-02-11,42,,0001652044-16-000012
1652044,2016-03-31,10-Q,2016-05-03,33,,0001652044-16-000021
1652044,2016-06-30,10-Q,2016-08-04,35,,0001652044-16-000032
1652044,2016-09-30,10-Q,2016-11-03,34,,0001652044-16-000038
1652044,2016-12-31,10-K,2017-02-03,34,,0001652044-17-000008
1652044,2017-03-31,10-Q,2017-05-02,32,,0001652044-17-000014
1652044,2017-06-30,10-Q,2017-07-25,25,,0001652044-17-000026
1652044,2017-09-30,10-Q,2017-10-27,27,,0001652044-17-000042
1652044,2017-12-31,10-K,2018-02-06,37,,0001652044-18-000007
1652044,2018-03-31,10-Q,2018-04-24,24,,0001652044-18-000016
1652044,2018-06-30,10-Q,2018-07-24,24,,0001652044-18-000027
1652044,2018-09-30,10-Q,2018-10-26,26,,0001652044-18-000035
1652044,2018-12-31,10-K,2019-02-05,36,,0001652044-19-000004
1652044,2019-03-31,10-Q,2019-04-30,30,,0001652044-19-000015
1652044,2019-06-30,10-Q,2019-07-26,26,,0001652044-19-000023
1652044,2019-09-30,10-Q,2019-10-29,29,,0001652044-19-000032
1652044,2019-12-31,10-K,2020-02-04,35,,0001652044-20-000008
1652044,2020-03-31,10-Q,2020-04-29,29,,0001652044-20-000021
1652044,2020-06-30,10-Q,2020-07-31,31,,0001652044-20-000032
1652044,2020-09-30,10-Q,2020-10-30,30,,0001652044-20-000050
1652044,2020-12-31,10-K,2021-02-03,34,,0001652044-21-000010
1652044,2021-03-31,10-Q,2021-04-28,28,,0001652044-21-000020
1652044,2021-06-30,10-Q,2021-07-28,28,,0001652044-21-000047
1652044,2021-09-30,10-Q,2021-10-27,27,,0001652044-21-000057
1652044,2021-12-31,10-K,2022-02-02,33,,0001652044-22-000019
1652044,2022-03-31,10-Q,2022-04-27,27,,0001652044-22-000029
1652044,2022-06-30,10-Q,2022-07-27,27,,0001652044-22-000071
1652044,2022-09-30,10-Q,2022-10-26,26,,0001652044-22-000090
1652044,2022-12-31,10-K,2023-02-03,34,,0001652044-23-000016
1652044,2023-03-31,10-Q,2023-04-26,26,,0001652044-23-000045
1652044,2023-06-30,10-Q,2023-07-26,26,,0001652044-23-000070
1652044,2023-09-30,10-Q,2023-10-25,25,,0001652044-23-000094
1652044,2023-12-31,10-K,2024-01-31,31,,0001652044-24-000022
1652044,2024-03-31,10-Q,2024-04-26,26,,0001652044-24-000053
1652044,2024-06-30,10-Q,2024-07-24,24,,0001652044-24-000079
1652044,2024-09-30,10-Q,2024-10-30,30,,0001652044-24-000118
1652044,2024-12-31,10-K,2025-02-05,36,,0001652044-25-000014
1665918,2016-07-02,10-Q,2016-08-09,38,,0001193125-16-676738
1665918,2016-10-01,10-Q,2016-11-08,38,,0001193125-16-763117
1665918,2016-12-31,10-K,2017-02-28,59,,0001564590-17-002622
1665918,2017-04-01,10-Q,2017-05-09,38,,0001564590-17-009856
1665918,2017-07-01,10-Q,2017-08-09,39,,0001564590-17-016930
1665918,2017-09-30,10-Q,2017-11-07,38,,0001564590-17-022078
1665918,2017-12-30,10-K,2018-02-27,59,,0001564590-18-003495
1665918,2018-03-31,10-Q,2018-05-08,38,,0001564590-18-011771
1665918,2018-06-30,10-Q,2018-08-01,32,,0001665918-18-000104
1665918,2018-09-29,10-Q,2018-11-06,38,,0001665918-18-000119
1665918,2018-12-29,10-K,2019-02-14,47,,0001665918-19-000012
1665918,2019-03-30,10-Q,2019-05-07,38,,0001665918-19-000102
1665918,2019-06-29,10-Q,2019-08-06,38,,0001665918-19-000162
1665918,2019-09-28,10-Q,2019-11-05,38,,0001665918-19-000173
1665918,2019-12-28,10-K,2020-02-13,47,,0001665918-20-000012
1665918,2020-03-28,10-Q,2020-05-05,38,,0001665918-20-000067
1665918,2020-06-27,10-Q,2020-08-04,38,,0001665918-20-000135
1665918,2020-09-26,10-Q,2020-11-02,37,,0001665918-20-000144
1665918,2021-01-02,10-K,2021-02-16,45,,0001665918-21-000008
1665918,2021-04-03,10-Q,2021-05-10,37,,0001665918-21-000110
1665918,2021-07-03,10-Q,2021-08-09,37,,0001665918-21-000146
1665918,2021-10-02,10-Q,2021-11-08,37,,0001665918-21-000156
1665918,2022-01-01,10-K,2022-02-17,47,,0001665918-22-000008
1665918,2022-04-02,10-Q,2022-05-12,40,,0001665918-22-000120
1665918,2022-07-02,10-Q,2022-08-11,40,,0001665918-22-000183
1665918,2022-10-01,10-Q,2022-11-10,40,,0001665918-22-000192
1665918,2022-12-31,10-K,2023-02-17,48,,0001665918-23-000023
1665918,2023-04-01,10-Q,2023-05-11,40,,0001665918-23-000087
1665918,2023-07-01,10-Q,2023-08-10,40,,0001665918-23-000126
1665918,2023-09-30,10-Q,2023-11-09,40,,0001665918-23-000144
1665918,2023-12-30,10-K,2024-02-15,47,,0001665918-24-000014
1665918,2024-03-30,10-Q,2024-05-09,40,,0001665918-24-000101
1665918,2024-06-29,10-Q,2024-08-08,40,,0001665918-24-000135
1665918,2024-09-28,10-Q,2024-11-07,40,,0001665918-24-000149
1665918,2024-12-28,10-K,2025-02-13,47,,0001665918-25-000017
1701605,2017-03-31,10-Q,2018-04-27,392,lag_long,0001701605-18-000052
1701605,2017-06-30,10-Q,2017-07-28,28,,0001701605-17-000066
1701605,2017-09-30,10-Q,2017-10-31,31,,0001701605-17-000100
1701605,2017-12-31,10-K,2018-02-23,54,,0001701605-18-000029
1701605,2018-06-30,10-Q,2018-07-30,30,,0001701605-18-000082
1701605,2018-09-30,10-Q,2018-10-30,30,,0001701605-18-000103
1701605,2018-12-31,10-K,2019-02-19,50,,0001701605-19-000021
1701605,2019-03-31,10-Q,2019-04-30,30,,0001701605-19-000038
1701605,2019-06-30,10-Q,2019-08-01,32,,0001701605-19-000058
1701605,2019-09-30,10-Q,2019-10-30,30,,0001701605-19-000089
1701605,2019-12-31,10-K,2020-02-13,44,,0001701605-20-000019
1701605,2020-03-31,10-Q,2020-04-24,24,,0001701605-20-000039
1701605,2020-06-30,10-Q,2020-07-24,24,,0001701605-20-000068
1701605,2020-09-30,10-Q,2020-10-23,23,,0001701605-20-000086
1701605,2020-12-31,10-K,2021-02-25,56,,0001701605-21-000026
1701605,2021-03-31,10-Q,2021-04-23,23,,0001701605-21-000048
1701605,2021-06-30,10-Q,2021-07-23,23,,0001701605-21-000087
1701605,2021-09-30,10-Q,2021-10-22,22,,0001701605-21-000113
1701605,2021-12-31,10-K,2022-02-11,42,,0001701605-22-000050
1701605,2022-03-31,10-Q,2022-04-20,20,,0001701605-22-000079
1701605,2022-06-30,10-Q,2022-07-21,21,,0001701605-22-000113
1701605,2022-09-30,10-Q,2022-10-20,20,,0001701605-22-000151
1701605,2022-12-31,10-K,2023-02-14,45,,0001701605-23-000044
1701605,2023-03-31,10-Q,2023-04-19,19,,0001701605-23-000049
1701605,2023-06-30,10-Q,2023-07-19,19,,0001701605-23-000063
1701605,2023-09-30,10-Q,2023-10-26,26,,0001701605-23-000078
1701605,2023-12-31,10-K,2024-02-05,36,,0001701605-24-000033
1701605,2024-03-31,10-Q,2024-04-24,24,,0001701605-24-000067
1701605,2024-06-30,10-Q,2024-07-26,26,,0001701605-24-000111
1701605,2024-09-30,10-Q,2024-10-23,23,,0001701605-24-000131
1701605,2024-12-31,10-K,2025-02-04,35,,0001701605-25-000035
1707925,2017-09-30,10-Q,2017-10-30,30,,0001707925-17-000008
1707925,2017-12-31,10-K,2018-03-23,82,,0001707925-18-000004
1707925,2018-09-30,10-Q,2018-11-09,40,,0001707925-18-000033
1707925,2018-12-31,10-K,2019-03-18,77,,0001628280-19-003050
1707925,2019-03-31,10-Q,2019-05-10,40,,0001628280-19-006519
1707925,2019-06-30,10-Q,2019-08-09,40,,0001707925-19-000059
1707925,2019-09-30,10-Q,2019-11-12,43,,0001707925-19-000076
1707925,2019-12-31,10-K,2020-03-02,62,,0001707925-20-000015
1707925,2020-03-31,10-Q,2020-05-07,37,,0001707925-20-000047
1707925,2020-06-30,10-Q,2020-07-31,31,,0001628280-20-011079
1707925,2020-09-30,10-Q,2020-11-05,36,,0001628280-20-015678
1707925,2020-12-31,10-K,2021-03-01,60,,0001628280-21-003574
1707925,2021-03-31,10-Q,2021-05-06,36,,0001628280-21-009226
1707925,2021-06-30,10-Q,2021-07-30,30,,0001628280-21-015013
1707925,2021-09-30,10-Q,2021-10-29,29,,0001628280-21-020801
1707925,2021-12-31,10-K,2022-02-28,59,,0001628280-22-004180
1707925,2022-03-31,10-Q,2022-05-02,32,,0001628280-22-011722
1707925,2022-06-30,10-Q,2022-07-28,28,,0001628280-22-019683
1707925,2022-09-30,10-Q,2022-10-27,27,,0001628280-22-027183
1707925,2022-12-31,10-K,2023-02-28,59,,0001628280-23-005434
1707925,2023-03-31,10-Q,2023-04-27,27,,0001628280-23-013457
1707925,2023-06-30,10-Q,2023-07-27,27,,0001628280-23-025878
1707925,2023-09-30,10-Q,2023-10-26,26,,0001628280-23-035251
1707925,2023-12-31,10-K,2024-02-28,59,,0001628280-24-007424
1707925,2024-03-31,10-Q,2024-05-02,32,,0001707925-24-000090
1707925,2024-06-30,10-Q,2024-08-02,33,,0001628280-24-034299
1707925,2024-09-30,10-Q,2024-10-31,31,,0001628280-24-044457
1707925,2024-12-31,10-K,2025-02-26,57,,0001628280-25-007990
1730168,2018-05-06,10-Q,2018-06-14,39,,0001730168-18-000019
1730168,2018-08-05,10-Q,2018-09-13,39,,0001730168-18-000039
1730168,2018-11-04,10-K,2018-12-21,47,,0001730168-18-000084
1730168,2019-02-03,10-Q,2019-03-15,40,,0001730168-19-000036
1730168,2019-05-05,10-Q,2019-06-14,40,,0001730168-19-000101
1730168,2019-08-04,10-Q,2019-09-13,40,,0001730168-19-000118
1730168,2019-11-03,10-K,2019-12-20,47,,0001730168-19-000144
1730168,2020-02-02,10-Q,2020-03-13,40,,0001730168-20-000045
1730168,2020-05-03,10-Q,2020-06-12,40,,0001730168-20-000109
1730168,2020-08-02,10-Q,2020-09-11,40,,0001730168-20-000164
1730168,2020-11-01,10-K,2020-12-18,47,,0001730168-20-000226
1730168,2021-01-31,10-Q,2021-03-12,40,,0001730168-21-000045
1730168,2021-05-02,10-Q,2021-06-11,40,,0001730168-21-000116
1730168,2021-08-01,10-Q,2021-09-09,39,,0001730168-21-000123
1730168,2021-10-31,10-K,2021-12-17,47,,0001730168-21-000153
1730168,2022-01-30,10-Q,2022-03-10,39,,0001730168-22-000029
1730168,2022-05-01,10-Q,2022-06-09,39,,0001730168-22-000081
1730168,2022-07-31,10-Q,2022-09-08,39,,0001730168-22-000094
1730168,2022-10-30,10-K,2022-12-16,47,,0001730168-22-000118
1730168,2023-01-29,10-Q,2023-03-08,38,,0001730168-23-000008
1730168,2023-04-30,10-Q,2023-06-07,38,,0001730168-23-000064
1730168,2023-07-30,10-Q,2023-09-06,38,,0001730168-23-000077
1730168,2023-10-29,10-K,2023-12-14,46,,0001730168-23-000096
1730168,2024-02-04,10-Q,2024-03-14,39,,0001730168-24-000023
1730168,2024-05-05,10-Q,2024-06-13,39,,0001730168-24-000080
1730168,2024-08-04,10-Q,2024-09-11,38,,0001730168-24-000099
1730168,2024-11-03,10-K,2024-12-20,47,,0001730168-24-000139
1739940,2018-12-31,10-K,2019-02-28,59,,0001047469-19-000792
1739940,2019-03-31,10-Q,2019-05-02,32,,0001104659-19-026396
1739940,2019-06-30,10-Q,2019-08-01,32,,0001739940-19-000007
1739940,2019-09-30,10-Q,2019-10-31,31,,0001739940-19-000012
1739940,2019-12-31,10-K,2020-02-27,58,,0001739940-20-000006
1739940,2020-03-31,10-Q,2020-05-07,37,,0001739940-20-000012
1739940,2020-06-30,10-Q,2020-08-06,37,,0001739940-20-000017
1739940,2020-09-30,10-Q,2020-11-05,36,,0001739940-20-000021
1739940,2020-12-31,10-K,2021-02-25,56,,0001739940-21-000007
1739940,2021-03-31,10-Q,2021-05-07,37,,0001739940-21-000011
1739940,2021-06-30,10-Q,2021-08-05,36,,0001739940-21-000017
1739940,2021-09-30,10-Q,2021-11-04,35,,0001739940-21-000024
1739940,2021-12-31,10-K,2022-02-24,55,,0001739940-22-000007
1739940,2022-03-31,10-Q,2022-05-06,36,,0001739940-22-000012
1739940,2022-06-30,10-Q,2022-08-04,35,,0001739940-22-000019
1739940,2022-09-30,10-Q,2022-11-03,34,,0001739940-22-000025
1739940,2022-12-31,10-K,2023-02-23,54,,0001739940-23-000008
1739940,2023-03-31,10-Q,2023-05-05,35,,0001739940-23-000016
1739940,2023-06-30,10-Q,2023-08-03,34,,0001739940-23-000020
1739940,2023-09-30,10-Q,2023-11-02,33,,0001739940-23-000025
1739940,2023-12-31,10-K,2024-02-29,60,,0001739940-24-000005
1739940,2024-03-31,10-Q,2024-05-02,32,,0001739940-24-000015
1739940,2024-06-30,10-Q,2024-08-01,32,,0001739940-24-000028
1739940,2024-09-30,10-Q,2024-10-31,31,,0001739940-24-000033
1739940,2024-12-31,10-K,2025-02-27,58,,0001739940-25-000009
1744489,2019-03-30,10-Q,2019-05-08,39,,0001744489-19-000100
1744489,2019-06-29,10-Q,2019-08-06,38,,0001744489-19-000167
1744489,2019-09-28,10-K,2019-11-20,53,,0001744489-19-000225
1744489,2019-12-28,10-Q,2020-02-04,38,,0001744489-20-000046
1744489,2020-03-28,10-Q,2020-05-05,38,,0001744489-20-000102
1744489,2020-06-27,10-Q,2020-08-04,38,,0001744489-20-000151
1744489,2020-10-03,10-K,2020-11-25,53,,0001744489-20-000197
1744489,2021-01-02,10-Q,2021-02-11,40,,0001744489-21-000047
1744489,2021-04-03,10-Q,2021-05-13,40,,0001744489-21-000108
1744489,2021-07-03,10-Q,2021-08-12,40,,0001744489-21-000181
1744489,2021-10-02,10-K,2021-11-24,53,,0001744489-21-000220
1744489,2022-01-01,10-Q,2022-02-09,39,,0001744489-22-000059
1744489,2022-04-02,10-Q,2022-05-11,39,,0001744489-22-000100
1744489,2022-07-02,10-Q,2022-08-10,39,,0001744489-22-000161
1744489,2022-10-01,10-K,2022-11-29,59,,0001744489-22-000213
1744489,2022-12-31,10-Q,2023-02-08,39,,0001744489-23-000049
1744489,2023-04-01,10-Q,2023-05-10,39,,0001744489-23-000099
1744489,2023-07-01,10-Q,2023-08-09,39,,0001744489-23-000171
1744489,2023-09-30,10-K,2023-11-21,52,,0001744489-23-000216
1744489,2023-12-30,10-Q,2024-02-07,39,,0001744489-24-000081
1744489,2024-03-30,10-Q,2024-05-07,38,,0001744489-24-000152
1744489,2024-06-29,10-Q,2024-08-07,39,,0001744489-24-000232
1744489,2024-09-28,10-K,2024-11-14,47,,0001744489-24-000276
1744489,2024-12-28,10-Q,2025-02-05,39,,0001744489-25-000067
1751788,2019-03-31,10-Q,2019-05-03,33,,0001751788-19-000009
1751788,2019-06-30,10-Q,2019-07-25,25,,0001751788-19-000023
1751788,2019-09-30,10-Q,2019-10-25,25,,0001751788-19-000031
1751788,2019-12-31,10-K,2020-02-07,38,,0001751788-20-000007
1751788,2020-03-31,10-Q,2020-05-01,31,,0001751788-20-000014
1751788,2020-06-30,10-Q,2020-07-24,24,,0001751788-20-000024
1751788,2020-09-30,10-Q,2020-10-23,23,,0001751788-20-000034
1751788,2020-12-31,10-K,2021-02-05,36,,0001751788-21-000010
1751788,2021-03-31,10-Q,2021-04-23,23,,0001751788-21-000105
1751788,2021-06-30,10-Q,2021-07-23,23,,0001751788-21-000123
1751788,2021-09-30,10-Q,2021-10-22,22,,0001751788-21-000130
1751788,2021-12-31,10-K,2022-02-04,35,,0001751788-22-000011
1751788,2022-03-31,10-Q,2022-04-22,22,,0001751788-22-000104
1751788,2022-06-30,10-Q,2022-07-22,22,,0001751788-22-000123
1751788,2022-09-30,10-Q,2022-10-21,21,,0001751788-22-000131
1751788,2022-12-31,10-K,2023-02-01,32,,0001751788-23-000014
1751788,2023-03-31,10-Q,2023-04-26,26,,0001751788-23-000116
1751788,2023-06-30,10-Q,2023-07-26,26,,0001751788-23-000128
1751788,2023-09-30,10-Q,2023-10-25,25,,0001751788-23-000140
1751788,2023-12-31,10-K,2024-01-31,31,,0001751788-24-000010
1751788,2024-03-31,10-Q,2024-04-26,26,,0001751788-24-000129
1751788,2024-06-30,10-Q,2024-07-26,26,,0001751788-24-000138
1751788,2024-09-30,10-Q,2024-10-25,25,,0001751788-24-000150
1751788,2024-12-31,10-K,2025-02-04,35,,0001751788-25-000012
1858681,2022-03-31,10-Q,2022-05-10,40,,0001858681-22-000029
1858681,2022-06-30,10-Q,2022-08-09,40,,0001858681-22-000045
1858681,2022-09-30,10-Q,2022-11-08,39,,0001858681-22-000053
1858681,2022-12-31,10-K,2023-03-01,60,,0001858681-23-000007
1858681,2023-03-31,10-Q,2023-05-09,39,,0001858681-23-000017
1858681,2023-06-30,10-Q,2023-08-07,38,,0001858681-23-000026
1858681,2023-09-30,10-Q,2023-11-07,38,,0001858681-23-000042
1858681,2023-12-31,10-K,2024-02-27,58,,0001858681-24-000031
1858681,2024-03-31,10-Q,2024-05-07,37,,0001858681-24-000048
1858681,2024-06-30,10-Q,2024-08-08,39,,0001858681-24-000096
1858681,2024-09-30,10-Q,2024-11-06,37,,0001858681-24-000120
1858681,2024-12-31,10-K,2025-02-24,55,,0001858681-25-000034
1897762,2024-09-28,10-Q,2024-11-12,45,,0001628280-24-047170
1897762,2024-12-28,10-K,2025-03-05,67,,0001628280-25-010298
1915657,2022-03-31,10-Q,2022-05-09,39,,0001915657-22-000011
1915657,2022-06-30,10-Q,2022-08-08,39,,0001915657-22-000040
1915657,2022-09-30,10-Q,2022-11-07,38,,0001915657-22-000091
1915657,2022-12-31,10-K,2023-02-28,59,,0001915657-23-000015
1915657,2023-03-31,10-Q,2023-05-05,35,,0001915657-23-000030
1915657,2023-06-30,10-Q,2023-08-03,34,,0001915657-23-000058
1915657,2023-09-30,10-Q,2023-11-02,33,,0001915657-23-000075
1915657,2023-12-31,10-K,2024-02-21,52,,0001915657-24-000040
1915657,2024-03-31,10-Q,2024-05-08,38,,0001915657-24-000063
1915657,2024-06-30,10-Q,2024-08-01,32,,0001915657-24-000106
1915657,2024-09-30,10-Q,2024-10-31,31,,0001915657-24-000123
1915657,2024-12-31,10-K,2025-02-20,51,,0001915657-25-000019
1996810,2024-03-31,10-Q,2024-04-30,30,,0001996810-24-000008
1996810,2024-06-30,10-Q,2024-07-24,24,,0001996810-24-000067
1996810,2024-09-30,10-Q,2024-10-23,23,,0001996810-24-000083
1996810,2024-12-31,10-K,2025-02-06,37,,0001996810-25-000011
2011641,2024-07-31,10-K,2024-09-25,56,,0002011641-24-000005
2011641,2024-10-31,10-Q,2024-12-10,40,,0002011641-24-000011
