cik,fiscal_year,quarter,period_end,form_type,days_from_year_start
1800,2012,1,2012-03-31,10-Q,105
1800,2012,2,2012-06-30,10-Q,196
1800,2012,3,2012-09-30,10-Q,288
1800,2012,4,2012-12-31,10-K,380
1800,2013,1,2013-03-31,10-Q,90
1800,2013,2,2013-06-30,10-Q,181
1800,2013,3,2013-09-30,10-Q,273
1800,2013,4,2013-12-31,10-K,365
1800,2014,1,2014-03-31,10-Q,90
1800,2014,2,2014-06-30,10-Q,181
1800,2014,3,2014-09-30,10-Q,273
1800,2014,4,2014-12-31,10-K,365
1800,2015,1,2015-03-31,10-Q,90
1800,2015,2,2015-06-30,10-Q,181
1800,2015,3,2015-09-30,10-Q,273
1800,2015,4,2015-12-31,10-K,365
1800,2016,1,2016-03-31,10-Q,91
1800,2016,2,2016-06-30,10-Q,182
1800,2016,3,2016-09-30,10-Q,274
1800,2016,4,2016-12-31,10-K,366
1800,2017,1,2017-03-31,10-Q,90
1800,2017,2,2017-06-30,10-Q,181
1800,2017,3,2017-09-30,10-Q,273
1800,2017,4,2017-12-31,10-K,365
1800,2018,1,2018-03-31,10-Q,90
1800,2018,2,2018-06-30,10-Q,181
1800,2018,3,2018-09-30,10-Q,273
1800,2018,4,2018-12-31,10-K,365
1800,2019,1,2019-03-31,10-Q,90
1800,2019,2,2019-06-30,10-Q,181
1800,2019,3,2019-09-30,10-Q,273
1800,2019,4,2019-12-31,10-K,365
1800,2020,1,2020-03-31,10-Q,91
1800,2020,2,2020-06-30,10-Q,182
1800,2020,3,2020-09-30,10-Q,274
1800,2020,4,2020-12-31,10-K,366
1800,2021,1,2021-03-31,10-Q,90
1800,2021,2,2021-06-30,10-Q,181
1800,2021,3,2021-09-30,10-Q,273
1800,2021,4,2021-12-31,10-K,365
1800,2022,1,2022-03-31,10-Q,90
1800,2022,2,2022-06-30,10-Q,181
1800,2022,3,2022-09-30,10-Q,273
1800,2022,4,2022-12-31,10-K,365
1800,2023,1,2023-03-31,10-Q,90
1800,2023,2,2023-06-30,10-Q,181
1800,2023,3,2023-09-30,10-Q,273
1800,2023,4,2023-12-31,10-K,365
1800,2024,1,2024-03-31,10-Q,91
1800,2024,2,2024-06-30,10-Q,182
1800,2024,3,2024-09-30,10-Q,274
1800,2024,4,2024-12-31,10-K,366
4962,2012,1,2012-03-31,10-Q,105
4962,2012,2,2012-06-30,10-Q,196
4962,2012,3,2012-09-30,10-Q,288
4962,2012,4,2012-12-31,10-K,380
4962,2013,1,2013-03-31,10-Q,90
4962,2013,2,2013-06-30,10-Q,181
4962,2013,3,2013-09-30,10-Q,273
4962,2013,4,2013-12-31,10-K,365
4962,2014,1,2014-03-31,10-Q,90
4962,2014,2,2014-06-30,10-Q,181
4962,2014,3,2014-09-30,10-Q,273
4962,2014,4,2014-12-31,10-K,365
4962,2015,1,2015-03-31,10-Q,90
4962,2015,2,2015-06-30,10-Q,181
4962,2015,3,2015-09-30,10-Q,273
4962,2015,4,2015-12-31,10-K,365
4962,2016,1,2016-03-31,10-Q,91
4962,2016,2,2016-06-30,10-Q,182
4962,2016,3,2016-09-30,10-Q,274
4962,2016,4,2016-12-31,10-K,366
4962,2017,1,2017-03-31,10-Q,90
4962,2017,2,2017-06-30,10-Q,181
4962,2017,3,2017-09-30,10-Q,273
4962,2017,4,2017-12-31,10-K,365
4962,2018,1,2018-03-31,10-Q,90
4962,2018,2,2018-06-30,10-Q,181
4962,2018,3,2018-09-30,10-Q,273
4962,2018,4,2018-12-31,10-K,365
4962,2019,1,2019-03-31,10-Q,90
4962,2019,2,2019-06-30,10-Q,181
4962,2019,3,2019-09-30,10-Q,273
4962,2019,4,2019-12-31,10-K,365
4962,2020,1,2020-03-31,10-Q,91
4962,2020,2,2020-06-30,10-Q,182
4962,2020,3,2020-09-30,10-Q,274
4962,2020,4,2020-12-31,10-K,366
4962,2021,1,2021-03-31,10-Q,90
4962,2021,2,2021-06-30,10-Q,181
4962,2021,3,2021-09-30,10-Q,273
4962,2021,4,2021-12-31,10-K,365
4962,2022,1,2022-03-31,10-Q,90
4962,2022,2,2022-06-30,10-Q,181
4962,2022,3,2022-09-30,10-Q,273
4962,2022,4,2022-12-31,10-K,365
4962,2023,1,2023-03-31,10-Q,90
4962,2023,2,2023-06-30,10-Q,181
4962,2023,3,2023-09-30,10-Q,273
4962,2023,4,2023-12-31,10-K,365
4962,2024,1,2024-03-31,10-Q,91
4962,2024,2,2024-06-30,10-Q,182
4962,2024,3,2024-09-30,10-Q,274
4962,2024,4,2024-12-31,10-K,366
5272,2012,1,2012-03-31,10-Q,105
5272,2012,2,2012-06-30,10-Q,196
5272,2012,3,2012-09-30,10-Q,288
5272,2012,4,2012-12-31,10-K,380
5272,2013,1,2013-03-31,10-Q,90
5272,2013,2,2013-06-30,10-Q,181
5272,2013,3,2013-09-30,10-Q,273
5272,2013,4,2013-12-31,10-K,365
5272,2014,1,2014-03-31,10-Q,90
5272,2014,2,2014-06-30,10-Q,181
5272,2014,3,2014-09-30,10-Q,273
5272,2014,4,2014-12-31,10-K,365
5272,2015,1,2015-03-31,10-Q,90
5272,2015,2,2015-06-30,10-Q,181
5272,2015,3,2015-09-30,10-Q,273
5272,2015,4,2015-12-31,10-K,365
5272,2016,1,2016-03-31,10-Q,91
5272,2016,2,2016-06-30,10-Q,182
5272,2016,3,2016-09-30,10-Q,274
5272,2016,4,2016-12-31,10-K,366
5272,2017,1,2017-03-31,10-Q,90
5272,2017,2,2017-06-30,10-Q,181
5272,2017,3,2017-09-30,10-Q,273
5272,2017,4,2017-12-31,10-K,365
5272,2018,1,2018-03-31,10-Q,90
5272,2018,2,2018-06-30,10-Q,181
5272,2018,3,2018-09-30,10-Q,273
5272,2018,4,2018-12-31,10-K,365
5272,2019,1,2019-03-31,10-Q,90
5272,2019,2,2019-06-30,10-Q,181
5272,2019,3,2019-09-30,10-Q,273
5272,2019,4,2019-12-31,10-K,365
5272,2020,1,2020-03-31,10-Q,91
5272,2020,2,2020-06-30,10-Q,182
5272,2020,3,2020-09-30,10-Q,274
5272,2020,4,2020-12-31,10-K,366
5272,2021,1,2021-03-31,10-Q,90
5272,2021,2,2021-06-30,10-Q,181
5272,2021,3,2021-09-30,10-Q,273
5272,2021,4,2021-12-31,10-K,365
5272,2022,1,2022-03-31,10-Q,90
5272,2022,2,2022-06-30,10-Q,181
5272,2022,3,2022-09-30,10-Q,273
5272,2022,4,2022-12-31,10-K,365
5272,2023,1,2023-03-31,10-Q,90
5272,2023,2,2023-06-30,10-Q,181
5272,2023,3,2023-09-30,10-Q,273
5272,2023,4,2023-12-31,10-K,365
5272,2024,1,2024-03-31,10-Q,91
5272,2024,2,2024-06-30,10-Q,182
5272,2024,3,2024-09-30,10-Q,274
5272,2024,4,2024-12-31,10-K,366
6201,2012,1,2012-03-31,10-Q,105
6201,2012,2,2012-06-30,10-Q,196
6201,2012,3,2012-09-30,10-Q,288
6201,2012,4,2012-12-31,10-K,380
6201,2013,1,2013-03-31,10-Q,90
6201,2013,2,2013-06-30,10-Q,181
6201,2013,3,2013-09-30,10-Q,273
6201,2013,4,2013-12-31,10-K,365
6201,2014,1,2014-03-31,10-Q,90
6201,2014,2,2014-06-30,10-Q,181
6201,2014,3,2014-09-30,10-Q,273
6201,2014,4,2014-12-31,10-K,365
6201,2015,1,2015-03-31,10-Q,90
6201,2015,2,2015-06-30,10-Q,181
6201,2015,3,2015-09-30,10-Q,273
6201,2015,4,2015-12-31,10-K,365
6201,2016,1,2016-03-31,10-Q,91
6201,2016,2,2016-06-30,10-Q,182
6201,2016,3,2016-09-30,10-Q,274
6201,2016,4,2016-12-31,10-K,366
6201,2017,1,2017-03-31,10-Q,90
6201,2017,2,2017-06-30,10-Q,181
6201,2017,3,2017-09-30,10-Q,273
6201,2017,4,2017-12-31,10-K,365
6201,2018,1,2018-03-31,10-Q,90
6201,2018,2,2018-06-30,10-Q,181
6201,2018,3,2018-09-30,10-Q,273
6201,2018,4,2018-12-31,10-K,365
6201,2019,1,2019-03-31,10-Q,90
6201,2019,2,2019-06-30,10-Q,181
6201,2019,3,2019-09-30,10-Q,273
6201,2019,4,2019-12-31,10-K,365
6201,2020,1,2020-03-31,10-Q,91
6201,2020,2,2020-06-30,10-Q,182
6201,2020,3,2020-09-30,10-Q,274
6201,2020,4,2020-12-31,10-K,366
6201,2021,1,2021-03-31,10-Q,90
6201,2021,2,2021-06-30,10-Q,181
6201,2021,3,2021-09-30,10-Q,273
6201,2021,4,2021-12-31,10-K,365
6201,2022,1,2022-03-31,10-Q,90
6201,2022,2,2022-06-30,10-Q,181
6201,2022,3,2022-09-30,10-Q,273
6201,2022,4,2022-12-31,10-K,365
6201,2023,1,2023-03-31,10-Q,90
6201,2023,2,2023-06-30,10-Q,181
6201,2023,3,2023-09-30,10-Q,273
6201,2023,4,2023-12-31,10-K,365
6201,2024,1,2024-03-31,10-Q,91
6201,2024,2,2024-06-30,10-Q,182
6201,2024,3,2024-09-30,10-Q,274
6201,2024,4,2024-12-31,10-K,366
6951,2012,1,2012-01-29,10-Q,107
6951,2012,2,2012-04-29,10-Q,198
6951,2012,3,2012-07-29,10-Q,289
6951,2012,4,2012-10-28,10-K,380
6951,2013,1,2013-01-27,10-Q,91
6951,2013,2,2013-04-28,10-Q,182
6951,2013,3,2013-07-28,10-Q,273
6951,2013,4,2013-10-27,10-K,364
6951,2014,1,2014-01-26,10-Q,91
6951,2014,2,2014-04-27,10-Q,182
6951,2014,3,2014-07-27,10-Q,273
6951,2014,4,2014-10-26,10-K,364
6951,2015,1,2015-01-25,10-Q,91
6951,2015,2,2015-04-26,10-Q,182
6951,2015,3,2015-07-26,10-Q,273
6951,2015,4,2015-10-25,10-K,364
6951,2016,1,2016-01-31,10-Q,98
6951,2016,2,2016-05-01,10-Q,189
6951,2016,3,2016-07-31,10-Q,280
6951,2016,4,2016-10-30,10-K,371
6951,2017,1,2017-01-29,10-Q,91
6951,2017,2,2017-04-30,10-Q,182
6951,2017,3,2017-07-30,10-Q,273
6951,2017,4,2017-10-29,10-K,364
6951,2018,1,2018-01-28,10-Q,91
6951,2018,2,2018-04-29,10-Q,182
6951,2018,3,2018-07-29,10-Q,273
6951,2018,4,2018-10-28,10-K,364
6951,2019,1,2019-01-27,10-Q,91
6951,2019,2,2019-04-28,10-Q,182
6951,2019,3,2019-07-28,10-Q,273
6951,2019,4,2019-10-27,10-K,364
6951,2020,1,2020-01-26,10-Q,91
6951,2020,2,2020-04-26,10-Q,182
6951,2020,3,2020-07-26,10-Q,273
6951,2020,4,2020-10-25,10-K,364
6951,2021,1,2021-01-31,10-Q,98
6951,2021,2,2021-05-02,10-Q,189
6951,2021,3,2021-08-01,10-Q,280
6951,2021,4,2021-10-31,10-K,371
6951,2022,1,2022-01-30,10-Q,91
6951,2022,2,2022-05-01,10-Q,182
6951,2022,3,2022-07-31,10-Q,273
6951,2022,4,2022-10-30,10-K,364
6951,2023,1,2023-01-29,10-Q,91
6951,2023,2,2023-04-30,10-Q,182
6951,2023,3,2023-07-30,10-Q,273
6951,2023,4,2023-10-29,10-K,364
6951,2024,1,2024-01-28,10-Q,91
6951,2024,2,2024-04-28,10-Q,182
6951,2024,3,2024-07-28,10-Q,273
6951,2024,4,2024-10-27,10-K,364
7084,2012,3,2012-03-31,10-Q,289
7084,2012,4,2012-06-30,10-K,380
7084,2013,1,2013-03-31,10-Q,105
7084,2013,2,2013-06-30,10-Q,196
7084,2013,3,2013-09-30,10-Q,288
7084,2013,4,2013-12-31,10-K,380
7084,2014,1,2014-03-31,10-Q,90
7084,2014,2,2014-06-30,10-Q,181
7084,2014,3,2014-09-30,10-Q,273
7084,2014,4,2014-12-31,10-K,365
7084,2015,1,2015-03-31,10-Q,90
7084,2015,2,2015-06-30,10-Q,181
7084,2015,3,2015-09-30,10-Q,273
7084,2015,4,2015-12-31,10-K,365
7084,2016,1,2016-03-31,10-Q,91
7084,2016,2,2016-06-30,10-Q,182
7084,2016,3,2016-09-30,10-Q,274
7084,2016,4,2016-12-31,10-K,366
7084,2017,1,2017-03-31,10-Q,90
7084,2017,2,2017-06-30,10-Q,181
7084,2017,3,2017-09-30,10-Q,273
7084,2017,4,2017-12-31,10-K,365
7084,2018,1,2018-03-31,10-Q,90
7084,2018,2,2018-06-30,10-Q,181
7084,2018,3,2018-09-30,10-Q,273
7084,2018,4,2018-12-31,10-K,365
7084,2019,1,2019-03-31,10-Q,90
7084,2019,2,2019-06-30,10-Q,181
7084,2019,3,2019-09-30,10-Q,273
7084,2019,4,2019-12-31,10-K,365
7084,2020,1,2020-03-31,10-Q,91
7084,2020,2,2020-06-30,10-Q,182
7084,2020,3,2020-09-30,10-Q,274
7084,2020,4,2020-12-31,10-K,366
7084,2021,1,2021-03-31,10-Q,90
7084,2021,2,2021-06-30,10-Q,181
7084,2021,3,2021-09-30,10-Q,273
7084,2021,4,2021-12-31,10-K,365
7084,2022,1,2022-03-31,10-Q,90
7084,2022,2,2022-06-30,10-Q,181
7084,2022,3,2022-09-30,10-Q,273
7084,2022,4,2022-12-31,10-K,365
7084,2023,1,2023-03-31,10-Q,90
7084,2023,2,2023-06-30,10-Q,181
7084,2023,3,2023-09-30,10-Q,273
7084,2023,4,2023-12-31,10-K,365
7084,2024,1,2024-03-31,10-Q,91
7084,2024,2,2024-06-30,10-Q,182
7084,2024,3,2024-09-30,10-Q,274
7084,2024,4,2024-12-31,10-K,366
7536,2012,1,2012-03-31,10-Q,105
7536,2012,2,2012-06-30,10-Q,196
7536,2012,3,2012-09-29,10-Q,287
7536,2012,4,2012-12-31,10-K,380
7536,2013,1,2013-03-30,10-Q,89
7536,2013,2,2013-06-29,10-Q,180
7536,2013,3,2013-09-28,10-Q,271
7536,2013,4,2013-12-31,10-K,365
7536,2014,1,2014-03-29,10-Q,88
7536,2014,2,2014-06-28,10-Q,179
7536,2014,3,2014-09-27,10-Q,270
7536,2014,4,2014-12-31,10-K,365
7536,2015,1,2015-03-28,10-Q,87
7536,2015,2,2015-06-27,10-Q,178
7536,2015,3,2015-09-26,10-Q,269
7536,2015,4,2015-12-31,10-K,365
7536,2016,1,2016-04-02,10-Q,93
7536,2016,2,2016-07-02,10-Q,184
7536,2016,3,2016-10-01,10-Q,275
7536,2016,4,2016-12-31,10-K,366
7536,2017,1,2017-04-01,10-Q,91
7536,2017,2,2017-07-01,10-Q,182
7536,2017,3,2017-09-30,10-Q,273
7536,2017,4,2017-12-31,10-K,365
7536,2018,1,2018-03-31,10-Q,90
7536,2018,2,2018-06-30,10-Q,181
7536,2018,3,2018-09-29,10-Q,272
7536,2018,4,2018-12-31,10-K,365
7536,2019,1,2019-03-30,10-Q,89
7536,2019,2,2019-06-29,10-Q,180
7536,2019,3,2019-09-28,10-Q,271
7536,2019,4,2019-12-31,10-K,365
7536,2020,1,2020-03-28,10-Q,88
7536,2020,2,2020-06-27,10-Q,179
7536,2020,3,2020-09-26,10-Q,270
7536,2020,4,2020-12-31,10-K,366
7536,2021,1,2021-04-03,10-Q,93
7536,2021,2,2021-07-03,10-Q,184
7536,2021,3,2021-10-02,10-Q,275
7536,2021,4,2021-12-31,10-K,365
7536,2022,1,2022-04-02,10-Q,92
7536,2022,2,2022-07-02,10-Q,183
7536,2022,3,2022-10-01,10-Q,274
7536,2022,4,2022-12-31,10-K,365
7536,2023,1,2023-04-01,10-Q,91
7536,2023,2,2023-07-01,10-Q,182
7536,2023,3,2023-09-30,10-Q,273
7536,2023,4,2023-12-31,10-K,365
7536,2024,1,2024-03-30,10-Q,90
7536,2024,2,2024-06-29,10-Q,181
7536,2024,3,2024-09-28,10-Q,272
7536,2024,4,2024-12-31,10-K,366
8858,2012,3,2012-03-31,10-Q,289
8858,2012,4,2012-06-30,10-K,380
8858,2013,1,2012-09-29,10-Q,91
8858,2013,2,2012-12-29,10-Q,182
8858,2013,3,2013-03-30,10-Q,273
8858,2013,4,2013-06-29,10-K,364
8858,2014,1,2013-09-28,10-Q,91
8858,2014,2,2013-12-28,10-Q,182
8858,2014,3,2014-03-29,10-Q,273
8858,2014,4,2014-06-28,10-K,364
8858,2015,1,2014-09-27,10-Q,91
8858,2015,2,2014-12-27,10-Q,182
8858,2015,3,2015-03-28,10-Q,273
8858,2015,4,2015-06-27,10-K,364
8858,2016,1,2015-10-03,10-Q,98
8858,2016,2,2016-01-02,10-Q,189
8858,2016,3,2016-04-02,10-Q,280
8858,2016,4,2016-07-02,10-K,371
8858,2017,1,2016-10-01,10-Q,91
8858,2017,2,2016-12-31,10-Q,182
8858,2017,3,2017-04-01,10-Q,273
8858,2017,4,2017-07-01,10-K,364
8858,2018,1,2017-09-30,10-Q,91
8858,2018,2,2017-12-30,10-Q,182
8858,2018,3,2018-03-31,10-Q,273
8858,2018,4,2018-06-30,10-K,364
8858,2019,1,2018-09-29,10-Q,91
8858,2019,2,2018-12-29,10-Q,182
8858,2019,3,2019-03-30,10-Q,273
8858,2019,4,2019-06-29,10-K,364
8858,2020,1,2019-09-28,10-Q,91
8858,2020,2,2019-12-28,10-Q,182
8858,2020,3,2020-03-28,10-Q,273
8858,2020,4,2020-06-27,10-K,364
8858,2021,1,2020-10-03,10-Q,98
8858,2021,2,2021-01-02,10-Q,189
8858,2021,3,2021-04-03,10-Q,280
8858,2021,4,2021-07-03,10-K,371
8858,2022,1,2021-10-02,10-Q,91
8858,2022,2,2022-01-01,10-Q,182
8858,2022,3,2022-04-02,10-Q,273
8858,2022,4,2022-07-02,10-K,364
8858,2023,1,2022-10-01,10-Q,91
8858,2023,2,2022-12-31,10-Q,182
8858,2023,3,2023-04-01,10-Q,273
8858,2023,4,2023-07-01,10-K,364
8858,2024,1,2023-09-30,10-Q,91
8858,2024,2,2023-12-30,10-Q,182
8858,2024,3,2024-03-30,10-Q,273
8858,2024,4,2024-06-29,10-K,364
12927,2012,1,2012-03-31,10-Q,105
12927,2012,2,2012-06-30,10-Q,196
12927,2012,3,2012-09-30,10-Q,288
12927,2012,4,2012-12-31,10-K,380
12927,2013,1,2013-03-31,10-Q,90
12927,2013,2,2013-06-30,10-Q,181
12927,2013,3,2013-09-30,10-Q,273
12927,2013,4,2013-12-31,10-K,365
12927,2014,1,2014-03-31,10-Q,90
12927,2014,2,2014-06-30,10-Q,181
12927,2014,3,2014-09-30,10-Q,273
12927,2014,4,2014-12-31,10-K,365
12927,2015,1,2015-03-31,10-Q,90
12927,2015,2,2015-06-30,10-Q,181
12927,2015,3,2015-09-30,10-Q,273
12927,2015,4,2015-12-31,10-K,365
12927,2016,1,2016-03-31,10-Q,91
12927,2016,2,2016-06-30,10-Q,182
12927,2016,3,2016-09-30,10-Q,274
12927,2016,4,2016-12-31,10-K,366
12927,2017,1,2017-03-31,10-Q,90
12927,2017,2,2017-06-30,10-Q,181
12927,2017,3,2017-09-30,10-Q,273
12927,2017,4,2017-12-31,10-K,365
12927,2018,1,2018-03-31,10-Q,90
12927,2018,2,2018-06-30,10-Q,181
12927,2018,3,2018-09-30,10-Q,273
12927,2018,4,2018-12-31,10-K,365
12927,2019,1,2019-03-31,10-Q,90
12927,2019,2,2019-06-30,10-Q,181
12927,2019,3,2019-09-30,10-Q,273
12927,2019,4,2019-12-31,10-K,365
12927,2020,1,2020-03-31,10-Q,91
12927,2020,2,2020-06-30,10-Q,182
12927,2020,3,2020-09-30,10-Q,274
12927,2020,4,2020-12-31,10-K,366
12927,2021,1,2021-03-31,10-Q,90
12927,2021,2,2021-06-30,10-Q,181
12927,2021,3,2021-09-30,10-Q,273
12927,2021,4,2021-12-31,10-K,365
12927,2022,1,2022-03-31,10-Q,90
12927,2022,2,2022-06-30,10-Q,181
12927,2022,3,2022-09-30,10-Q,273
12927,2022,4,2022-12-31,10-K,365
12927,2023,1,2023-03-31,10-Q,90
12927,2023,2,2023-06-30,10-Q,181
12927,2023,3,2023-09-30,10-Q,273
12927,2023,4,2023-12-31,10-K,365
12927,2024,1,2024-03-31,10-Q,91
12927,2024,2,2024-06-30,10-Q,182
12927,2024,3,2024-09-30,10-Q,274
12927,2024,4,2024-12-31,10-K,366
14272,2012,1,2012-03-31,10-Q,105
14272,2012,2,2012-06-30,10-Q,196
14272,2012,3,2012-09-30,10-Q,288
14272,2012,4,2012-12-31,10-K,380
14272,2013,1,2013-03-31,10-Q,90
14272,2013,2,2013-06-30,10-Q,181
14272,2013,3,2013-09-30,10-Q,273
14272,2013,4,2013-12-31,10-K,365
14272,2014,1,2014-03-31,10-Q,90
14272,2014,2,2014-06-30,10-Q,181
14272,2014,3,2014-09-30,10-Q,273
14272,2014,4,2014-12-31,10-K,365
14272,2015,1,2015-03-31,10-Q,90
14272,2015,2,2015-06-30,10-Q,181
14272,2015,3,2015-09-30,10-Q,273
14272,2015,4,2015-12-31,10-K,365
14272,2016,1,2016-03-31,10-Q,91
14272,2016,2,2016-06-30,10-Q,182
14272,2016,3,2016-09-30,10-Q,274
14272,2016,4,2016-12-31,10-K,366
14272,2017,1,2017-03-31,10-Q,90
14272,2017,2,2017-06-30,10-Q,181
14272,2017,3,2017-09-30,10-Q,273
14272,2017,4,2017-12-31,10-K,365
14272,2018,1,2018-03-31,10-Q,90
14272,2018,2,2018-06-30,10-Q,181
14272,2018,3,2018-09-30,10-Q,273
14272,2018,4,2018-12-31,10-K,365
14272,2019,1,2019-03-31,10-Q,90
14272,2019,2,2019-06-30,10-Q,181
14272,2019,3,2019-09-30,10-Q,273
14272,2019,4,2019-12-31,10-K,365
14272,2020,1,2020-03-31,10-Q,91
14272,2020,2,2020-06-30,10-Q,182
14272,2020,3,2020-09-30,10-Q,274
14272,2020,4,2020-12-31,10-K,366
14272,2021,1,2021-03-31,10-Q,90
14272,2021,2,2021-06-30,10-Q,181
14272,2021,3,2021-09-30,10-Q,273
14272,2021,4,2021-12-31,10-K,365
14272,2022,1,2022-03-31,10-Q,90
14272,2022,2,2022-06-30,10-Q,181
14272,2022,3,2022-09-30,10-Q,273
14272,2022,4,2022-12-31,10-K,365
14272,2023,1,2023-03-31,10-Q,90
14272,2023,2,2023-06-30,10-Q,181
14272,2023,3,2023-09-30,10-Q,273
14272,2023,4,2023-12-31,10-K,365
14272,2024,1,2024-03-31,10-Q,91
14272,2024,2,2024-06-30,10-Q,182
14272,2024,3,2024-09-30,10-Q,274
14272,2024,4,2024-12-31,10-K,366
18230,2012,1,2012-03-31,10-Q,105
18230,2012,2,2012-06-30,10-Q,196
18230,2012,3,2012-09-30,10-Q,288
18230,2012,4,2012-12-31,10-K,380
18230,2013,1,2013-03-31,10-Q,90
18230,2013,2,2013-06-30,10-Q,181
18230,2013,3,2013-09-30,10-Q,273
18230,2013,4,2013-12-31,10-K,365
18230,2014,1,2014-03-31,10-Q,90
18230,2014,2,2014-06-30,10-Q,181
18230,2014,3,2014-09-30,10-Q,273
18230,2014,4,2014-12-31,10-K,365
18230,2015,1,2015-03-31,10-Q,90
18230,2015,2,2015-06-30,10-Q,181
18230,2015,3,2015-09-30,10-Q,273
18230,2015,4,2015-12-31,10-K,365
18230,2016,1,2016-03-31,10-Q,91
18230,2016,2,2016-06-30,10-Q,182
18230,2016,3,2016-09-30,10-Q,274
18230,2016,4,2016-12-31,10-K,366
18230,2017,1,2017-03-31,10-Q,90
18230,2017,2,2017-06-30,10-Q,181
18230,2017,3,2017-09-30,10-Q,273
18230,2017,4,2017-12-31,10-K,365
18230,2018,1,2018-03-31,10-Q,90
18230,2018,2,2018-06-30,10-Q,181
18230,2018,3,2018-09-30,10-Q,273
18230,2018,4,2018-12-31,10-K,365
18230,2019,1,2019-03-31,10-Q,90
18230,2019,2,2019-06-30,10-Q,181
18230,2019,3,2019-09-30,10-Q,273
18230,2019,4,2019-12-31,10-K,365
18230,2020,1,2020-03-31,10-Q,91
18230,2020,2,2020-06-30,10-Q,182
18230,2020,3,2020-09-30,10-Q,274
18230,2020,4,2020-12-31,10-K,366
18230,2021,1,2021-03-31,10-Q,90
18230,2021,2,2021-06-30,10-Q,181
18230,2021,3,2021-09-30,10-Q,273
18230,2021,4,2021-12-31,10-K,365
18230,2022,1,2022-03-31,10-Q,90
18230,2022,2,2022-06-30,10-Q,181
18230,2022,3,2022-09-30,10-Q,273
18230,2022,4,2022-12-31,10-K,365
18230,2023,1,2023-03-31,10-Q,90
18230,2023,2,2023-06-30,10-Q,181
18230,2023,3,2023-09-30,10-Q,273
18230,2023,4,2023-12-31,10-K,365
18230,2024,1,2024-03-31,10-Q,91
18230,2024,2,2024-06-30,10-Q,182
18230,2024,3,2024-09-30,10-Q,274
18230,2024,4,2024-12-31,10-K,366
19617,2012,1,2012-03-31,10-Q,105
19617,2012,2,2012-06-30,10-Q,196
19617,2012,3,2012-09-30,10-Q,288
19617,2012,4,2012-12-31,10-K,380
19617,2013,1,2013-03-31,10-Q,90
19617,2013,2,2013-06-30,10-Q,181
19617,2013,3,2013-09-30,10-Q,273
19617,2013,4,2013-12-31,10-K,365
19617,2014,1,2014-03-31,10-Q,90
19617,2014,2,2014-06-30,10-Q,181
19617,2014,3,2014-09-30,10-Q,273
19617,2014,4,2014-12-31,10-K,365
19617,2015,1,2015-03-31,10-Q,90
19617,2015,2,2015-06-30,10-Q,181
19617,2015,3,2015-09-30,10-Q,273
19617,2015,4,2015-12-31,10-K,365
19617,2016,1,2016-03-31,10-Q,91
19617,2016,2,2016-06-30,10-Q,182
19617,2016,3,2016-09-30,10-Q,274
19617,2016,4,2016-12-31,10-K,366
19617,2017,1,2017-03-31,10-Q,90
19617,2017,2,2017-06-30,10-Q,181
19617,2017,3,2017-09-30,10-Q,273
19617,2017,4,2017-12-31,10-K,365
19617,2018,1,2018-03-31,10-Q,90
19617,2018,2,2018-06-30,10-Q,181
19617,2018,3,2018-09-30,10-Q,273
19617,2018,4,2018-12-31,10-K,365
19617,2019,1,2019-03-31,10-Q,90
19617,2019,2,2019-06-30,10-Q,181
19617,2019,3,2019-09-30,10-Q,273
19617,2019,4,2019-12-31,10-K,365
19617,2020,1,2020-03-31,10-Q,91
19617,2020,2,2020-06-30,10-Q,182
19617,2020,3,2020-09-30,10-Q,274
19617,2020,4,2020-12-31,10-K,366
19617,2021,1,2021-03-31,10-Q,90
19617,2021,2,2021-06-30,10-Q,181
19617,2021,3,2021-09-30,10-Q,273
19617,2021,4,2021-12-31,10-K,365
19617,2022,1,2022-03-31,10-Q,90
19617,2022,2,2022-06-30,10-Q,181
19617,2022,3,2022-09-30,10-Q,273
19617,2022,4,2022-12-31,10-K,365
19617,2023,1,2023-03-31,10-Q,90
19617,2023,2,2023-06-30,10-Q,181
19617,2023,3,2023-09-30,10-Q,273
19617,2023,4,2023-12-31,10-K,365
19617,2024,1,2024-03-31,10-Q,91
19617,2024,2,2024-06-30,10-Q,182
19617,2024,3,2024-09-30,10-Q,274
19617,2024,4,2024-12-31,10-K,366
21344,2012,1,2012-03-30,10-Q,104
21344,2012,2,2012-06-29,10-Q,195
21344,2012,3,2012-09-28,10-Q,286
21344,2012,4,2012-12-31,10-K,380
21344,2013,1,2013-03-29,10-Q,88
21344,2013,2,2013-06-28,10-Q,179
21344,2013,3,2013-09-27,10-Q,270
21344,2013,4,2013-12-31,10-K,365
21344,2014,1,2014-03-28,10-Q,87
21344,2014,2,2014-06-27,10-Q,178
21344,2014,3,2014-09-26,10-Q,269
21344,2014,4,2014-12-31,10-K,365
21344,2015,1,2015-04-03,10-Q,93
21344,2015,2,2015-07-03,10-Q,184
21344,2015,3,2015-10-02,10-Q,275
21344,2015,4,2015-12-31,10-K,365
21344,2016,1,2016-04-01,10-Q,92
21344,2016,2,2016-07-01,10-Q,183
21344,2016,3,2016-09-30,10-Q,274
21344,2016,4,2016-12-31,10-K,366
21344,2017,1,2017-03-31,10-Q,90
21344,2017,2,2017-06-30,10-Q,181
21344,2017,3,2017-09-29,10-Q,272
21344,2017,4,2017-12-31,10-K,365
21344,2018,1,2018-03-30,10-Q,89
21344,2018,2,2018-06-29,10-Q,180
21344,2018,3,2018-09-28,10-Q,271
21344,2018,4,2018-12-31,10-K,365
21344,2019,1,2019-03-29,10-Q,88
21344,2019,2,2019-06-28,10-Q,179
21344,2019,3,2019-09-27,10-Q,270
21344,2019,4,2019-12-31,10-K,365
21344,2020,1,2020-03-27,10-Q,87
21344,2020,2,2020-06-26,10-Q,178
21344,2020,3,2020-09-25,10-Q,269
21344,2020,4,2020-12-31,10-K,366
21344,2021,1,2021-04-02,10-Q,92
21344,2021,2,2021-07-02,10-Q,183
21344,2021,3,2021-10-01,10-Q,274
21344,2021,4,2021-12-31,10-K,365
21344,2022,1,2022-04-01,10-Q,91
21344,2022,2,2022-07-01,10-Q,182
21344,2022,3,2022-09-30,10-Q,273
21344,2022,4,2022-12-31,10-K,365
21344,2023,1,2023-03-31,10-Q,90
21344,2023,2,2023-06-30,10-Q,181
21344,2023,3,2023-09-29,10-Q,272
21344,2023,4,2023-12-31,10-K,365
21344,2024,1,2024-03-29,10-Q,89
21344,2024,2,2024-06-28,10-Q,180
21344,2024,3,2024-09-27,10-Q,271
21344,2024,4,2024-12-31,10-K,366
26172,2012,1,2012-04-01,10-Q,106
26172,2012,2,2012-07-01,10-Q,197
26172,2012,3,2012-09-30,10-Q,288
26172,2012,4,2012-12-31,10-K,380
26172,2013,1,2013-03-31,10-Q,90
26172,2013,2,2013-06-30,10-Q,181
26172,2013,3,2013-09-29,10-Q,272
26172,2013,4,2013-12-31,10-K,365
26172,2014,1,2014-03-30,10-Q,89
26172,2014,2,2014-06-29,10-Q,180
26172,2014,3,2014-09-28,10-Q,271
26172,2014,4,2014-12-31,10-K,365
26172,2015,1,2015-03-29,10-Q,88
26172,2015,2,2015-06-28,10-Q,179
26172,2015,3,2015-09-27,10-Q,270
26172,2015,4,2015-12-31,10-K,365
26172,2016,1,2016-04-03,10-Q,94
26172,2016,2,2016-07-03,10-Q,185
26172,2016,3,2016-10-02,10-Q,276
26172,2016,4,2016-12-31,10-K,366
26172,2017,1,2017-04-02,10-Q,92
26172,2017,2,2017-07-02,10-Q,183
26172,2017,3,2017-10-01,10-Q,274
26172,2017,4,2017-12-31,10-K,365
26172,2018,1,2018-04-01,10-Q,91
26172,2018,2,2018-07-01,10-Q,182
26172,2018,3,2018-09-30,10-Q,273
26172,2018,4,2018-12-31,10-K,365
26172,2019,1,2019-03-31,10-Q,90
26172,2019,2,2019-06-30,10-Q,181
26172,2019,3,2019-09-29,10-Q,272
26172,2019,4,2019-12-31,10-K,365
26172,2020,1,2020-03-29,10-Q,89
26172,2020,2,2020-06-28,10-Q,180
26172,2020,3,2020-09-27,10-Q,271
26172,2020,4,2020-12-31,10-K,366
26172,2021,1,2021-04-04,10-Q,94
26172,2021,2,2021-07-04,10-Q,185
26172,2021,3,2021-10-03,10-Q,276
26172,2021,4,2021-12-31,10-K,365
26172,2022,1,2022-03-31,10-Q,90
26172,2022,2,2022-06-30,10-Q,181
26172,2022,3,2022-09-30,10-Q,273
26172,2022,4,2022-12-31,10-K,365
26172,2023,1,2023-03-31,10-Q,90
26172,2023,2,2023-06-30,10-Q,181
26172,2023,3,2023-09-30,10-Q,273
26172,2023,4,2023-12-31,10-K,365
26172,2024,1,2024-03-31,10-Q,91
26172,2024,2,2024-06-30,10-Q,182
26172,2024,3,2024-09-30,10-Q,274
26172,2024,4,2024-12-31,10-K,366
27419,2012,4,2012-01-28,10-K,380
27419,2013,1,2012-04-28,10-Q,91
27419,2013,2,2012-07-28,10-Q,182
27419,2013,3,2012-10-27,10-Q,273
27419,2013,4,2013-02-02,10-K,371
27419,2014,1,2013-05-04,10-Q,91
27419,2014,2,2013-08-03,10-Q,182
27419,2014,3,2013-11-02,10-Q,273
27419,2014,4,2014-02-01,10-K,364
27419,2015,1,2014-05-03,10-Q,91
27419,2015,2,2014-08-02,10-Q,182
27419,2015,3,2014-11-01,10-Q,273
27419,2015,4,2015-01-31,10-K,364
27419,2016,1,2015-05-02,10-Q,91
27419,2016,2,2015-08-01,10-Q,182
27419,2016,3,2015-10-31,10-Q,273
27419,2016,4,2016-01-30,10-K,364
27419,2017,1,2016-04-30,10-Q,91
27419,2017,2,2016-07-30,10-Q,182
27419,2017,3,2016-10-29,10-Q,273
27419,2017,4,2017-01-28,10-K,364
27419,2018,1,2017-04-29,10-Q,91
27419,2018,2,2017-07-29,10-Q,182
27419,2018,3,2017-10-28,10-Q,273
27419,2018,4,2018-02-03,10-K,371
27419,2019,1,2018-05-05,10-Q,91
27419,2019,2,2018-08-04,10-Q,182
27419,2019,3,2018-11-03,10-Q,273
27419,2019,4,2019-02-02,10-K,364
27419,2020,1,2019-05-04,10-Q,91
27419,2020,2,2019-08-03,10-Q,182
27419,2020,3,2019-11-02,10-Q,273
27419,2020,4,2020-02-01,10-K,364
27419,2021,1,2020-05-02,10-Q,91
27419,2021,2,2020-08-01,10-Q,182
27419,2021,3,2020-10-31,10-Q,273
27419,2021,4,2021-01-30,10-K,364
27419,2022,1,2021-05-01,10-Q,91
27419,2022,2,2021-07-31,10-Q,182
27419,2022,3,2021-10-30,10-Q,273
27419,2022,4,2022-01-29,10-K,364
27419,2023,1,2022-04-30,10-Q,91
27419,2023,2,2022-07-30,10-Q,182
27419,2023,3,2022-10-29,10-Q,273
27419,2023,4,2023-01-28,10-K,364
27419,2024,1,2023-04-29,10-Q,91
27419,2024,2,2023-07-29,10-Q,182
27419,2024,3,2023-10-28,10-Q,273
27419,2024,4,2024-02-03,10-K,371
27904,2012,1,2012-03-31,10-Q,105
27904,2012,2,2012-06-30,10-Q,196
27904,2012,3,2012-09-30,10-Q,288
27904,2012,4,2012-12-31,10-K,380
27904,2013,1,2013-03-31,10-Q,90
27904,2013,2,2013-06-30,10-Q,181
27904,2013,3,2013-09-30,10-Q,273
27904,2013,4,2013-12-31,10-K,365
27904,2014,1,2014-03-31,10-Q,90
27904,2014,2,2014-06-30,10-Q,181
27904,2014,3,2014-09-30,10-Q,273
27904,2014,4,2014-12-31,10-K,365
27904,2015,1,2015-03-31,10-Q,90
27904,2015,2,2015-06-30,10-Q,181
27904,2015,3,2015-09-30,10-Q,273
27904,2015,4,2015-12-31,10-K,365
27904,2016,1,2016-03-31,10-Q,91
27904,2016,2,2016-06-30,10-Q,182
27904,2016,3,2016-09-30,10-Q,274
27904,2016,4,2016-12-31,10-K,366
27904,2017,1,2017-03-31,10-Q,90
27904,2017,2,2017-06-30,10-Q,181
27904,2017,3,2017-09-30,10-Q,273
27904,2017,4,2017-12-31,10-K,365
27904,2018,1,2018-03-31,10-Q,90
27904,2018,2,2018-06-30,10-Q,181
27904,2018,3,2018-09-30,10-Q,273
27904,2018,4,2018-12-31,10-K,365
27904,2019,1,2019-03-31,10-Q,90
27904,2019,2,2019-06-30,10-Q,181
27904,2019,3,2019-09-30,10-Q,273
27904,2019,4,2019-12-31,10-K,365
27904,2020,1,2020-03-31,10-Q,91
27904,2020,2,2020-06-30,10-Q,182
27904,2020,3,2020-09-30,10-Q,274
27904,2020,4,2020-12-31,10-K,366
27904,2021,1,2021-03-31,10-Q,90
27904,2021,2,2021-06-30,10-Q,181
27904,2021,3,2021-09-30,10-Q,273
27904,2021,4,2021-12-31,10-K,365
27904,2022,1,2022-03-31,10-Q,90
27904,2022,2,2022-06-30,10-Q,181
27904,2022,3,2022-09-30,10-Q,273
27904,2022,4,2022-12-31,10-K,365
27904,2023,1,2023-03-31,10-Q,90
27904,2023,2,2023-06-30,10-Q,181
27904,2023,3,2023-09-30,10-Q,273
27904,2023,4,2023-12-31,10-K,365
27904,2024,1,2024-03-31,10-Q,91
27904,2024,2,2024-06-30,10-Q,182
27904,2024,3,2024-09-30,10-Q,274
27904,2024,4,2024-12-31,10-K,366
29534,2012,4,2012-02-03,10-K,380
29534,2013,1,2012-05-04,10-Q,91
29534,2013,2,2012-08-03,10-Q,182
29534,2013,3,2012-11-02,10-Q,273
29534,2013,4,2013-02-01,10-K,364
29534,2014,1,2013-05-03,10-Q,91
29534,2014,2,2013-08-02,10-Q,182
29534,2014,3,2013-11-01,10-Q,273
29534,2014,4,2014-01-31,10-K,364
29534,2015,1,2014-05-02,10-Q,91
29534,2015,2,2014-08-01,10-Q,182
29534,2015,3,2014-10-31,10-Q,273
29534,2015,4,2015-01-30,10-K,364
29534,2016,1,2015-05-01,10-Q,91
29534,2016,2,2015-07-31,10-Q,182
29534,2016,3,2015-10-30,10-Q,273
29534,2016,4,2016-01-29,10-K,364
29534,2017,1,2016-04-29,10-Q,91
29534,2017,2,2016-07-29,10-Q,182
29534,2017,3,2016-10-28,10-Q,273
29534,2017,4,2017-02-03,10-K,371
29534,2018,1,2017-05-05,10-Q,91
29534,2018,2,2017-08-04,10-Q,182
29534,2018,3,2017-11-03,10-Q,273
29534,2018,4,2018-02-02,10-K,364
29534,2019,1,2018-05-04,10-Q,91
29534,2019,2,2018-08-03,10-Q,182
29534,2019,3,2018-11-02,10-Q,273
29534,2019,4,2019-02-01,10-K,364
29534,2020,1,2019-05-03,10-Q,91
29534,2020,2,2019-08-02,10-Q,182
29534,2020,3,2019-11-01,10-Q,273
29534,2020,4,2020-01-31,10-K,364
29534,2021,1,2020-05-01,10-Q,91
29534,2021,2,2020-07-31,10-Q,182
29534,2021,3,2020-10-30,10-Q,273
29534,2021,4,2021-01-29,10-K,364
29534,2022,1,2021-04-30,10-Q,91
29534,2022,2,2021-07-30,10-Q,182
29534,2022,3,2021-10-29,10-Q,273
29534,2022,4,2022-01-28,10-K,364
29534,2023,1,2022-04-29,10-Q,91
29534,2023,2,2022-07-29,10-Q,182
29534,2023,3,2022-10-28,10-Q,273
29534,2023,4,2023-02-03,10-K,371
29534,2024,1,2023-05-05,10-Q,91
29534,2024,2,2023-08-04,10-Q,182
29534,2024,3,2023-11-03,10-Q,273
29534,2024,4,2024-02-02,10-K,364
34088,2012,1,2012-03-31,10-Q,105
34088,2012,2,2012-06-30,10-Q,196
34088,2012,4,2012-12-31,10-K,380
34088,2013,1,2013-03-31,10-Q,90
34088,2013,2,2013-06-30,10-Q,181
34088,2013,3,2013-09-30,10-Q,273
34088,2013,4,2013-12-31,10-K,365
34088,2014,1,2014-03-31,10-Q,90
34088,2014,2,2014-06-30,10-Q,181
34088,2014,3,2014-09-30,10-Q,273
34088,2014,4,2014-12-31,10-K,365
34088,2015,1,2015-03-31,10-Q,90
34088,2015,2,2015-06-30,10-Q,181
34088,2015,3,2015-09-30,10-Q,273
34088,2015,4,2015-12-31,10-K,365
34088,2016,1,2016-03-31,10-Q,91
34088,2016,2,2016-06-30,10-Q,182
34088,2016,3,2016-09-30,10-Q,274
34088,2016,4,2016-12-31,10-K,366
34088,2017,1,2017-03-31,10-Q,90
34088,2017,2,2017-06-30,10-Q,181
34088,2017,3,2017-09-30,10-Q,273
34088,2017,4,2017-12-31,10-K,365
34088,2018,1,2018-03-31,10-Q,90
34088,2018,2,2018-06-30,10-Q,181
34088,2018,3,2018-09-30,10-Q,273
34088,2018,4,2018-12-31,10-K,365
34088,2019,1,2019-03-31,10-Q,90
34088,2019,2,2019-06-30,10-Q,181
34088,2019,3,2019-09-30,10-Q,273
34088,2019,4,2019-12-31,10-K,365
34088,2020,1,2020-03-31,10-Q,91
34088,2020,2,2020-06-30,10-Q,182
34088,2020,3,2020-09-30,10-Q,274
34088,2020,4,2020-12-31,10-K,366
34088,2021,1,2021-03-31,10-Q,90
34088,2021,2,2021-06-30,10-Q,181
34088,2021,3,2021-09-30,10-Q,273
34088,2021,4,2021-12-31,10-K,365
34088,2022,1,2022-03-31,10-Q,90
34088,2022,2,2022-06-30,10-Q,181
34088,2022,3,2022-09-30,10-Q,273
34088,2022,4,2022-12-31,10-K,365
34088,2023,1,2023-03-31,10-Q,90
34088,2023,2,2023-06-30,10-Q,181
34088,2023,3,2023-09-30,10-Q,273
34088,2023,4,2023-12-31,10-K,365
34088,2024,1,2024-03-31,10-Q,91
34088,2024,2,2024-06-30,10-Q,182
34088,2024,3,2024-09-30,10-Q,274
34088,2024,4,2024-12-31,10-K,366
36104,2012,1,2012-03-31,10-Q,105
36104,2012,2,2012-06-30,10-Q,196
36104,2012,3,2012-09-30,10-Q,288
36104,2012,4,2012-12-31,10-K,380
36104,2013,1,2013-03-31,10-Q,90
36104,2013,2,2013-06-30,10-Q,181
36104,2013,3,2013-09-30,10-Q,273
36104,2013,4,2013-12-31,10-K,365
36104,2014,1,2014-03-31,10-Q,90
36104,2014,2,2014-06-30,10-Q,181
36104,2014,3,2014-09-30,10-Q,273
36104,2014,4,2014-12-31,10-K,365
36104,2015,1,2015-03-31,10-Q,90
36104,2015,2,2015-06-30,10-Q,181
36104,2015,3,2015-09-30,10-Q,273
36104,2015,4,2015-12-31,10-K,365
36104,2016,1,2016-03-31,10-Q,91
36104,2016,2,2016-06-30,10-Q,182
36104,2016,3,2016-09-30,10-Q,274
36104,2016,4,2016-12-31,10-K,366
36104,2017,1,2017-03-31,10-Q,90
36104,2017,2,2017-06-30,10-Q,181
36104,2017,3,2017-09-30,10-Q,273
36104,2017,4,2017-12-31,10-K,365
36104,2018,1,2018-03-31,10-Q,90
36104,2018,2,2018-06-30,10-Q,181
36104,2018,3,2018-09-30,10-Q,273
36104,2018,4,2018-12-31,10-K,365
36104,2019,1,2019-03-31,10-Q,90
36104,2019,2,2019-06-30,10-Q,181
36104,2019,3,2019-09-30,10-Q,273
36104,2019,4,2019-12-31,10-K,365
36104,2020,1,2020-03-31,10-Q,91
36104,2020,2,2020-06-30,10-Q,182
36104,2020,3,2020-09-30,10-Q,274
36104,2020,4,2020-12-31,10-K,366
36104,2021,1,2021-03-31,10-Q,90
36104,2021,2,2021-06-30,10-Q,181
36104,2021,3,2021-09-30,10-Q,273
36104,2021,4,2021-12-31,10-K,365
36104,2022,1,2022-03-31,10-Q,90
36104,2022,2,2022-06-30,10-Q,181
36104,2022,3,2022-09-30,10-Q,273
36104,2022,4,2022-12-31,10-K,365
36104,2023,1,2023-03-31,10-Q,90
36104,2023,2,2023-06-30,10-Q,181
36104,2023,3,2023-09-30,10-Q,273
36104,2023,4,2023-12-31,10-K,365
36104,2024,1,2024-03-31,10-Q,91
36104,2024,2,2024-06-30,10-Q,182
36104,2024,3,2024-09-30,10-Q,274
36104,2024,4,2024-12-31,10-K,366
37996,2012,1,2012-03-31,10-Q,105
37996,2012,2,2012-06-30,10-Q,196
37996,2012,3,2012-09-30,10-Q,288
37996,2012,4,2012-12-31,10-K,380
37996,2013,1,2013-03-31,10-Q,90
37996,2013,2,2013-06-30,10-Q,181
37996,2013,3,2013-09-30,10-Q,273
37996,2013,4,2013-12-31,10-K,365
37996,2014,1,2014-03-31,10-Q,90
37996,2014,2,2014-06-30,10-Q,181
37996,2014,3,2014-09-30,10-Q,273
37996,2014,4,2014-12-31,10-K,365
37996,2015,1,2015-03-31,10-Q,90
37996,2015,2,2015-06-30,10-Q,181
37996,2015,3,2015-09-30,10-Q,273
37996,2015,4,2015-12-31,10-K,365
37996,2016,1,2016-03-31,10-Q,91
37996,2016,2,2016-06-30,10-Q,182
37996,2016,3,2016-09-30,10-Q,274
37996,2016,4,2016-12-31,10-K,366
37996,2017,1,2017-03-31,10-Q,90
37996,2017,2,2017-06-30,10-Q,181
37996,2017,3,2017-09-30,10-Q,273
37996,2017,4,2017-12-31,10-K,365
37996,2018,1,2018-03-31,10-Q,90
37996,2018,2,2018-06-30,10-Q,181
37996,2018,3,2018-09-30,10-Q,273
37996,2018,4,2018-12-31,10-K,365
37996,2019,1,2019-03-31,10-Q,90
37996,2019,2,2019-06-30,10-Q,181
37996,2019,3,2019-09-30,10-Q,273
37996,2019,4,2019-12-31,10-K,365
37996,2020,1,2020-03-31,10-Q,91
37996,2020,2,2020-06-30,10-Q,182
37996,2020,3,2020-09-30,10-Q,274
37996,2020,4,2020-12-31,10-K,366
37996,2021,1,2021-03-31,10-Q,90
37996,2021,2,2021-06-30,10-Q,181
37996,2021,3,2021-09-30,10-Q,273
37996,2021,4,2021-12-31,10-K,365
37996,2022,1,2022-03-31,10-Q,90
37996,2022,2,2022-06-30,10-Q,181
37996,2022,3,2022-09-30,10-Q,273
37996,2022,4,2022-12-31,10-K,365
37996,2023,1,2023-03-31,10-Q,90
37996,2023,2,2023-06-30,10-Q,181
37996,2023,3,2023-09-30,10-Q,273
37996,2023,4,2023-12-31,10-K,365
37996,2024,1,2024-03-31,10-Q,91
37996,2024,2,2024-06-30,10-Q,182
37996,2024,3,2024-09-30,10-Q,274
37996,2024,4,2024-12-31,10-K,366
40533,2012,1,2012-04-01,10-Q,106
40533,2012,2,2012-07-01,10-Q,197
40533,2012,3,2012-09-30,10-Q,288
40533,2012,4,2012-12-31,10-K,380
40533,2013,1,2013-03-31,10-Q,90
40533,2013,2,2013-06-30,10-Q,181
40533,2013,3,2013-09-29,10-Q,272
40533,2013,4,2013-12-31,10-K,365
40533,2014,1,2014-03-30,10-Q,89
40533,2014,2,2014-06-29,10-Q,180
40533,2014,3,2014-09-28,10-Q,271
40533,2014,4,2014-12-31,10-K,365
40533,2015,1,2015-04-05,10-Q,95
40533,2015,2,2015-07-05,10-Q,186
40533,2015,3,2015-10-04,10-Q,277
40533,2015,4,2015-12-31,10-K,365
40533,2016,1,2016-04-03,10-Q,94
40533,2016,2,2016-07-03,10-Q,185
40533,2016,3,2016-10-02,10-Q,276
40533,2016,4,2016-12-31,10-K,366
40533,2017,1,2017-04-02,10-Q,92
40533,2017,2,2017-07-02,10-Q,183
40533,2017,3,2017-10-01,10-Q,274
40533,2017,4,2017-12-31,10-K,365
40533,2018,1,2018-04-01,10-Q,91
40533,2018,2,2018-07-01,10-Q,182
40533,2018,3,2018-09-30,10-Q,273
40533,2018,4,2018-12-31,10-K,365
40533,2019,1,2019-03-31,10-Q,90
40533,2019,2,2019-06-30,10-Q,181
40533,2019,3,2019-09-29,10-Q,272
40533,2019,4,2019-12-31,10-K,365
40533,2020,1,2020-03-29,10-Q,89
40533,2020,2,2020-06-28,10-Q,180
40533,2020,3,2020-09-27,10-Q,271
40533,2020,4,2020-12-31,10-K,366
40533,2021,1,2021-04-04,10-Q,94
40533,2021,2,2021-07-04,10-Q,185
40533,2021,3,2021-10-03,10-Q,276
40533,2021,4,2021-12-31,10-K,365
40533,2022,1,2022-04-03,10-Q,93
40533,2022,2,2022-07-03,10-Q,184
40533,2022,3,2022-10-02,10-Q,275
40533,2022,4,2022-12-31,10-K,365
40533,2023,1,2023-04-02,10-Q,92
40533,2023,2,2023-07-02,10-Q,183
40533,2023,3,2023-10-01,10-Q,274
40533,2023,4,2023-12-31,10-K,365
40533,2024,1,2024-03-31,10-Q,91
40533,2024,2,2024-06-30,10-Q,182
40533,2024,3,2024-09-29,10-Q,273
40533,2024,4,2024-12-31,10-K,366
40545,2012,1,2012-03-31,10-Q,105
40545,2012,2,2012-06-30,10-Q,196
40545,2012,3,2012-09-30,10-Q,288
40545,2012,4,2012-12-31,10-K,380
40545,2013,1,2013-03-31,10-Q,90
40545,2013,2,2013-06-30,10-Q,181
40545,2013,3,2013-09-30,10-Q,273
40545,2013,4,2013-12-31,10-K,365
40545,2015,1,2015-03-31,10-Q,105
40545,2015,2,2015-06-30,10-Q,196
40545,2015,3,2015-09-30,10-Q,288
40545,2015,4,2015-12-31,10-K,380
40545,2016,1,2016-03-31,10-Q,91
40545,2016,2,2016-06-30,10-Q,182
40545,2016,3,2016-09-30,10-Q,274
40545,2016,4,2016-12-31,10-K,366
40545,2017,1,2017-03-31,10-Q,90
40545,2017,2,2017-06-30,10-Q,181
40545,2017,3,2017-09-30,10-Q,273
40545,2017,4,2017-12-31,10-K,365
40545,2018,1,2018-03-31,10-Q,90
40545,2018,2,2018-06-30,10-Q,181
40545,2018,3,2018-09-30,10-Q,273
40545,2018,4,2018-12-31,10-K,365
40545,2019,1,2019-03-31,10-Q,90
40545,2019,2,2019-06-30,10-Q,181
40545,2019,3,2019-09-30,10-Q,273
40545,2019,4,2019-12-31,10-K,365
40545,2020,1,2020-03-31,10-Q,91
40545,2020,2,2020-06-30,10-Q,182
40545,2020,3,2020-09-30,10-Q,274
40545,2020,4,2020-12-31,10-K,366
40545,2021,1,2021-03-31,10-Q,90
40545,2021,2,2021-06-30,10-Q,181
40545,2021,3,2021-09-30,10-Q,273
40545,2021,4,2021-12-31,10-K,365
40545,2022,1,2022-03-31,10-Q,90
40545,2022,2,2022-06-30,10-Q,181
40545,2022,3,2022-09-30,10-Q,273
40545,2022,4,2022-12-31,10-K,365
40545,2023,1,2023-03-31,10-Q,90
40545,2023,2,2023-06-30,10-Q,181
40545,2023,3,2023-09-30,10-Q,273
40545,2023,4,2023-12-31,10-K,365
40545,2024,1,2024-03-31,10-Q,91
40545,2024,2,2024-06-30,10-Q,182
40545,2024,3,2024-09-30,10-Q,274
40545,2024,4,2024-12-31,10-K,366
47217,2012,1,2012-01-31,10-Q,106
47217,2012,2,2012-04-30,10-Q,196
47217,2012,3,2012-07-31,10-Q,288
47217,2012,4,2012-10-31,10-K,380
47217,2013,1,2013-01-31,10-Q,92
47217,2013,2,2013-04-30,10-Q,181
47217,2013,3,2013-07-31,10-Q,273
47217,2013,4,2013-10-31,10-K,365
47217,2014,1,2014-01-31,10-Q,92
47217,2014,2,2014-04-30,10-Q,181
47217,2014,3,2014-07-31,10-Q,273
47217,2014,4,2014-10-31,10-K,365
47217,2015,1,2015-01-31,10-Q,92
47217,2015,2,2015-04-30,10-Q,181
47217,2015,3,2015-07-31,10-Q,273
47217,2015,4,2015-10-31,10-K,365
47217,2016,1,2016-01-31,10-Q,92
47217,2016,2,2016-04-30,10-Q,182
47217,2016,3,2016-07-31,10-Q,274
47217,2016,4,2016-10-31,10-K,366
47217,2017,1,2017-01-31,10-Q,92
47217,2017,2,2017-04-30,10-Q,181
47217,2017,3,2017-07-31,10-Q,273
47217,2017,4,2017-10-31,10-K,365
47217,2018,1,2018-01-31,10-Q,92
47217,2018,2,2018-04-30,10-Q,181
47217,2018,3,2018-07-31,10-Q,273
47217,2018,4,2018-10-31,10-K,365
47217,2019,1,2019-01-31,10-Q,92
47217,2019,2,2019-04-30,10-Q,181
47217,2019,3,2019-07-31,10-Q,273
47217,2019,4,2019-10-31,10-K,365
47217,2020,1,2020-01-31,10-Q,92
47217,2020,2,2020-04-30,10-Q,182
47217,2020,3,2020-07-31,10-Q,274
47217,2020,4,2020-10-31,10-K,366
47217,2021,1,2021-01-31,10-Q,92
47217,2021,2,2021-04-30,10-Q,181
47217,2021,3,2021-07-31,10-Q,273
47217,2021,4,2021-10-31,10-K,365
47217,2022,1,2022-01-31,10-Q,92
47217,2022,2,2022-04-30,10-Q,181
47217,2022,3,2022-07-31,10-Q,273
47217,2022,4,2022-10-31,10-K,365
47217,2023,1,2023-01-31,10-Q,92
47217,2023,2,2023-04-30,10-Q,181
47217,2023,3,2023-07-31,10-Q,273
47217,2023,4,2023-10-31,10-K,365
47217,2024,1,2024-01-31,10-Q,92
47217,2024,2,2024-04-30,10-Q,182
47217,2024,3,2024-07-31,10-Q,274
47217,2024,4,2024-10-31,10-K,366
49071,2012,1,2012-03-31,10-Q,105
49071,2012,2,2012-06-30,10-Q,196
49071,2012,3,2012-09-30,10-Q,288
49071,2012,4,2012-12-31,10-K,380
49071,2013,1,2013-03-31,10-Q,90
49071,2013,2,2013-06-30,10-Q,181
49071,2013,3,2013-09-30,10-Q,273
49071,2013,4,2013-12-31,10-K,365
49071,2014,1,2014-03-31,10-Q,90
49071,2014,2,2014-06-30,10-Q,181
49071,2014,3,2014-09-30,10-Q,273
49071,2014,4,2014-12-31,10-K,365
49071,2015,1,2015-03-31,10-Q,90
49071,2015,2,2015-06-30,10-Q,181
49071,2015,3,2015-09-30,10-Q,273
49071,2015,4,2015-12-31,10-K,365
49071,2016,1,2016-03-31,10-Q,91
49071,2016,2,2016-06-30,10-Q,182
49071,2016,3,2016-09-30,10-Q,274
49071,2016,4,2016-12-31,10-K,366
49071,2017,1,2017-03-31,10-Q,90
49071,2017,2,2017-06-30,10-Q,181
49071,2017,3,2017-09-30,10-Q,273
49071,2017,4,2017-12-31,10-K,365
49071,2018,1,2018-03-31,10-Q,90
49071,2018,2,2018-06-30,10-Q,181
49071,2018,3,2018-09-30,10-Q,273
49071,2018,4,2018-12-31,10-K,365
49071,2019,1,2019-03-31,10-Q,90
49071,2019,2,2019-06-30,10-Q,181
49071,2019,3,2019-09-30,10-Q,273
49071,2019,4,2019-12-31,10-K,365
49071,2020,1,2020-03-31,10-Q,91
49071,2020,2,2020-06-30,10-Q,182
49071,2020,3,2020-09-30,10-Q,274
49071,2020,4,2020-12-31,10-K,366
49071,2021,1,2021-03-31,10-Q,90
49071,2021,2,2021-06-30,10-Q,181
49071,2021,3,2021-09-30,10-Q,273
49071,2021,4,2021-12-31,10-K,365
49071,2022,1,2022-03-31,10-Q,90
49071,2022,2,2022-06-30,10-Q,181
49071,2022,3,2022-09-30,10-Q,273
49071,2022,4,2022-12-31,10-K,365
49071,2023,1,2023-03-31,10-Q,90
49071,2023,2,2023-06-30,10-Q,181
49071,2023,3,2023-09-30,10-Q,273
49071,2023,4,2023-12-31,10-K,365
49071,2024,1,2024-03-31,10-Q,91
49071,2024,2,2024-06-30,10-Q,182
49071,2024,3,2024-09-30,10-Q,274
49071,2024,4,2024-12-31,10-K,366
50863,2012,1,2012-03-31,10-Q,107
50863,2012,2,2012-06-30,10-Q,198
50863,2012,3,2012-09-29,10-Q,289
50863,2012,4,2012-12-29,10-K,380
50863,2013,1,2013-03-30,10-Q,91
50863,2013,2,2013-06-29,10-Q,182
50863,2013,3,2013-09-28,10-Q,273
50863,2013,4,2013-12-28,10-K,364
50863,2014,1,2014-03-29,10-Q,91
50863,2014,2,2014-06-28,10-Q,182
50863,2014,3,2014-09-27,10-Q,273
50863,2014,4,2014-12-27,10-K,364
50863,2015,1,2015-03-28,10-Q,91
50863,2015,2,2015-06-27,10-Q,182
50863,2015,3,2015-09-26,10-Q,273
50863,2015,4,2015-12-26,10-K,364
50863,2016,1,2016-04-02,10-Q,98
50863,2016,2,2016-07-02,10-Q,189
50863,2016,3,2016-10-01,10-Q,280
50863,2016,4,2016-12-31,10-K,371
50863,2017,1,2017-04-01,10-Q,91
50863,2017,2,2017-07-01,10-Q,182
50863,2017,3,2017-09-30,10-Q,273
50863,2017,4,2017-12-30,10-K,364
50863,2018,1,2018-03-31,10-Q,91
50863,2018,2,2018-06-30,10-Q,182
50863,2018,3,2018-09-29,10-Q,273
50863,2018,4,2018-12-29,10-K,364
50863,2019,1,2019-03-30,10-Q,91
50863,2019,2,2019-06-29,10-Q,182
50863,2019,3,2019-09-28,10-Q,273
50863,2019,4,2019-12-28,10-K,364
50863,2020,1,2020-03-28,10-Q,91
50863,2020,2,2020-06-27,10-Q,182
50863,2020,3,2020-09-26,10-Q,273
50863,2020,4,2020-12-26,10-K,364
50863,2021,1,2021-03-27,10-Q,91
50863,2021,2,2021-06-26,10-Q,182
50863,2021,3,2021-09-25,10-Q,273
50863,2021,4,2021-12-25,10-K,364
50863,2022,1,2022-04-02,10-Q,98
50863,2022,2,2022-07-02,10-Q,189
50863,2022,3,2022-10-01,10-Q,280
50863,2022,4,2022-12-31,10-K,371
50863,2023,1,2023-04-01,10-Q,91
50863,2023,2,2023-07-01,10-Q,182
50863,2023,3,2023-09-30,10-Q,273
50863,2023,4,2023-12-30,10-K,364
50863,2024,1,2024-03-30,10-Q,91
50863,2024,2,2024-06-29,10-Q,182
50863,2024,3,2024-09-28,10-Q,273
50863,2024,4,2024-12-28,10-K,364
51143,2012,1,2012-03-31,10-Q,105
51143,2012,2,2012-06-30,10-Q,196
51143,2012,3,2012-09-30,10-Q,288
51143,2012,4,2012-12-31,10-K,380
51143,2013,1,2013-03-31,10-Q,90
51143,2013,2,2013-06-30,10-Q,181
51143,2013,3,2013-09-30,10-Q,273
51143,2013,4,2013-12-31,10-K,365
51143,2014,2,2014-06-30,10-Q,181
51143,2014,3,2014-09-30,10-Q,273
51143,2014,4,2014-12-31,10-K,365
51143,2015,1,2015-03-31,10-Q,90
51143,2015,2,2015-06-30,10-Q,181
51143,2015,3,2015-09-30,10-Q,273
51143,2015,4,2015-12-31,10-K,365
51143,2016,1,2016-03-31,10-Q,91
51143,2016,2,2016-06-30,10-Q,182
51143,2016,3,2016-09-30,10-Q,274
51143,2016,4,2016-12-31,10-K,366
51143,2017,1,2017-03-31,10-Q,90
51143,2017,2,2017-06-30,10-Q,181
51143,2017,3,2017-09-30,10-Q,273
51143,2017,4,2017-12-31,10-K,365
51143,2018,1,2018-03-31,10-Q,90
51143,2018,2,2018-06-30,10-Q,181
51143,2018,3,2018-09-30,10-Q,273
51143,2018,4,2018-12-31,10-K,365
51143,2019,1,2019-03-31,10-Q,90
51143,2019,2,2019-06-30,10-Q,181
51143,2019,3,2019-09-30,10-Q,273
51143,2019,4,2019-12-31,10-K,365
51143,2020,1,2020-03-31,10-Q,91
51143,2020,2,2020-06-30,10-Q,182
51143,2020,3,2020-09-30,10-Q,274
51143,2020,4,2020-12-31,10-K,366
51143,2021,1,2021-03-31,10-Q,90
51143,2021,2,2021-06-30,10-Q,181
51143,2021,3,2021-09-30,10-Q,273
51143,2021,4,2021-12-31,10-K,365
51143,2022,1,2022-03-31,10-Q,90
51143,2022,2,2022-06-30,10-Q,181
51143,2022,3,2022-09-30,10-Q,273
51143,2022,4,2022-12-31,10-K,365
51143,2023,1,2023-03-31,10-Q,90
51143,2023,2,2023-06-30,10-Q,181
51143,2023,3,2023-09-30,10-Q,273
51143,2023,4,2023-12-31,10-K,365
51143,2024,1,2024-03-31,10-Q,91
51143,2024,2,2024-06-30,10-Q,182
51143,2024,3,2024-09-30,10-Q,274
51143,2024,4,2024-12-31,10-K,366
56873,2012,4,2012-01-28,10-K,380
56873,2013,1,2012-05-19,10-Q,112
56873,2013,2,2012-08-11,10-Q,196
56873,2013,3,2012-11-03,10-Q,280
56873,2013,4,2013-02-02,10-K,371
56873,2014,1,2013-05-25,10-Q,112
56873,2014,2,2013-08-17,10-Q,196
56873,2014,3,2013-11-09,10-Q,280
56873,2014,4,2014-02-01,10-K,364
56873,2015,1,2014-05-24,10-Q,112
56873,2015,2,2014-08-16,10-Q,196
56873,2015,3,2014-11-08,10-Q,280
56873,2015,4,2015-01-31,10-K,364
56873,2016,1,2015-05-23,10-Q,112
56873,2016,2,2015-08-15,10-Q,196
56873,2016,3,2015-11-07,10-Q,280
56873,2016,4,2016-01-30,10-K,364
56873,2017,1,2016-05-21,10-Q,112
56873,2017,2,2016-08-13,10-Q,196
56873,2017,3,2016-11-05,10-Q,280
56873,2017,4,2017-01-28,10-K,364
56873,2018,1,2017-05-20,10-Q,112
56873,2018,2,2017-08-12,10-Q,196
56873,2018,3,2017-11-04,10-Q,280
56873,2018,4,2018-02-03,10-K,371
56873,2019,1,2018-05-26,10-Q,112
56873,2019,2,2018-08-18,10-Q,196
56873,2019,3,2018-11-10,10-Q,280
56873,2019,4,2019-02-02,10-K,364
56873,2020,1,2019-05-25,10-Q,112
56873,2020,2,2019-08-17,10-Q,196
56873,2020,3,2019-11-09,10-Q,280
56873,2020,4,2020-02-01,10-K,364
56873,2021,1,2020-05-23,10-Q,112
56873,2021,2,2020-08-15,10-Q,196
56873,2021,3,2020-11-07,10-Q,280
56873,2021,4,2021-01-30,10-K,364
56873,2022,1,2021-05-22,10-Q,112
56873,2022,2,2021-08-14,10-Q,196
56873,2022,3,2021-11-06,10-Q,280
56873,2022,4,2022-01-29,10-K,364
56873,2023,1,2022-05-21,10-Q,112
56873,2023,2,2022-08-13,10-Q,196
56873,2023,3,2022-11-05,10-Q,280
56873,2023,4,2023-01-28,10-K,364
56873,2024,1,2023-05-20,10-Q,112
56873,2024,2,2023-08-12,10-Q,196
56873,2024,3,2023-11-04,10-Q,280
56873,2024,4,2024-02-03,10-K,371
59478,2012,1,2012-03-31,10-Q,105
59478,2012,2,2012-06-30,10-Q,196
59478,2012,3,2012-09-30,10-Q,288
59478,2012,4,2012-12-31,10-K,380
59478,2013,1,2013-03-31,10-Q,90
59478,2013,2,2013-06-30,10-Q,181
59478,2013,3,2013-09-30,10-Q,273
59478,2013,4,2013-12-31,10-K,365
59478,2014,1,2014-03-31,10-Q,90
59478,2014,2,2014-06-30,10-Q,181
59478,2014,3,2014-09-30,10-Q,273
59478,2014,4,2014-12-31,10-K,365
59478,2015,1,2015-03-31,10-Q,90
59478,2015,2,2015-06-30,10-Q,181
59478,2015,3,2015-09-30,10-Q,273
59478,2015,4,2015-12-31,10-K,365
59478,2016,1,2016-03-31,10-Q,91
59478,2016,2,2016-06-30,10-Q,182
59478,2016,3,2016-09-30,10-Q,274
59478,2016,4,2016-12-31,10-K,366
59478,2017,1,2017-03-31,10-Q,90
59478,2017,2,2017-06-30,10-Q,181
59478,2017,3,2017-09-30,10-Q,273
59478,2017,4,2017-12-31,10-K,365
59478,2018,1,2018-03-31,10-Q,90
59478,2018,2,2018-06-30,10-Q,181
59478,2018,3,2018-09-30,10-Q,273
59478,2018,4,2018-12-31,10-K,365
59478,2019,1,2019-03-31,10-Q,90
59478,2019,2,2019-06-30,10-Q,181
59478,2019,3,2019-09-30,10-Q,273
59478,2019,4,2019-12-31,10-K,365
59478,2020,1,2020-03-31,10-Q,91
59478,2020,2,2020-06-30,10-Q,182
59478,2020,3,2020-09-30,10-Q,274
59478,2020,4,2020-12-31,10-K,366
59478,2021,1,2021-03-31,10-Q,90
59478,2021,2,2021-06-30,10-Q,181
59478,2021,3,2021-09-30,10-Q,273
59478,2021,4,2021-12-31,10-K,365
59478,2022,1,2022-03-31,10-Q,90
59478,2022,2,2022-06-30,10-Q,181
59478,2022,3,2022-09-30,10-Q,273
59478,2022,4,2022-12-31,10-K,365
59478,2023,1,2023-03-31,10-Q,90
59478,2023,2,2023-06-30,10-Q,181
59478,2023,3,2023-09-30,10-Q,273
59478,2023,4,2023-12-31,10-K,365
59478,2024,1,2024-03-31,10-Q,91
59478,2024,2,2024-06-30,10-Q,182
59478,2024,3,2024-09-30,10-Q,274
59478,2024,4,2024-12-31,10-K,366
60667,2012,4,2012-02-03,10-K,380
60667,2013,1,2012-05-04,10-Q,91
60667,2013,2,2012-08-03,10-Q,182
60667,2013,3,2012-11-02,10-Q,273
60667,2013,4,2013-02-01,10-K,364
60667,2014,1,2013-05-03,10-Q,91
60667,2014,2,2013-08-02,10-Q,182
60667,2014,3,2013-11-01,10-Q,273
60667,2014,4,2014-01-31,10-K,364
60667,2015,1,2014-05-02,10-Q,91
60667,2015,2,2014-08-01,10-Q,182
60667,2015,3,2014-10-31,10-Q,273
60667,2015,4,2015-01-30,10-K,364
60667,2016,1,2015-05-01,10-Q,91
60667,2016,2,2015-07-31,10-Q,182
60667,2016,3,2015-10-30,10-Q,273
60667,2016,4,2016-01-29,10-K,364
60667,2017,1,2016-04-29,10-Q,91
60667,2017,2,2016-07-29,10-Q,182
60667,2017,3,2016-10-28,10-Q,273
60667,2017,4,2017-02-03,10-K,371
60667,2018,1,2017-05-05,10-Q,91
60667,2018,2,2017-08-04,10-Q,182
60667,2018,3,2017-11-03,10-Q,273
60667,2018,4,2018-02-02,10-K,364
60667,2019,1,2018-05-04,10-Q,91
60667,2019,2,2018-08-03,10-Q,182
60667,2019,3,2018-11-02,10-Q,273
60667,2019,4,2019-02-01,10-K,364
60667,2020,1,2019-05-03,10-Q,91
60667,2020,2,2019-08-02,10-Q,182
60667,2020,3,2019-11-01,10-Q,273
60667,2020,4,2020-01-31,10-K,364
60667,2021,1,2020-05-01,10-Q,91
60667,2021,2,2020-07-31,10-Q,182
60667,2021,3,2020-10-30,10-Q,273
60667,2021,4,2021-01-29,10-K,364
60667,2022,1,2021-04-30,10-Q,91
60667,2022,2,2021-07-30,10-Q,182
60667,2022,3,2021-10-29,10-Q,273
60667,2022,4,2022-01-28,10-K,364
60667,2023,1,2022-04-29,10-Q,91
60667,2023,2,2022-07-29,10-Q,182
60667,2023,3,2022-10-28,10-Q,273
60667,2023,4,2023-02-03,10-K,371
60667,2024,1,2023-05-05,10-Q,91
60667,2024,2,2023-08-04,10-Q,182
60667,2024,3,2023-11-03,10-Q,273
60667,2024,4,2024-02-02,10-K,364
64803,2012,1,2012-03-31,10-Q,105
64803,2012,2,2012-06-30,10-Q,196
64803,2012,3,2012-09-30,10-Q,288
64803,2012,4,2012-12-31,10-K,380
64803,2013,1,2013-03-31,10-Q,90
64803,2013,2,2013-06-30,10-Q,181
64803,2013,3,2013-09-30,10-Q,273
64803,2013,4,2013-12-31,10-K,365
64803,2014,1,2014-03-31,10-Q,90
64803,2014,2,2014-06-30,10-Q,181
64803,2014,3,2014-09-30,10-Q,273
64803,2014,4,2014-12-31,10-K,365
64803,2015,1,2015-03-31,10-Q,90
64803,2015,2,2015-06-30,10-Q,181
64803,2015,3,2015-09-30,10-Q,273
64803,2015,4,2015-12-31,10-K,365
64803,2016,1,2016-03-31,10-Q,91
64803,2016,2,2016-06-30,10-Q,182
64803,2016,3,2016-09-30,10-Q,274
64803,2016,4,2016-12-31,10-K,366
64803,2017,1,2017-03-31,10-Q,90
64803,2017,2,2017-06-30,10-Q,181
64803,2017,3,2017-09-30,10-Q,273
64803,2017,4,2017-12-31,10-K,365
64803,2018,1,2018-03-31,10-Q,90
64803,2018,2,2018-06-30,10-Q,181
64803,2018,3,2018-09-30,10-Q,273
64803,2018,4,2018-12-31,10-K,365
64803,2019,1,2019-03-31,10-Q,90
64803,2019,2,2019-06-30,10-Q,181
64803,2019,3,2019-09-30,10-Q,273
64803,2019,4,2019-12-31,10-K,365
64803,2020,1,2020-03-31,10-Q,91
64803,2020,2,2020-06-30,10-Q,182
64803,2020,3,2020-09-30,10-Q,274
64803,2020,4,2020-12-31,10-K,366
64803,2021,1,2021-03-31,10-Q,90
64803,2021,2,2021-06-30,10-Q,181
64803,2021,3,2021-09-30,10-Q,273
64803,2021,4,2021-12-31,10-K,365
64803,2022,1,2022-03-31,10-Q,90
64803,2022,2,2022-06-30,10-Q,181
64803,2022,3,2022-09-30,10-Q,273
64803,2022,4,2022-12-31,10-K,365
64803,2023,1,2023-03-31,10-Q,90
64803,2023,2,2023-06-30,10-Q,181
64803,2023,3,2023-09-30,10-Q,273
64803,2023,4,2023-12-31,10-K,365
64803,2024,1,2024-03-31,10-Q,91
64803,2024,2,2024-06-30,10-Q,182
64803,2024,3,2024-09-30,10-Q,274
64803,2024,4,2024-12-31,10-K,366
70858,2012,1,2012-03-31,10-Q,105
70858,2012,2,2012-06-30,10-Q,196
70858,2012,3,2012-09-30,10-Q,288
70858,2012,4,2012-12-31,10-K,380
70858,2013,1,2013-03-31,10-Q,90
70858,2013,2,2013-06-30,10-Q,181
70858,2013,3,2013-09-30,10-Q,273
70858,2013,4,2013-12-31,10-K,365
70858,2014,1,2014-03-31,10-Q,90
70858,2014,2,2014-06-30,10-Q,181
70858,2014,3,2014-09-30,10-Q,273
70858,2014,4,2014-12-31,10-K,365
70858,2015,1,2015-03-31,10-Q,90
70858,2015,2,2015-06-30,10-Q,181
70858,2015,3,2015-09-30,10-Q,273
70858,2015,4,2015-12-31,10-K,365
70858,2016,1,2016-03-31,10-Q,91
70858,2016,2,2016-06-30,10-Q,182
70858,2016,3,2016-09-30,10-Q,274
70858,2016,4,2016-12-31,10-K,366
70858,2017,1,2017-03-31,10-Q,90
70858,2017,2,2017-06-30,10-Q,181
70858,2017,3,2017-09-30,10-Q,273
70858,2017,4,2017-12-31,10-K,365
70858,2018,1,2018-03-31,10-Q,90
70858,2018,2,2018-06-30,10-Q,181
70858,2018,3,2018-09-30,10-Q,273
70858,2018,4,2018-12-31,10-K,365
70858,2019,1,2019-03-31,10-Q,90
70858,2019,2,2019-06-30,10-Q,181
70858,2019,3,2019-09-30,10-Q,273
70858,2019,4,2019-12-31,10-K,365
70858,2020,1,2020-03-31,10-Q,91
70858,2020,2,2020-06-30,10-Q,182
70858,2020,3,2020-09-30,10-Q,274
70858,2020,4,2020-12-31,10-K,366
70858,2021,1,2021-03-31,10-Q,90
70858,2021,2,2021-06-30,10-Q,181
70858,2021,3,2021-09-30,10-Q,273
70858,2021,4,2021-12-31,10-K,365
70858,2022,1,2022-03-31,10-Q,90
70858,2022,2,2022-06-30,10-Q,181
70858,2022,3,2022-09-30,10-Q,273
70858,2022,4,2022-12-31,10-K,365
70858,2023,1,2023-03-31,10-Q,90
70858,2023,2,2023-06-30,10-Q,181
70858,2023,3,2023-09-30,10-Q,273
70858,2023,4,2023-12-31,10-K,365
70858,2024,1,2024-03-31,10-Q,91
70858,2024,2,2024-06-30,10-Q,182
70858,2024,3,2024-09-30,10-Q,274
70858,2024,4,2024-12-31,10-K,366
73309,2012,1,2012-03-31,10-Q,105
73309,2012,2,2012-06-30,10-Q,196
73309,2012,3,2012-09-29,10-Q,287
73309,2012,4,2012-12-31,10-K,380
73309,2013,1,2013-03-30,10-Q,89
73309,2013,2,2013-06-29,10-Q,180
73309,2013,3,2013-09-28,10-Q,271
73309,2013,4,2013-12-31,10-K,365
73309,2014,1,2014-04-05,10-Q,95
73309,2014,2,2014-07-05,10-Q,186
73309,2014,3,2014-10-04,10-Q,277
73309,2014,4,2014-12-31,10-K,365
73309,2015,1,2015-04-04,10-Q,94
73309,2015,2,2015-07-04,10-Q,185
73309,2015,3,2015-10-03,10-Q,276
73309,2015,4,2015-12-31,10-K,365
73309,2016,1,2016-04-02,10-Q,93
73309,2016,2,2016-07-02,10-Q,184
73309,2016,3,2016-10-01,10-Q,275
73309,2016,4,2016-12-31,10-K,366
73309,2017,1,2017-04-01,10-Q,91
73309,2017,2,2017-07-01,10-Q,182
73309,2017,3,2017-09-30,10-Q,273
73309,2017,4,2017-12-31,10-K,365
73309,2018,1,2018-03-31,10-Q,90
73309,2018,2,2018-06-30,10-Q,181
73309,2018,3,2018-09-29,10-Q,272
73309,2018,4,2018-12-31,10-K,365
73309,2019,1,2019-03-30,10-Q,89
73309,2019,2,2019-06-29,10-Q,180
73309,2019,3,2019-09-28,10-Q,271
73309,2019,4,2019-12-31,10-K,365
73309,2020,1,2020-04-04,10-Q,95
73309,2020,2,2020-07-04,10-Q,186
73309,2020,3,2020-10-03,10-Q,277
73309,2020,4,2020-12-31,10-K,366
73309,2021,1,2021-04-03,10-Q,93
73309,2021,2,2021-07-03,10-Q,184
73309,2021,3,2021-10-02,10-Q,275
73309,2021,4,2021-12-31,10-K,365
73309,2022,1,2022-04-02,10-Q,92
73309,2022,2,2022-07-02,10-Q,183
73309,2022,3,2022-10-01,10-Q,274
73309,2022,4,2022-12-31,10-K,365
73309,2023,1,2023-04-01,10-Q,91
73309,2023,2,2023-07-01,10-Q,182
73309,2023,3,2023-09-30,10-Q,273
73309,2023,4,2023-12-31,10-K,365
73309,2024,1,2024-03-30,10-Q,90
73309,2024,2,2024-06-29,10-Q,181
73309,2024,3,2024-09-28,10-Q,272
73309,2024,4,2024-12-31,10-K,366
75362,2012,1,2012-03-31,10-Q,105
75362,2012,2,2012-06-30,10-Q,196
75362,2012,3,2012-09-30,10-Q,288
75362,2012,4,2012-12-31,10-K,380
75362,2013,1,2013-03-31,10-Q,90
75362,2013,2,2013-06-30,10-Q,181
75362,2013,3,2013-09-30,10-Q,273
75362,2013,4,2013-12-31,10-K,365
75362,2014,1,2014-03-31,10-Q,90
75362,2014,2,2014-06-30,10-Q,181
75362,2014,3,2014-09-30,10-Q,273
75362,2014,4,2014-12-31,10-K,365
75362,2015,1,2015-03-31,10-Q,90
75362,2015,2,2015-06-30,10-Q,181
75362,2015,3,2015-09-30,10-Q,273
75362,2015,4,2015-12-31,10-K,365
75362,2016,1,2016-03-31,10-Q,91
75362,2016,2,2016-06-30,10-Q,182
75362,2016,3,2016-09-30,10-Q,274
75362,2016,4,2016-12-31,10-K,366
75362,2017,1,2017-03-31,10-Q,90
75362,2017,2,2017-06-30,10-Q,181
75362,2017,3,2017-09-30,10-Q,273
75362,2017,4,2017-12-31,10-K,365
75362,2018,1,2018-03-31,10-Q,90
75362,2018,2,2018-06-30,10-Q,181
75362,2018,3,2018-09-30,10-Q,273
75362,2018,4,2018-12-31,10-K,365
75362,2019,1,2019-03-31,10-Q,90
75362,2019,2,2019-06-30,10-Q,181
75362,2019,3,2019-09-30,10-Q,273
75362,2019,4,2019-12-31,10-K,365
75362,2020,1,2020-03-31,10-Q,91
75362,2020,2,2020-06-30,10-Q,182
75362,2020,3,2020-09-30,10-Q,274
75362,2020,4,2020-12-31,10-K,366
75362,2021,1,2021-03-31,10-Q,90
75362,2021,2,2021-06-30,10-Q,181
75362,2021,3,2021-09-30,10-Q,273
75362,2021,4,2021-12-31,10-K,365
75362,2022,1,2022-03-31,10-Q,90
75362,2022,2,2022-06-30,10-Q,181
75362,2022,3,2022-09-30,10-Q,273
75362,2022,4,2022-12-31,10-K,365
75362,2023,1,2023-03-31,10-Q,90
75362,2023,2,2023-06-30,10-Q,181
75362,2023,3,2023-09-30,10-Q,273
75362,2023,4,2023-12-31,10-K,365
75362,2024,1,2024-03-31,10-Q,91
75362,2024,2,2024-06-30,10-Q,182
75362,2024,3,2024-09-30,10-Q,274
75362,2024,4,2024-12-31,10-K,366
77476,2012,1,2012-03-24,10-Q,100
77476,2012,2,2012-06-16,10-Q,184
77476,2012,3,2012-09-08,10-Q,268
77476,2012,4,2012-12-29,10-K,380
77476,2013,1,2013-03-23,10-Q,84
77476,2013,2,2013-06-15,10-Q,168
77476,2013,3,2013-09-07,10-Q,252
77476,2013,4,2013-12-28,10-K,364
77476,2014,1,2014-03-22,10-Q,84
77476,2014,2,2014-06-14,10-Q,168
77476,2014,3,2014-09-06,10-Q,252
77476,2014,4,2014-12-27,10-K,364
77476,2015,1,2015-03-21,10-Q,84
77476,2015,2,2015-06-13,10-Q,168
77476,2015,3,2015-09-05,10-Q,252
77476,2015,4,2015-12-26,10-K,364
77476,2016,1,2016-03-19,10-Q,84
77476,2016,2,2016-06-11,10-Q,168
77476,2016,3,2016-09-03,10-Q,252
77476,2016,4,2016-12-31,10-K,371
77476,2017,1,2017-03-25,10-Q,84
77476,2017,2,2017-06-17,10-Q,168
77476,2017,3,2017-09-09,10-Q,252
77476,2017,4,2017-12-30,10-K,364
77476,2018,1,2018-03-24,10-Q,84
77476,2018,2,2018-06-16,10-Q,168
77476,2018,3,2018-09-08,10-Q,252
77476,2018,4,2018-12-29,10-K,364
77476,2019,1,2019-03-23,10-Q,84
77476,2019,2,2019-06-15,10-Q,168
77476,2019,3,2019-09-07,10-Q,252
77476,2019,4,2019-12-28,10-K,364
77476,2020,1,2020-03-21,10-Q,84
77476,2020,2,2020-06-13,10-Q,168
77476,2020,3,2020-09-05,10-Q,252
77476,2020,4,2020-12-26,10-K,364
77476,2021,1,2021-03-20,10-Q,84
77476,2021,2,2021-06-12,10-Q,168
77476,2021,3,2021-09-04,10-Q,252
77476,2021,4,2021-12-25,10-K,364
77476,2022,1,2022-03-19,10-Q,84
77476,2022,2,2022-06-11,10-Q,168
77476,2022,3,2022-09-03,10-Q,252
77476,2022,4,2022-12-31,10-K,371
77476,2023,1,2023-03-25,10-Q,84
77476,2023,2,2023-06-17,10-Q,168
77476,2023,3,2023-09-09,10-Q,252
77476,2023,4,2023-12-30,10-K,364
77476,2024,1,2024-03-23,10-Q,84
77476,2024,2,2024-06-15,10-Q,168
77476,2024,3,2024-09-07,10-Q,252
77476,2024,4,2024-12-28,10-K,364
78003,2012,1,2012-04-01,10-Q,106
78003,2012,2,2012-07-01,10-Q,197
78003,2012,3,2012-09-30,10-Q,288
78003,2012,4,2012-12-31,10-K,380
78003,2013,1,2013-03-31,10-Q,90
78003,2013,2,2013-06-30,10-Q,181
78003,2013,3,2013-09-29,10-Q,272
78003,2013,4,2013-12-31,10-K,365
78003,2014,1,2014-03-30,10-Q,89
78003,2014,2,2014-06-29,10-Q,180
78003,2014,3,2014-09-28,10-Q,271
78003,2014,4,2014-12-31,10-K,365
78003,2015,1,2015-03-29,10-Q,88
78003,2015,2,2015-06-28,10-Q,179
78003,2015,3,2015-09-27,10-Q,270
78003,2015,4,2015-12-31,10-K,365
78003,2016,1,2016-04-03,10-Q,94
78003,2016,2,2016-07-03,10-Q,185
78003,2016,3,2016-10-02,10-Q,276
78003,2016,4,2016-12-31,10-K,366
78003,2017,1,2017-04-02,10-Q,92
78003,2017,2,2017-07-02,10-Q,183
78003,2017,3,2017-10-01,10-Q,274
78003,2017,4,2017-12-31,10-K,365
78003,2018,1,2018-04-01,10-Q,91
78003,2018,2,2018-07-01,10-Q,182
78003,2018,3,2018-09-30,10-Q,273
78003,2018,4,2018-12-31,10-K,365
78003,2019,1,2019-03-31,10-Q,90
78003,2019,2,2019-06-30,10-Q,181
78003,2019,3,2019-09-29,10-Q,272
78003,2019,4,2019-12-31,10-K,365
78003,2020,1,2020-03-29,10-Q,89
78003,2020,2,2020-06-28,10-Q,180
78003,2020,3,2020-09-27,10-Q,271
78003,2020,4,2020-12-31,10-K,366
78003,2021,1,2021-04-04,10-Q,94
78003,2021,2,2021-07-04,10-Q,185
78003,2021,3,2021-10-03,10-Q,276
78003,2021,4,2021-12-31,10-K,365
78003,2022,1,2022-04-03,10-Q,93
78003,2022,2,2022-07-03,10-Q,184
78003,2022,3,2022-10-02,10-Q,275
78003,2022,4,2022-12-31,10-K,365
78003,2023,1,2023-04-02,10-Q,92
78003,2023,2,2023-07-02,10-Q,183
78003,2023,3,2023-10-01,10-Q,274
78003,2023,4,2023-12-31,10-K,365
78003,2024,1,2024-03-31,10-Q,91
78003,2024,2,2024-06-30,10-Q,182
78003,2024,3,2024-09-29,10-Q,273
78003,2024,4,2024-12-31,10-K,366
80424,2012,3,2012-03-31,10-Q,289
80424,2012,4,2012-06-30,10-K,380
80424,2013,1,2012-09-30,10-Q,92
80424,2013,2,2012-12-31,10-Q,184
80424,2013,3,2013-03-31,10-Q,274
80424,2013,4,2013-06-30,10-K,365
80424,2014,1,2013-09-30,10-Q,92
80424,2014,2,2013-12-31,10-Q,184
80424,2014,3,2014-03-31,10-Q,274
80424,2014,4,2014-06-30,10-K,365
80424,2015,1,2014-09-30,10-Q,92
80424,2015,2,2014-12-31,10-Q,184
80424,2015,3,2015-03-31,10-Q,274
80424,2015,4,2015-06-30,10-K,365
80424,2016,1,2015-09-30,10-Q,92
80424,2016,2,2015-12-31,10-Q,184
80424,2016,3,2016-03-31,10-Q,275
80424,2016,4,2016-06-30,10-K,366
80424,2017,1,2016-09-30,10-Q,92
80424,2017,2,2016-12-31,10-Q,184
80424,2017,3,2017-03-31,10-Q,274
80424,2017,4,2017-06-30,10-K,365
80424,2018,1,2017-09-30,10-Q,92
80424,2018,2,2017-12-31,10-Q,184
80424,2018,3,2018-03-31,10-Q,274
80424,2018,4,2018-06-30,10-K,365
80424,2019,1,2018-09-30,10-Q,92
80424,2019,2,2018-12-31,10-Q,184
80424,2019,3,2019-03-31,10-Q,274
80424,2019,4,2019-06-30,10-K,365
80424,2020,1,2019-09-30,10-Q,92
80424,2020,2,2019-12-31,10-Q,184
80424,2020,3,2020-03-31,10-Q,275
80424,2020,4,2020-06-30,10-K,366
80424,2021,1,2020-09-30,10-Q,92
80424,2021,2,2020-12-31,10-Q,184
80424,2021,3,2021-03-31,10-Q,274
80424,2021,4,2021-06-30,10-K,365
80424,2022,1,2021-09-30,10-Q,92
80424,2022,2,2021-12-31,10-Q,184
80424,2022,3,2022-03-31,10-Q,274
80424,2022,4,2022-06-30,10-K,365
80424,2023,1,2022-09-30,10-Q,92
80424,2023,2,2022-12-31,10-Q,184
80424,2023,3,2023-03-31,10-Q,274
80424,2023,4,2023-06-30,10-K,365
80424,2024,1,2023-09-30,10-Q,92
80424,2024,2,2023-12-31,10-Q,184
80424,2024,3,2024-03-31,10-Q,275
80424,2024,4,2024-06-30,10-K,366
80661,2012,1,2012-03-31,10-Q,105
80661,2012,2,2012-06-30,10-Q,196
80661,2012,3,2012-09-30,10-Q,288
80661,2012,4,2012-12-31,10-K,380
80661,2013,1,2013-03-31,10-Q,90
80661,2013,2,2013-06-30,10-Q,181
80661,2013,3,2013-09-30,10-Q,273
80661,2013,4,2013-12-31,10-K,365
80661,2014,1,2014-03-31,10-Q,90
80661,2014,2,2014-06-30,10-Q,181
80661,2014,3,2014-09-30,10-Q,273
80661,2014,4,2014-12-31,10-K,365
80661,2015,1,2015-03-31,10-Q,90
80661,2015,2,2015-06-30,10-Q,181
80661,2015,3,2015-09-30,10-Q,273
80661,2015,4,2015-12-31,10-K,365
80661,2016,1,2016-03-31,10-Q,91
80661,2016,2,2016-06-30,10-Q,182
80661,2016,3,2016-09-30,10-Q,274
80661,2016,4,2016-12-31,10-K,366
80661,2017,1,2017-03-31,10-Q,90
80661,2017,2,2017-06-30,10-Q,181
80661,2017,3,2017-09-30,10-Q,273
80661,2017,4,2017-12-31,10-K,365
80661,2018,1,2018-03-31,10-Q,90
80661,2018,2,2018-06-30,10-Q,181
80661,2018,3,2018-09-30,10-Q,273
80661,2018,4,2018-12-31,10-K,365
80661,2019,1,2019-03-31,10-Q,90
80661,2019,2,2019-06-30,10-Q,181
80661,2019,3,2019-09-30,10-Q,273
80661,2019,4,2019-12-31,10-K,365
80661,2020,1,2020-03-31,10-Q,91
80661,2020,2,2020-06-30,10-Q,182
80661,2020,3,2020-09-30,10-Q,274
80661,2020,4,2020-12-31,10-K,366
80661,2021,1,2021-03-31,10-Q,90
80661,2021,2,2021-06-30,10-Q,181
80661,2021,3,2021-09-30,10-Q,273
80661,2021,4,2021-12-31,10-K,365
80661,2022,1,2022-03-31,10-Q,90
80661,2022,2,2022-06-30,10-Q,181
80661,2022,3,2022-09-30,10-Q,273
80661,2022,4,2022-12-31,10-K,365
80661,2023,1,2023-03-31,10-Q,90
80661,2023,2,2023-06-30,10-Q,181
80661,2023,3,2023-09-30,10-Q,273
80661,2023,4,2023-12-31,10-K,365
80661,2024,1,2024-03-31,10-Q,91
80661,2024,2,2024-06-30,10-Q,182
80661,2024,3,2024-09-30,10-Q,274
80661,2024,4,2024-12-31,10-K,366
81061,2012,1,2012-03-31,10-Q,107
81061,2012,2,2012-06-30,10-Q,198
81061,2012,3,2012-09-29,10-Q,289
81061,2012,4,2012-12-29,10-K,380
81061,2013,1,2013-03-30,10-Q,91
81061,2013,2,2013-06-29,10-Q,182
81061,2013,3,2013-09-28,10-Q,273
81061,2013,4,2013-12-31,10-K,367
81061,2014,1,2014-03-29,10-Q,88
81061,2014,2,2014-06-28,10-Q,179
81061,2014,3,2014-09-27,10-Q,270
81061,2014,4,2014-12-27,10-K,361
81061,2015,1,2015-03-28,10-Q,91
81061,2015,2,2015-06-27,10-Q,182
81061,2015,3,2015-09-26,10-Q,273
81061,2015,4,2015-12-26,10-K,364
81061,2016,1,2016-03-26,10-Q,91
81061,2016,2,2016-06-25,10-Q,182
81061,2016,3,2016-09-24,10-Q,273
81061,2016,4,2016-12-31,10-K,371
81061,2017,1,2017-04-01,10-Q,91
81061,2017,2,2017-07-01,10-Q,182
81061,2017,3,2017-09-30,10-Q,273
81061,2017,4,2017-12-30,10-K,364
81061,2018,1,2018-03-31,10-Q,91
81061,2018,2,2018-06-30,10-Q,182
81061,2018,3,2018-09-29,10-Q,273
81061,2018,4,2018-12-29,10-K,364
81061,2019,1,2019-03-30,10-Q,91
81061,2019,2,2019-06-29,10-Q,182
81061,2019,3,2019-09-28,10-Q,273
81061,2019,4,2019-12-28,10-K,364
81061,2020,1,2020-03-28,10-Q,91
81061,2020,2,2020-06-27,10-Q,182
81061,2020,3,2020-09-26,10-Q,273
81061,2020,4,2020-12-26,10-K,364
81061,2021,1,2021-03-27,10-Q,91
81061,2021,2,2021-06-26,10-Q,182
81061,2021,3,2021-09-25,10-Q,273
81061,2021,4,2021-12-25,10-K,364
81061,2022,1,2022-03-26,10-Q,91
81061,2022,2,2022-06-25,10-Q,182
81061,2022,3,2022-09-24,10-Q,273
81061,2022,4,2022-12-31,10-K,371
81061,2023,1,2023-04-01,10-Q,91
81061,2023,2,2023-07-01,10-Q,182
81061,2023,3,2023-09-30,10-Q,273
81061,2023,4,2023-12-30,10-K,364
81061,2024,1,2024-03-30,10-Q,91
81061,2024,2,2024-06-29,10-Q,182
81061,2024,3,2024-09-28,10-Q,273
81061,2024,4,2024-12-28,10-K,364
86312,2012,1,2012-03-31,10-Q,105
86312,2012,2,2012-06-30,10-Q,196
86312,2012,3,2012-09-30,10-Q,288
86312,2012,4,2012-12-31,10-K,380
86312,2013,1,2013-03-31,10-Q,90
86312,2013,2,2013-06-30,10-Q,181
86312,2013,3,2013-09-30,10-Q,273
86312,2013,4,2013-12-31,10-K,365
86312,2014,1,2014-03-31,10-Q,90
86312,2014,2,2014-06-30,10-Q,181
86312,2014,3,2014-09-30,10-Q,273
86312,2014,4,2014-12-31,10-K,365
86312,2015,1,2015-03-31,10-Q,90
86312,2015,2,2015-06-30,10-Q,181
86312,2015,3,2015-09-30,10-Q,273
86312,2015,4,2015-12-31,10-K,365
86312,2016,1,2016-03-31,10-Q,91
86312,2016,2,2016-06-30,10-Q,182
86312,2016,3,2016-09-30,10-Q,274
86312,2016,4,2016-12-31,10-K,366
86312,2017,1,2017-03-31,10-Q,90
86312,2017,2,2017-06-30,10-Q,181
86312,2017,3,2017-09-30,10-Q,273
86312,2017,4,2017-12-31,10-K,365
86312,2018,1,2018-03-31,10-Q,90
86312,2018,2,2018-06-30,10-Q,181
86312,2018,3,2018-09-30,10-Q,273
86312,2018,4,2018-12-31,10-K,365
86312,2019,1,2019-03-31,10-Q,90
86312,2019,2,2019-06-30,10-Q,181
86312,2019,3,2019-09-30,10-Q,273
86312,2019,4,2019-12-31,10-K,365
86312,2020,1,2020-03-31,10-Q,91
86312,2020,2,2020-06-30,10-Q,182
86312,2020,3,2020-09-30,10-Q,274
86312,2020,4,2020-12-31,10-K,366
86312,2021,1,2021-03-31,10-Q,90
86312,2021,2,2021-06-30,10-Q,181
86312,2021,3,2021-09-30,10-Q,273
86312,2021,4,2021-12-31,10-K,365
86312,2022,1,2022-03-31,10-Q,90
86312,2022,2,2022-06-30,10-Q,181
86312,2022,3,2022-09-30,10-Q,273
86312,2022,4,2022-12-31,10-K,365
86312,2023,1,2023-03-31,10-Q,90
86312,2023,2,2023-06-30,10-Q,181
86312,2023,3,2023-09-30,10-Q,273
86312,2023,4,2023-12-31,10-K,365
86312,2024,1,2024-03-31,10-Q,91
86312,2024,2,2024-06-30,10-Q,182
86312,2024,3,2024-09-30,10-Q,274
86312,2024,4,2024-12-31,10-K,366
87347,2012,1,2012-03-31,10-Q,105
87347,2012,2,2012-06-30,10-Q,196
87347,2012,3,2012-09-30,10-Q,288
87347,2012,4,2012-12-31,10-K,380
87347,2013,1,2013-03-31,10-Q,90
87347,2013,2,2013-06-30,10-Q,181
87347,2013,3,2013-09-30,10-Q,273
87347,2013,4,2013-12-31,10-K,365
87347,2014,1,2014-03-31,10-Q,90
87347,2014,2,2014-06-30,10-Q,181
87347,2014,3,2014-09-30,10-Q,273
87347,2014,4,2014-12-31,10-K,365
87347,2015,1,2015-03-31,10-Q,90
87347,2015,2,2015-06-30,10-Q,181
87347,2015,3,2015-09-30,10-Q,273
87347,2015,4,2015-12-31,10-K,365
87347,2016,1,2016-03-31,10-Q,91
87347,2016,2,2016-06-30,10-Q,182
87347,2016,3,2016-09-30,10-Q,274
87347,2016,4,2016-12-31,10-K,366
87347,2017,1,2017-03-31,10-Q,90
87347,2017,2,2017-06-30,10-Q,181
87347,2017,3,2017-09-30,10-Q,273
87347,2017,4,2017-12-31,10-K,365
87347,2018,1,2018-03-31,10-Q,90
87347,2018,2,2018-06-30,10-Q,181
87347,2018,3,2018-09-30,10-Q,273
87347,2018,4,2018-12-31,10-K,365
87347,2019,1,2019-03-31,10-Q,90
87347,2019,2,2019-06-30,10-Q,181
87347,2019,3,2019-09-30,10-Q,273
87347,2019,4,2019-12-31,10-K,365
87347,2020,1,2020-03-31,10-Q,91
87347,2020,2,2020-06-30,10-Q,182
87347,2020,3,2020-09-30,10-Q,274
87347,2020,4,2020-12-31,10-K,366
87347,2021,1,2021-03-31,10-Q,90
87347,2021,2,2021-06-30,10-Q,181
87347,2021,3,2021-09-30,10-Q,273
87347,2021,4,2021-12-31,10-K,365
87347,2022,1,2022-03-31,10-Q,90
87347,2022,2,2022-06-30,10-Q,181
87347,2022,3,2022-09-30,10-Q,273
87347,2022,4,2022-12-31,10-K,365
87347,2023,1,2023-03-31,10-Q,90
87347,2023,2,2023-06-30,10-Q,181
87347,2023,3,2023-09-30,10-Q,273
87347,2023,4,2023-12-31,10-K,365
87347,2024,1,2024-03-31,10-Q,91
87347,2024,2,2024-06-30,10-Q,182
87347,2024,3,2024-09-30,10-Q,274
87347,2024,4,2024-12-31,10-K,366
92380,2012,1,2012-03-31,10-Q,105
92380,2012,2,2012-06-30,10-Q,196
92380,2012,3,2012-09-30,10-Q,288
92380,2012,4,2012-12-31,10-K,380
92380,2013,1,2013-03-31,10-Q,90
92380,2013,2,2013-06-30,10-Q,181
92380,2013,3,2013-09-30,10-Q,273
92380,2013,4,2013-12-31,10-K,365
92380,2014,1,2014-03-31,10-Q,90
92380,2014,2,2014-06-30,10-Q,181
92380,2014,3,2014-09-30,10-Q,273
92380,2014,4,2014-12-31,10-K,365
92380,2015,1,2015-03-31,10-Q,90
92380,2015,2,2015-06-30,10-Q,181
92380,2015,3,2015-09-30,10-Q,273
92380,2015,4,2015-12-31,10-K,365
92380,2016,1,2016-03-31,10-Q,91
92380,2016,2,2016-06-30,10-Q,182
92380,2016,3,2016-09-30,10-Q,274
92380,2016,4,2016-12-31,10-K,366
92380,2017,1,2017-03-31,10-Q,90
92380,2017,2,2017-06-30,10-Q,181
92380,2017,3,2017-09-30,10-Q,273
92380,2017,4,2017-12-31,10-K,365
92380,2018,1,2018-03-31,10-Q,90
92380,2018,2,2018-06-30,10-Q,181
92380,2018,3,2018-09-30,10-Q,273
92380,2018,4,2018-12-31,10-K,365
92380,2019,1,2019-03-31,10-Q,90
92380,2019,2,2019-06-30,10-Q,181
92380,2019,3,2019-09-30,10-Q,273
92380,2019,4,2019-12-31,10-K,365
92380,2020,1,2020-03-31,10-Q,91
92380,2020,2,2020-06-30,10-Q,182
92380,2020,3,2020-09-30,10-Q,274
92380,2020,4,2020-12-31,10-K,366
92380,2021,1,2021-03-31,10-Q,90
92380,2021,2,2021-06-30,10-Q,181
92380,2021,3,2021-09-30,10-Q,273
92380,2021,4,2021-12-31,10-K,365
92380,2022,1,2022-03-31,10-Q,90
92380,2022,2,2022-06-30,10-Q,181
92380,2022,3,2022-09-30,10-Q,273
92380,2022,4,2022-12-31,10-K,365
92380,2023,1,2023-03-31,10-Q,90
92380,2023,2,2023-06-30,10-Q,181
92380,2023,3,2023-09-30,10-Q,273
92380,2023,4,2023-12-31,10-K,365
92380,2024,1,2024-03-31,10-Q,91
92380,2024,2,2024-06-30,10-Q,182
92380,2024,3,2024-09-30,10-Q,274
92380,2024,4,2024-12-31,10-K,366
93410,2012,1,2012-03-31,10-Q,105
93410,2012,2,2012-06-30,10-Q,196
93410,2012,3,2012-09-30,10-Q,288
93410,2012,4,2012-12-31,10-K,380
93410,2013,1,2013-03-31,10-Q,90
93410,2013,2,2013-06-30,10-Q,181
93410,2013,3,2013-09-30,10-Q,273
93410,2013,4,2013-12-31,10-K,365
93410,2014,1,2014-03-31,10-Q,90
93410,2014,2,2014-06-30,10-Q,181
93410,2014,3,2014-09-30,10-Q,273
93410,2014,4,2014-12-31,10-K,365
93410,2015,1,2015-03-31,10-Q,90
93410,2015,2,2015-06-30,10-Q,181
93410,2015,3,2015-09-30,10-Q,273
93410,2015,4,2015-12-31,10-K,365
93410,2016,1,2016-03-31,10-Q,91
93410,2016,2,2016-06-30,10-Q,182
93410,2016,3,2016-09-30,10-Q,274
93410,2016,4,2016-12-31,10-K,366
93410,2017,1,2017-03-31,10-Q,90
93410,2017,2,2017-06-30,10-Q,181
93410,2017,3,2017-09-30,10-Q,273
93410,2017,4,2017-12-31,10-K,365
93410,2018,1,2018-03-31,10-Q,90
93410,2018,2,2018-06-30,10-Q,181
93410,2018,3,2018-09-30,10-Q,273
93410,2018,4,2018-12-31,10-K,365
93410,2019,1,2019-03-31,10-Q,90
93410,2019,2,2019-06-30,10-Q,181
93410,2019,3,2019-09-30,10-Q,273
93410,2019,4,2019-12-31,10-K,365
93410,2020,1,2020-03-31,10-Q,91
93410,2020,2,2020-06-30,10-Q,182
93410,2020,3,2020-09-30,10-Q,274
93410,2020,4,2020-12-31,10-K,366
93410,2021,1,2021-03-31,10-Q,90
93410,2021,2,2021-06-30,10-Q,181
93410,2021,3,2021-09-30,10-Q,273
93410,2021,4,2021-12-31,10-K,365
93410,2022,1,2022-03-31,10-Q,90
93410,2022,2,2022-06-30,10-Q,181
93410,2022,3,2022-09-30,10-Q,273
93410,2022,4,2022-12-31,10-K,365
93410,2023,1,2023-03-31,10-Q,90
93410,2023,2,2023-06-30,10-Q,181
93410,2023,3,2023-09-30,10-Q,273
93410,2023,4,2023-12-31,10-K,365
93410,2024,1,2024-03-31,10-Q,91
93410,2024,2,2024-06-30,10-Q,182
93410,2024,3,2024-09-30,10-Q,274
93410,2024,4,2024-12-31,10-K,366
96021,2012,3,2012-03-31,10-Q,289
96021,2012,4,2012-06-30,10-K,380
96021,2013,1,2012-09-29,10-Q,91
96021,2013,2,2012-12-29,10-Q,182
96021,2013,3,2013-03-30,10-Q,273
96021,2013,4,2013-06-29,10-K,364
96021,2014,1,2013-09-28,10-Q,91
96021,2014,2,2013-12-28,10-Q,182
96021,2014,3,2014-03-29,10-Q,273
96021,2014,4,2014-06-28,10-K,364
96021,2015,1,2014-09-27,10-Q,91
96021,2015,2,2014-12-27,10-Q,182
96021,2015,3,2015-03-28,10-Q,273
96021,2015,4,2015-06-27,10-K,364
96021,2016,1,2015-09-26,10-Q,91
96021,2016,2,2015-12-26,10-Q,182
96021,2016,3,2016-03-26,10-Q,273
96021,2016,4,2016-07-02,10-K,371
96021,2017,1,2016-10-01,10-Q,91
96021,2017,2,2016-12-31,10-Q,182
96021,2017,3,2017-04-01,10-Q,273
96021,2017,4,2017-07-01,10-K,364
96021,2018,1,2017-09-30,10-Q,91
96021,2018,2,2017-12-30,10-Q,182
96021,2018,3,2018-03-31,10-Q,273
96021,2018,4,2018-06-30,10-K,364
96021,2019,1,2018-09-29,10-Q,91
96021,2019,2,2018-12-29,10-Q,182
96021,2019,3,2019-03-30,10-Q,273
96021,2019,4,2019-06-29,10-K,364
96021,2020,1,2019-09-28,10-Q,91
96021,2020,2,2019-12-28,10-Q,182
96021,2020,3,2020-03-28,10-Q,273
96021,2020,4,2020-06-27,10-K,364
96021,2021,1,2020-09-26,10-Q,91
96021,2021,2,2020-12-26,10-Q,182
96021,2021,3,2021-03-27,10-Q,273
96021,2021,4,2021-07-03,10-K,371
96021,2022,1,2021-10-02,10-Q,91
96021,2022,2,2022-01-01,10-Q,182
96021,2022,3,2022-04-02,10-Q,273
96021,2022,4,2022-07-02,10-K,364
96021,2023,1,2022-10-01,10-Q,91
96021,2023,2,2022-12-31,10-Q,182
96021,2023,3,2023-04-01,10-Q,273
96021,2023,4,2023-07-01,10-K,364
96021,2024,1,2023-09-30,10-Q,91
96021,2024,2,2023-12-30,10-Q,182
96021,2024,3,2024-03-30,10-Q,273
96021,2024,4,2024-06-29,10-K,364
97745,2012,1,2012-03-31,10-Q,105
97745,2012,2,2012-06-30,10-Q,196
97745,2012,3,2012-09-29,10-Q,287
97745,2012,4,2012-12-31,10-K,380
97745,2013,1,2013-03-30,10-Q,89
97745,2013,2,2013-06-29,10-Q,180
97745,2013,3,2013-09-28,10-Q,271
97745,2013,4,2013-12-31,10-K,365
97745,2014,1,2014-03-29,10-Q,88
97745,2014,2,2014-06-28,10-Q,179
97745,2014,3,2014-09-27,10-Q,270
97745,2014,4,2014-12-31,10-K,365
97745,2015,1,2015-03-28,10-Q,87
97745,2015,2,2015-06-27,10-Q,178
97745,2015,3,2015-09-26,10-Q,269
97745,2015,4,2015-12-31,10-K,365
97745,2016,1,2016-04-02,10-Q,93
97745,2016,2,2016-07-02,10-Q,184
97745,2016,3,2016-10-01,10-Q,275
97745,2016,4,2016-12-31,10-K,366
97745,2017,1,2017-04-01,10-Q,91
97745,2017,2,2017-07-01,10-Q,182
97745,2017,3,2017-09-30,10-Q,273
97745,2017,4,2017-12-31,10-K,365
97745,2018,1,2018-03-31,10-Q,90
97745,2018,2,2018-06-30,10-Q,181
97745,2018,3,2018-09-29,10-Q,272
97745,2018,4,2018-12-31,10-K,365
97745,2019,1,2019-03-30,10-Q,89
97745,2019,2,2019-06-29,10-Q,180
97745,2019,3,2019-09-28,10-Q,271
97745,2019,4,2019-12-31,10-K,365
97745,2020,1,2020-03-28,10-Q,88
97745,2020,2,2020-06-27,10-Q,179
97745,2020,3,2020-09-26,10-Q,270
97745,2020,4,2020-12-31,10-K,366
97745,2021,1,2021-04-03,10-Q,93
97745,2021,2,2021-07-03,10-Q,184
97745,2021,3,2021-10-02,10-Q,275
97745,2021,4,2021-12-31,10-K,365
97745,2022,1,2022-04-02,10-Q,92
97745,2022,2,2022-07-02,10-Q,183
97745,2022,3,2022-10-01,10-Q,274
97745,2022,4,2022-12-31,10-K,365
97745,2023,1,2023-04-01,10-Q,91
97745,2023,2,2023-07-01,10-Q,182
97745,2023,3,2023-09-30,10-Q,273
97745,2023,4,2023-12-31,10-K,365
97745,2024,1,2024-03-30,10-Q,90
97745,2024,2,2024-06-29,10-Q,181
97745,2024,3,2024-09-28,10-Q,272
97745,2024,4,2024-12-31,10-K,366
100493,2012,2,2012-03-31,10-Q,198
100493,2012,3,2012-06-30,10-Q,289
100493,2012,4,2012-09-29,10-K,380
100493,2013,1,2012-12-29,10-Q,91
100493,2013,2,2013-03-30,10-Q,182
100493,2013,3,2013-06-29,10-Q,273
100493,2013,4,2013-09-28,10-K,364
100493,2014,1,2013-12-28,10-Q,91
100493,2014,2,2014-03-29,10-Q,182
100493,2014,3,2014-06-28,10-Q,273
100493,2014,4,2014-09-27,10-K,364
100493,2015,1,2014-12-27,10-Q,91
100493,2015,2,2015-03-28,10-Q,182
100493,2015,3,2015-06-27,10-Q,273
100493,2015,4,2015-10-03,10-K,371
100493,2016,1,2016-01-02,10-Q,91
100493,2016,2,2016-04-02,10-Q,182
100493,2016,3,2016-07-02,10-Q,273
100493,2016,4,2016-10-01,10-K,364
100493,2017,1,2016-12-31,10-Q,91
100493,2017,2,2017-04-01,10-Q,182
100493,2017,3,2017-07-01,10-Q,273
100493,2017,4,2017-09-30,10-K,364
100493,2018,1,2017-12-30,10-Q,91
100493,2018,2,2018-03-31,10-Q,182
100493,2018,3,2018-06-30,10-Q,273
100493,2018,4,2018-09-29,10-K,364
100493,2019,1,2018-12-29,10-Q,91
100493,2019,2,2019-03-30,10-Q,182
100493,2019,3,2019-06-29,10-Q,273
100493,2019,4,2019-09-28,10-K,364
100493,2020,1,2019-12-28,10-Q,91
100493,2020,2,2020-03-28,10-Q,182
100493,2020,3,2020-06-27,10-Q,273
100493,2020,4,2020-10-03,10-K,371
100493,2021,1,2021-01-02,10-Q,91
100493,2021,2,2021-04-03,10-Q,182
100493,2021,3,2021-07-03,10-Q,273
100493,2021,4,2021-10-02,10-K,364
100493,2022,1,2022-01-01,10-Q,91
100493,2022,2,2022-04-02,10-Q,182
100493,2022,3,2022-07-02,10-Q,273
100493,2022,4,2022-10-01,10-K,364
100493,2023,1,2022-12-31,10-Q,91
100493,2023,2,2023-04-01,10-Q,182
100493,2023,3,2023-07-01,10-Q,273
100493,2023,4,2023-09-30,10-K,364
100493,2024,1,2023-12-30,10-Q,91
100493,2024,2,2024-03-30,10-Q,182
100493,2024,3,2024-06-29,10-Q,273
100493,2024,4,2024-09-28,10-K,364
100517,2012,1,2012-03-31,10-Q,105
100517,2012,2,2012-06-30,10-Q,196
100517,2012,3,2012-09-30,10-Q,288
100517,2012,4,2012-12-31,10-K,380
100517,2013,1,2013-03-31,10-Q,90
100517,2013,2,2013-06-30,10-Q,181
100517,2013,3,2013-09-30,10-Q,273
100517,2013,4,2013-12-31,10-K,365
100517,2014,1,2014-03-31,10-Q,90
100517,2014,2,2014-06-30,10-Q,181
100517,2014,3,2014-09-30,10-Q,273
100517,2014,4,2014-12-31,10-K,365
100517,2015,1,2015-03-31,10-Q,90
100517,2015,2,2015-06-30,10-Q,181
100517,2015,3,2015-09-30,10-Q,273
100517,2015,4,2015-12-31,10-K,365
100517,2016,1,2016-03-31,10-Q,91
100517,2016,2,2016-06-30,10-Q,182
100517,2016,3,2016-09-30,10-Q,274
100517,2016,4,2016-12-31,10-K,366
100517,2017,1,2017-03-31,10-Q,90
100517,2017,2,2017-06-30,10-Q,181
100517,2017,3,2017-09-30,10-Q,273
100517,2017,4,2017-12-31,10-K,365
100517,2018,1,2018-03-31,10-Q,90
100517,2018,2,2018-06-30,10-Q,181
100517,2018,3,2018-09-30,10-Q,273
100517,2018,4,2018-12-31,10-K,365
100517,2019,1,2019-03-31,10-Q,90
100517,2019,2,2019-06-30,10-Q,181
100517,2019,3,2019-09-30,10-Q,273
100517,2019,4,2019-12-31,10-K,365
100517,2020,1,2020-03-31,10-Q,91
100517,2020,2,2020-06-30,10-Q,182
100517,2020,3,2020-09-30,10-Q,274
100517,2020,4,2020-12-31,10-K,366
100517,2021,1,2021-03-31,10-Q,90
100517,2021,2,2021-06-30,10-Q,181
100517,2021,3,2021-09-30,10-Q,273
100517,2021,4,2021-12-31,10-K,365
100517,2022,1,2022-03-31,10-Q,90
100517,2022,2,2022-06-30,10-Q,181
100517,2022,3,2022-09-30,10-Q,273
100517,2022,4,2022-12-31,10-K,365
100517,2023,1,2023-03-31,10-Q,90
100517,2023,2,2023-06-30,10-Q,181
100517,2023,3,2023-09-30,10-Q,273
100517,2023,4,2023-12-31,10-K,365
100517,2024,1,2024-03-31,10-Q,91
100517,2024,2,2024-06-30,10-Q,182
100517,2024,3,2024-09-30,10-Q,274
100517,2024,4,2024-12-31,10-K,366
101829,2012,1,2012-03-31,10-Q,105
101829,2012,2,2012-06-30,10-Q,196
101829,2012,3,2012-09-30,10-Q,288
101829,2012,4,2012-12-31,10-K,380
101829,2013,1,2013-03-31,10-Q,90
101829,2013,2,2013-06-30,10-Q,181
101829,2013,3,2013-09-30,10-Q,273
101829,2013,4,2013-12-31,10-K,365
101829,2014,1,2014-03-31,10-Q,90
101829,2014,2,2014-06-30,10-Q,181
101829,2014,3,2014-09-30,10-Q,273
101829,2014,4,2014-12-31,10-K,365
101829,2015,1,2015-03-31,10-Q,90
101829,2015,2,2015-06-30,10-Q,181
101829,2015,3,2015-09-30,10-Q,273
101829,2015,4,2015-12-31,10-K,365
101829,2016,1,2016-03-31,10-Q,91
101829,2016,2,2016-06-30,10-Q,182
101829,2016,3,2016-09-30,10-Q,274
101829,2016,4,2016-12-31,10-K,366
101829,2017,1,2017-03-31,10-Q,90
101829,2017,2,2017-06-30,10-Q,181
101829,2017,3,2017-09-30,10-Q,273
101829,2017,4,2017-12-31,10-K,365
101829,2018,1,2018-03-31,10-Q,90
101829,2018,2,2018-06-30,10-Q,181
101829,2018,3,2018-09-30,10-Q,273
101829,2018,4,2018-12-31,10-K,365
101829,2019,1,2019-03-31,10-Q,90
101829,2019,2,2019-06-30,10-Q,181
101829,2019,3,2019-09-30,10-Q,273
101829,2019,4,2019-12-31,10-K,365
101829,2020,1,2020-03-31,10-Q,91
101829,2020,2,2020-06-30,10-Q,182
101829,2020,3,2020-09-30,10-Q,274
101829,2020,4,2020-12-31,10-K,366
101829,2021,1,2021-03-31,10-Q,90
101829,2021,2,2021-06-30,10-Q,181
101829,2021,3,2021-09-30,10-Q,273
101829,2021,4,2021-12-31,10-K,365
101829,2022,1,2022-03-31,10-Q,90
101829,2022,2,2022-06-30,10-Q,181
101829,2022,3,2022-09-30,10-Q,273
101829,2022,4,2022-12-31,10-K,365
101829,2023,1,2023-03-31,10-Q,90
101829,2023,2,2023-06-30,10-Q,181
101829,2023,3,2023-09-30,10-Q,273
101829,2023,4,2023-12-31,10-K,365
101829,2024,1,2024-03-31,10-Q,91
101829,2024,2,2024-06-30,10-Q,182
101829,2024,3,2024-09-30,10-Q,274
101829,2024,4,2024-12-31,10-K,366
104169,2012,4,2012-01-31,10-K,380
104169,2013,1,2012-04-30,10-Q,90
104169,2013,2,2012-07-31,10-Q,182
104169,2013,3,2012-10-31,10-Q,274
104169,2013,4,2013-01-31,10-K,366
104169,2014,1,2013-04-30,10-Q,89
104169,2014,2,2013-07-31,10-Q,181
104169,2014,3,2013-10-31,10-Q,273
104169,2014,4,2014-01-31,10-K,365
104169,2015,1,2014-04-30,10-Q,89
104169,2015,2,2014-07-31,10-Q,181
104169,2015,3,2014-10-31,10-Q,273
104169,2015,4,2015-01-31,10-K,365
104169,2016,1,2015-04-30,10-Q,89
104169,2016,2,2015-07-31,10-Q,181
104169,2016,3,2015-10-31,10-Q,273
104169,2016,4,2016-01-31,10-K,365
104169,2017,1,2016-04-30,10-Q,90
104169,2017,2,2016-07-31,10-Q,182
104169,2017,3,2016-10-31,10-Q,274
104169,2017,4,2017-01-31,10-K,366
104169,2018,1,2017-04-30,10-Q,89
104169,2018,2,2017-07-31,10-Q,181
104169,2018,3,2017-10-31,10-Q,273
104169,2018,4,2018-01-31,10-K,365
104169,2019,1,2018-04-30,10-Q,89
104169,2019,2,2018-07-31,10-Q,181
104169,2019,3,2018-10-31,10-Q,273
104169,2019,4,2019-01-31,10-K,365
104169,2020,1,2019-04-30,10-Q,89
104169,2020,2,2019-07-31,10-Q,181
104169,2020,3,2019-10-31,10-Q,273
104169,2020,4,2020-01-31,10-K,365
104169,2021,1,2020-04-30,10-Q,90
104169,2021,2,2020-07-31,10-Q,182
104169,2021,3,2020-10-31,10-Q,274
104169,2021,4,2021-01-31,10-K,366
104169,2022,1,2021-04-30,10-Q,89
104169,2022,2,2021-07-31,10-Q,181
104169,2022,3,2021-10-31,10-Q,273
104169,2022,4,2022-01-31,10-K,365
104169,2023,1,2022-04-30,10-Q,89
104169,2023,2,2022-07-31,10-Q,181
104169,2023,3,2022-10-31,10-Q,273
104169,2023,4,2023-01-31,10-K,365
104169,2024,1,2023-04-30,10-Q,89
104169,2024,2,2023-07-31,10-Q,181
104169,2024,3,2023-10-31,10-Q,273
104169,2024,4,2024-01-31,10-K,365
200406,2012,4,2012-01-01,10-K,380
200406,2012,1,2012-04-01,10-Q,91
200406,2012,2,2012-07-01,10-Q,182
200406,2012,3,2012-09-30,10-Q,273
200406,2012,4,2012-12-30,10-K,364
200406,2013,1,2013-03-31,10-Q,91
200406,2013,2,2013-06-30,10-Q,182
200406,2013,3,2013-09-29,10-Q,273
200406,2013,4,2013-12-29,10-K,364
200406,2014,1,2014-03-30,10-Q,91
200406,2014,2,2014-06-29,10-Q,182
200406,2014,3,2014-09-28,10-Q,273
200406,2014,4,2014-12-28,10-K,364
200406,2016,1,2015-03-29,10-Q,91
200406,2016,2,2015-06-28,10-Q,182
200406,2016,3,2015-09-27,10-Q,273
200406,2016,4,2016-01-03,10-K,371
200406,2017,1,2016-04-03,10-Q,91
200406,2017,2,2016-07-03,10-Q,182
200406,2017,3,2016-10-02,10-Q,273
200406,2017,4,2017-01-01,10-K,364
200406,2017,1,2017-04-02,10-Q,91
200406,2017,2,2017-07-02,10-Q,182
200406,2017,3,2017-10-01,10-Q,273
200406,2017,4,2017-12-31,10-K,364
200406,2018,1,2018-04-01,10-Q,91
200406,2018,2,2018-07-01,10-Q,182
200406,2018,3,2018-09-30,10-Q,273
200406,2018,4,2018-12-30,10-K,364
200406,2019,1,2019-03-31,10-Q,91
200406,2019,2,2019-06-30,10-Q,182
200406,2019,3,2019-09-29,10-Q,273
200406,2019,4,2019-12-29,10-K,364
200406,2021,1,2020-03-29,10-Q,91
200406,2021,2,2020-06-28,10-Q,182
200406,2021,3,2020-09-27,10-Q,273
200406,2021,4,2021-01-03,10-K,371
200406,2022,1,2021-04-04,10-Q,91
200406,2022,2,2021-07-04,10-Q,182
200406,2022,3,2021-10-03,10-Q,273
200406,2022,4,2022-01-02,10-K,364
200406,2023,1,2022-04-03,10-Q,91
200406,2023,2,2022-07-03,10-Q,182
200406,2023,3,2022-10-02,10-Q,273
200406,2023,4,2023-01-01,10-K,364
200406,2023,1,2023-04-02,10-Q,91
200406,2023,2,2023-07-02,10-Q,182
200406,2023,3,2023-10-01,10-Q,273
200406,2023,4,2023-12-31,10-K,364
200406,2024,1,2024-03-31,10-Q,91
200406,2024,2,2024-06-30,10-Q,182
200406,2024,3,2024-09-29,10-Q,273
200406,2024,4,2024-12-29,10-K,364
310158,2012,1,2012-03-31,10-Q,105
310158,2012,2,2012-06-30,10-Q,196
310158,2012,3,2012-09-30,10-Q,288
310158,2012,4,2012-12-31,10-K,380
310158,2013,1,2013-03-31,10-Q,90
310158,2013,2,2013-06-30,10-Q,181
310158,2013,3,2013-09-30,10-Q,273
310158,2013,4,2013-12-31,10-K,365
310158,2014,1,2014-03-31,10-Q,90
310158,2014,2,2014-06-30,10-Q,181
310158,2014,3,2014-09-30,10-Q,273
310158,2014,4,2014-12-31,10-K,365
310158,2015,1,2015-03-31,10-Q,90
310158,2015,2,2015-06-30,10-Q,181
310158,2015,3,2015-09-30,10-Q,273
310158,2015,4,2015-12-31,10-K,365
310158,2016,1,2016-03-31,10-Q,91
310158,2016,2,2016-06-30,10-Q,182
310158,2016,3,2016-09-30,10-Q,274
310158,2016,4,2016-12-31,10-K,366
310158,2017,1,2017-03-31,10-Q,90
310158,2017,2,2017-06-30,10-Q,181
310158,2017,3,2017-09-30,10-Q,273
310158,2017,4,2017-12-31,10-K,365
310158,2018,1,2018-03-31,10-Q,90
310158,2018,2,2018-06-30,10-Q,181
310158,2018,3,2018-09-30,10-Q,273
310158,2018,4,2018-12-31,10-K,365
310158,2019,1,2019-03-31,10-Q,90
310158,2019,2,2019-06-30,10-Q,181
310158,2019,3,2019-09-30,10-Q,273
310158,2019,4,2019-12-31,10-K,365
310158,2020,1,2020-03-31,10-Q,91
310158,2020,2,2020-06-30,10-Q,182
310158,2020,3,2020-09-30,10-Q,274
310158,2020,4,2020-12-31,10-K,366
310158,2021,1,2021-03-31,10-Q,90
310158,2021,2,2021-06-30,10-Q,181
310158,2021,3,2021-09-30,10-Q,273
310158,2021,4,2021-12-31,10-K,365
310158,2022,1,2022-03-31,10-Q,90
310158,2022,2,2022-06-30,10-Q,181
310158,2022,3,2022-09-30,10-Q,273
310158,2022,4,2022-12-31,10-K,365
310158,2023,1,2023-03-31,10-Q,90
310158,2023,2,2023-06-30,10-Q,181
310158,2023,3,2023-09-30,10-Q,273
310158,2023,4,2023-12-31,10-K,365
310158,2024,1,2024-03-31,10-Q,91
310158,2024,2,2024-06-30,10-Q,182
310158,2024,3,2024-09-30,10-Q,274
310158,2024,4,2024-12-31,10-K,366
315189,2012,1,2012-01-31,10-Q,106
315189,2012,2,2012-04-30,10-Q,196
315189,2012,3,2012-07-31,10-Q,288
315189,2012,4,2012-10-31,10-K,380
315189,2013,1,2013-01-31,10-Q,92
315189,2013,2,2013-04-30,10-Q,181
315189,2013,3,2013-07-31,10-Q,273
315189,2013,4,2013-10-31,10-K,365
315189,2014,1,2014-01-31,10-Q,92
315189,2014,2,2014-04-30,10-Q,181
315189,2014,3,2014-07-31,10-Q,273
315189,2014,4,2014-10-31,10-K,365
315189,2015,1,2015-01-31,10-Q,92
315189,2015,2,2015-04-30,10-Q,181
315189,2015,3,2015-07-31,10-Q,273
315189,2015,4,2015-10-31,10-K,365
315189,2016,1,2016-01-31,10-Q,92
315189,2016,2,2016-04-30,10-Q,182
315189,2016,3,2016-07-31,10-Q,274
315189,2016,4,2016-10-31,10-K,366
315189,2017,1,2017-01-29,10-Q,90
315189,2017,2,2017-04-30,10-Q,181
315189,2017,3,2017-07-30,10-Q,272
315189,2017,4,2017-10-29,10-K,363
315189,2018,1,2018-01-28,10-Q,91
315189,2018,2,2018-04-29,10-Q,182
315189,2018,3,2018-07-29,10-Q,273
315189,2018,4,2018-10-28,10-K,364
315189,2019,1,2019-01-27,10-Q,91
315189,2019,2,2019-04-28,10-Q,182
315189,2019,3,2019-07-28,10-Q,273
315189,2019,4,2019-11-03,10-K,371
315189,2020,1,2020-02-02,10-Q,91
315189,2020,2,2020-05-03,10-Q,182
315189,2020,3,2020-08-02,10-Q,273
315189,2020,4,2020-11-01,10-K,364
315189,2021,1,2021-01-31,10-Q,91
315189,2021,2,2021-05-02,10-Q,182
315189,2021,3,2021-08-01,10-Q,273
315189,2021,4,2021-10-31,10-K,364
315189,2022,1,2022-01-30,10-Q,91
315189,2022,2,2022-05-01,10-Q,182
315189,2022,3,2022-07-31,10-Q,273
315189,2022,4,2022-10-30,10-K,364
315189,2023,1,2023-01-29,10-Q,91
315189,2023,2,2023-04-30,10-Q,182
315189,2023,3,2023-07-30,10-Q,273
315189,2023,4,2023-10-29,10-K,364
315189,2024,1,2024-01-28,10-Q,91
315189,2024,2,2024-04-28,10-Q,182
315189,2024,3,2024-07-28,10-Q,273
315189,2024,4,2024-10-27,10-K,364
318154,2012,1,2012-03-31,10-Q,105
318154,2012,2,2012-06-30,10-Q,196
318154,2012,3,2012-09-30,10-Q,288
318154,2012,4,2012-12-31,10-K,380
318154,2013,1,2013-03-31,10-Q,90
318154,2013,2,2013-06-30,10-Q,181
318154,2013,3,2013-09-30,10-Q,273
318154,2013,4,2013-12-31,10-K,365
318154,2014,1,2014-03-31,10-Q,90
318154,2014,2,2014-06-30,10-Q,181
318154,2014,3,2014-09-30,10-Q,273
318154,2014,4,2014-12-31,10-K,365
318154,2015,1,2015-03-31,10-Q,90
318154,2015,2,2015-06-30,10-Q,181
318154,2015,3,2015-09-30,10-Q,273
318154,2015,4,2015-12-31,10-K,365
318154,2016,1,2016-03-31,10-Q,91
318154,2016,2,2016-06-30,10-Q,182
318154,2016,3,2016-09-30,10-Q,274
318154,2016,4,2016-12-31,10-K,366
318154,2017,1,2017-03-31,10-Q,90
318154,2017,2,2017-06-30,10-Q,181
318154,2017,3,2017-09-30,10-Q,273
318154,2017,4,2017-12-31,10-K,365
318154,2018,1,2018-03-31,10-Q,90
318154,2018,2,2018-06-30,10-Q,181
318154,2018,3,2018-09-30,10-Q,273
318154,2018,4,2018-12-31,10-K,365
318154,2019,1,2019-03-31,10-Q,90
318154,2019,2,2019-06-30,10-Q,181
318154,2019,3,2019-09-30,10-Q,273
318154,2019,4,2019-12-31,10-K,365
318154,2020,1,2020-03-31,10-Q,91
318154,2020,2,2020-06-30,10-Q,182
318154,2020,3,2020-09-30,10-Q,274
318154,2020,4,2020-12-31,10-K,366
318154,2021,1,2021-03-31,10-Q,90
318154,2021,2,2021-06-30,10-Q,181
318154,2021,3,2021-09-30,10-Q,273
318154,2021,4,2021-12-31,10-K,365
318154,2022,1,2022-03-31,10-Q,90
318154,2022,2,2022-06-30,10-Q,181
318154,2022,3,2022-09-30,10-Q,273
318154,2022,4,2022-12-31,10-K,365
318154,2023,1,2023-03-31,10-Q,90
318154,2023,2,2023-06-30,10-Q,181
318154,2023,3,2023-09-30,10-Q,273
318154,2023,4,2023-12-31,10-K,365
318154,2024,1,2024-03-31,10-Q,91
318154,2024,2,2024-06-30,10-Q,182
318154,2024,3,2024-09-30,10-Q,274
318154,2024,4,2024-12-31,10-K,366
320187,2012,3,2012-02-29,10-Q,288
320187,2012,4,2012-05-31,10-K,380
320187,2013,1,2012-08-31,10-Q,92
320187,2013,2,2012-11-30,10-Q,183
320187,2013,3,2013-02-28,10-Q,273
320187,2013,4,2013-05-31,10-K,365
320187,2014,1,2013-08-31,10-Q,92
320187,2014,2,2013-11-30,10-Q,183
320187,2014,3,2014-02-28,10-Q,273
320187,2014,4,2014-05-31,10-K,365
320187,2015,1,2014-08-31,10-Q,92
320187,2015,2,2014-11-30,10-Q,183
320187,2015,3,2015-02-28,10-Q,273
320187,2015,4,2015-05-31,10-K,365
320187,2016,1,2015-08-31,10-Q,92
320187,2016,2,2015-11-30,10-Q,183
320187,2016,3,2016-02-29,10-Q,274
320187,2016,4,2016-05-31,10-K,366
320187,2017,1,2016-08-31,10-Q,92
320187,2017,2,2016-11-30,10-Q,183
320187,2017,3,2017-02-28,10-Q,273
320187,2017,4,2017-05-31,10-K,365
320187,2018,1,2017-08-31,10-Q,92
320187,2018,2,2017-11-30,10-Q,183
320187,2018,3,2018-02-28,10-Q,273
320187,2018,4,2018-05-31,10-K,365
320187,2019,1,2018-08-31,10-Q,92
320187,2019,2,2018-11-30,10-Q,183
320187,2019,3,2019-02-28,10-Q,273
320187,2019,4,2019-05-31,10-K,365
320187,2020,1,2019-08-31,10-Q,92
320187,2020,2,2019-11-30,10-Q,183
320187,2020,3,2020-02-29,10-Q,274
320187,2020,4,2020-05-31,10-K,366
320187,2021,1,2020-08-31,10-Q,92
320187,2021,2,2020-11-30,10-Q,183
320187,2021,3,2021-02-28,10-Q,273
320187,2021,4,2021-05-31,10-K,365
320187,2022,1,2021-08-31,10-Q,92
320187,2022,2,2021-11-30,10-Q,183
320187,2022,3,2022-02-28,10-Q,273
320187,2022,4,2022-05-31,10-K,365
320187,2023,1,2022-08-31,10-Q,92
320187,2023,2,2022-11-30,10-Q,183
320187,2023,3,2023-02-28,10-Q,273
320187,2023,4,2023-05-31,10-K,365
320187,2024,1,2023-08-31,10-Q,92
320187,2024,2,2023-11-30,10-Q,183
320187,2024,3,2024-02-29,10-Q,274
320187,2024,4,2024-05-31,10-K,366
320193,2012,2,2012-03-31,10-Q,198
320193,2012,3,2012-06-30,10-Q,289
320193,2012,4,2012-09-29,10-K,380
320193,2013,1,2012-12-29,10-Q,91
320193,2013,2,2013-03-30,10-Q,182
320193,2013,3,2013-06-29,10-Q,273
320193,2013,4,2013-09-28,10-K,364
320193,2014,1,2013-12-28,10-Q,91
320193,2014,2,2014-03-29,10-Q,182
320193,2014,3,2014-06-28,10-Q,273
320193,2014,4,2014-09-27,10-K,364
320193,2015,1,2014-12-27,10-Q,91
320193,2015,2,2015-03-28,10-Q,182
320193,2015,3,2015-06-27,10-Q,273
320193,2015,4,2015-09-26,10-K,364
320193,2016,1,2015-12-26,10-Q,91
320193,2016,2,2016-03-26,10-Q,182
320193,2016,3,2016-06-25,10-Q,273
320193,2016,4,2016-09-24,10-K,364
320193,2017,1,2016-12-31,10-Q,98
320193,2017,2,2017-04-01,10-Q,189
320193,2017,3,2017-07-01,10-Q,280
320193,2017,4,2017-09-30,10-K,371
320193,2018,1,2017-12-30,10-Q,91
320193,2018,2,2018-03-31,10-Q,182
320193,2018,3,2018-06-30,10-Q,273
320193,2018,4,2018-09-29,10-K,364
320193,2019,1,2018-12-29,10-Q,91
320193,2019,2,2019-03-30,10-Q,182
320193,2019,3,2019-06-29,10-Q,273
320193,2019,4,2019-09-28,10-K,364
320193,2020,1,2019-12-28,10-Q,91
320193,2020,2,2020-03-28,10-Q,182
320193,2020,3,2020-06-27,10-Q,273
320193,2020,4,2020-09-26,10-K,364
320193,2021,1,2020-12-26,10-Q,91
320193,2021,2,2021-03-27,10-Q,182
320193,2021,3,2021-06-26,10-Q,273
320193,2021,4,2021-09-25,10-K,364
320193,2022,1,2021-12-25,10-Q,91
320193,2022,2,2022-03-26,10-Q,182
320193,2022,3,2022-06-25,10-Q,273
320193,2022,4,2022-09-24,10-K,364
320193,2023,1,2022-12-31,10-Q,98
320193,2023,2,2023-04-01,10-Q,189
320193,2023,3,2023-07-01,10-Q,280
320193,2023,4,2023-09-30,10-K,371
320193,2024,1,2023-12-30,10-Q,91
320193,2024,2,2024-03-30,10-Q,182
320193,2024,3,2024-06-29,10-Q,273
320193,2024,4,2024-09-28,10-K,364
350698,2012,1,2012-03-31,10-Q,105
350698,2012,2,2012-06-30,10-Q,196
350698,2012,3,2012-09-30,10-Q,288
350698,2012,4,2012-12-31,10-K,380
350698,2013,1,2013-03-31,10-Q,90
350698,2013,2,2013-06-30,10-Q,181
350698,2013,3,2013-09-30,10-Q,273
350698,2013,4,2013-12-31,10-K,365
350698,2014,1,2014-03-31,10-Q,90
350698,2014,2,2014-06-30,10-Q,181
350698,2014,3,2014-09-30,10-Q,273
350698,2014,4,2014-12-31,10-K,365
350698,2015,1,2015-03-31,10-Q,90
350698,2015,2,2015-06-30,10-Q,181
350698,2015,3,2015-09-30,10-Q,273
350698,2015,4,2015-12-31,10-K,365
350698,2016,1,2016-03-31,10-Q,91
350698,2016,2,2016-06-30,10-Q,182
350698,2016,3,2016-09-30,10-Q,274
350698,2016,4,2016-12-31,10-K,366
350698,2017,1,2017-03-31,10-Q,90
350698,2017,2,2017-06-30,10-Q,181
350698,2017,3,2017-09-30,10-Q,273
350698,2017,4,2017-12-31,10-K,365
350698,2018,1,2018-03-31,10-Q,90
350698,2018,2,2018-06-30,10-Q,181
350698,2018,3,2018-09-30,10-Q,273
350698,2018,4,2018-12-31,10-K,365
350698,2019,1,2019-03-31,10-Q,90
350698,2019,2,2019-06-30,10-Q,181
350698,2019,3,2019-09-30,10-Q,273
350698,2019,4,2019-12-31,10-K,365
350698,2020,1,2020-03-31,10-Q,91
350698,2020,2,2020-06-30,10-Q,182
350698,2020,3,2020-09-30,10-Q,274
350698,2020,4,2020-12-31,10-K,366
350698,2021,1,2021-03-31,10-Q,90
350698,2021,2,2021-06-30,10-Q,181
350698,2021,3,2021-09-30,10-Q,273
350698,2021,4,2021-12-31,10-K,365
350698,2022,1,2022-03-31,10-Q,90
350698,2022,2,2022-06-30,10-Q,181
350698,2022,3,2022-09-30,10-Q,273
350698,2022,4,2022-12-31,10-K,365
350698,2023,1,2023-03-31,10-Q,90
350698,2023,2,2023-06-30,10-Q,181
350698,2023,3,2023-09-30,10-Q,273
350698,2023,4,2023-12-31,10-K,365
350698,2024,1,2024-03-31,10-Q,91
350698,2024,2,2024-06-30,10-Q,182
350698,2024,3,2024-09-30,10-Q,274
350698,2024,4,2024-12-31,10-K,366
354950,2012,4,2012-01-29,10-K,380
354950,2013,1,2012-04-29,10-Q,91
354950,2013,2,2012-07-29,10-Q,182
354950,2013,3,2012-10-28,10-Q,273
354950,2013,4,2013-02-03,10-K,371
354950,2014,1,2013-05-05,10-Q,91
354950,2014,2,2013-08-04,10-Q,182
354950,2014,3,2013-11-03,10-Q,273
354950,2014,4,2014-02-02,10-K,364
354950,2015,1,2014-05-04,10-Q,91
354950,2015,2,2014-08-03,10-Q,182
354950,2015,3,2014-11-02,10-Q,273
354950,2015,4,2015-02-01,10-K,364
354950,2016,1,2015-05-03,10-Q,91
354950,2016,2,2015-08-02,10-Q,182
354950,2016,3,2015-11-01,10-Q,273
354950,2016,4,2016-01-31,10-K,364
354950,2017,1,2016-05-01,10-Q,91
354950,2017,2,2016-07-31,10-Q,182
354950,2017,3,2016-10-30,10-Q,273
354950,2017,4,2017-01-29,10-K,364
354950,2018,1,2017-04-30,10-Q,91
354950,2018,2,2017-07-30,10-Q,182
354950,2018,3,2017-10-29,10-Q,273
354950,2018,4,2018-01-28,10-K,364
354950,2019,1,2018-04-29,10-Q,91
354950,2019,2,2018-07-29,10-Q,182
354950,2019,3,2018-10-28,10-Q,273
354950,2019,4,2019-02-03,10-K,371
354950,2020,1,2019-05-05,10-Q,91
354950,2020,2,2019-08-04,10-Q,182
354950,2020,3,2019-11-03,10-Q,273
354950,2020,4,2020-02-02,10-K,364
354950,2021,1,2020-05-03,10-Q,91
354950,2021,2,2020-08-02,10-Q,182
354950,2021,3,2020-11-01,10-Q,273
354950,2021,4,2021-01-31,10-K,364
354950,2022,1,2021-05-02,10-Q,91
354950,2022,2,2021-08-01,10-Q,182
354950,2022,3,2021-10-31,10-Q,273
354950,2022,4,2022-01-30,10-K,364
354950,2023,1,2022-05-01,10-Q,91
354950,2023,2,2022-07-31,10-Q,182
354950,2023,3,2022-10-30,10-Q,273
354950,2023,4,2023-01-29,10-K,364
354950,2024,1,2023-04-30,10-Q,91
354950,2024,2,2023-07-30,10-Q,182
354950,2024,3,2023-10-29,10-Q,273
354950,2024,4,2024-01-28,10-K,364
721371,2012,3,2012-03-31,10-Q,289
721371,2012,4,2012-06-30,10-K,380
721371,2013,1,2012-09-30,10-Q,92
721371,2013,2,2012-12-31,10-Q,184
721371,2013,3,2013-03-31,10-Q,274
721371,2013,4,2013-06-30,10-K,365
721371,2014,1,2013-09-30,10-Q,92
721371,2014,2,2013-12-31,10-Q,184
721371,2014,3,2014-03-31,10-Q,274
721371,2014,4,2014-06-30,10-K,365
721371,2015,1,2014-09-30,10-Q,92
721371,2015,2,2014-12-31,10-Q,184
721371,2015,3,2015-03-31,10-Q,274
721371,2015,4,2015-06-30,10-K,365
721371,2016,1,2015-09-30,10-Q,92
721371,2016,2,2015-12-31,10-Q,184
721371,2016,3,2016-03-31,10-Q,275
721371,2016,4,2016-06-30,10-K,366
721371,2017,1,2016-09-30,10-Q,92
721371,2017,2,2016-12-31,10-Q,184
721371,2017,3,2017-03-31,10-Q,274
721371,2017,4,2017-06-30,10-K,365
721371,2018,1,2017-09-30,10-Q,92
721371,2018,2,2017-12-31,10-Q,184
721371,2018,3,2018-03-31,10-Q,274
721371,2018,4,2018-06-30,10-K,365
721371,2019,1,2018-09-30,10-Q,92
721371,2019,2,2018-12-31,10-Q,184
721371,2019,3,2019-03-31,10-Q,274
721371,2019,4,2019-06-30,10-K,365
721371,2020,1,2019-09-30,10-Q,92
721371,2020,2,2019-12-31,10-Q,184
721371,2020,3,2020-03-31,10-Q,275
721371,2020,4,2020-06-30,10-K,366
721371,2021,1,2020-09-30,10-Q,92
721371,2021,2,2020-12-31,10-Q,184
721371,2021,3,2021-03-31,10-Q,274
721371,2021,4,2021-06-30,10-K,365
721371,2022,1,2021-09-30,10-Q,92
721371,2022,2,2021-12-31,10-Q,184
721371,2022,3,2022-03-31,10-Q,274
721371,2022,4,2022-06-30,10-K,365
721371,2023,1,2022-09-30,10-Q,92
721371,2023,2,2022-12-31,10-Q,184
721371,2023,3,2023-03-31,10-Q,274
721371,2023,4,2023-06-30,10-K,365
721371,2024,1,2023-09-30,10-Q,92
721371,2024,2,2023-12-31,10-Q,184
721371,2024,3,2024-03-31,10-Q,275
721371,2024,4,2024-06-30,10-K,366
731766,2012,1,2012-03-31,10-Q,105
731766,2012,2,2012-06-30,10-Q,196
731766,2012,3,2012-09-30,10-Q,288
731766,2012,4,2012-12-31,10-K,380
731766,2013,1,2013-03-31,10-Q,90
731766,2013,2,2013-06-30,10-Q,181
731766,2013,3,2013-09-30,10-Q,273
731766,2013,4,2013-12-31,10-K,365
731766,2014,1,2014-03-31,10-Q,90
731766,2014,2,2014-06-30,10-Q,181
731766,2014,3,2014-09-30,10-Q,273
731766,2014,4,2014-12-31,10-K,365
731766,2015,1,2015-03-31,10-Q,90
731766,2015,2,2015-06-30,10-Q,181
731766,2015,3,2015-09-30,10-Q,273
731766,2015,4,2015-12-31,10-K,365
731766,2016,1,2016-03-31,10-Q,91
731766,2016,2,2016-06-30,10-Q,182
731766,2016,3,2016-09-30,10-Q,274
731766,2016,4,2016-12-31,10-K,366
731766,2017,1,2017-03-31,10-Q,90
731766,2017,2,2017-06-30,10-Q,181
731766,2017,3,2017-09-30,10-Q,273
731766,2017,4,2017-12-31,10-K,365
731766,2018,1,2018-03-31,10-Q,90
731766,2018,2,2018-06-30,10-Q,181
731766,2018,3,2018-09-30,10-Q,273
731766,2018,4,2018-12-31,10-K,365
731766,2019,1,2019-03-31,10-Q,90
731766,2019,2,2019-06-30,10-Q,181
731766,2019,3,2019-09-30,10-Q,273
731766,2019,4,2019-12-31,10-K,365
731766,2020,1,2020-03-31,10-Q,91
731766,2020,2,2020-06-30,10-Q,182
731766,2020,3,2020-09-30,10-Q,274
731766,2020,4,2020-12-31,10-K,366
731766,2021,1,2021-03-31,10-Q,90
731766,2021,2,2021-06-30,10-Q,181
731766,2021,3,2021-09-30,10-Q,273
731766,2021,4,2021-12-31,10-K,365
731766,2022,1,2022-03-31,10-Q,90
731766,2022,2,2022-06-30,10-Q,181
731766,2022,3,2022-09-30,10-Q,273
731766,2022,4,2022-12-31,10-K,365
731766,2023,1,2023-03-31,10-Q,90
731766,2023,2,2023-06-30,10-Q,181
731766,2023,3,2023-09-30,10-Q,273
731766,2023,4,2023-12-31,10-K,365
731766,2024,1,2024-03-31,10-Q,91
731766,2024,2,2024-06-30,10-Q,182
731766,2024,3,2024-09-30,10-Q,274
731766,2024,4,2024-12-31,10-K,366
732712,2012,1,2012-03-31,10-Q,105
732712,2012,2,2012-06-30,10-Q,196
732712,2012,3,2012-09-30,10-Q,288
732712,2012,4,2012-12-31,10-K,380
732712,2013,1,2013-03-31,10-Q,90
732712,2013,2,2013-06-30,10-Q,181
732712,2013,3,2013-09-30,10-Q,273
732712,2013,4,2013-12-31,10-K,365
732712,2014,1,2014-03-31,10-Q,90
732712,2014,2,2014-06-30,10-Q,181
732712,2014,3,2014-09-30,10-Q,273
732712,2014,4,2014-12-31,10-K,365
732712,2015,1,2015-03-31,10-Q,90
732712,2015,2,2015-06-30,10-Q,181
732712,2015,3,2015-09-30,10-Q,273
732712,2015,4,2015-12-31,10-K,365
732712,2016,1,2016-03-31,10-Q,91
732712,2016,2,2016-06-30,10-Q,182
732712,2016,3,2016-09-30,10-Q,274
732712,2016,4,2016-12-31,10-K,366
732712,2017,1,2017-03-31,10-Q,90
732712,2017,2,2017-06-30,10-Q,181
732712,2017,3,2017-09-30,10-Q,273
732712,2017,4,2017-12-31,10-K,365
732712,2018,1,2018-03-31,10-Q,90
732712,2018,2,2018-06-30,10-Q,181
732712,2018,3,2018-09-30,10-Q,273
732712,2018,4,2018-12-31,10-K,365
732712,2019,1,2019-03-31,10-Q,90
732712,2019,2,2019-06-30,10-Q,181
732712,2019,3,2019-09-30,10-Q,273
732712,2019,4,2019-12-31,10-K,365
732712,2020,1,2020-03-31,10-Q,91
732712,2020,2,2020-06-30,10-Q,182
732712,2020,3,2020-09-30,10-Q,274
732712,2020,4,2020-12-31,10-K,366
732712,2021,1,2021-03-31,10-Q,90
732712,2021,2,2021-06-30,10-Q,181
732712,2021,3,2021-09-30,10-Q,273
732712,2021,4,2021-12-31,10-K,365
732712,2022,1,2022-03-31,10-Q,90
732712,2022,2,2022-06-30,10-Q,181
732712,2022,3,2022-09-30,10-Q,273
732712,2022,4,2022-12-31,10-K,365
732712,2023,1,2023-03-31,10-Q,90
732712,2023,2,2023-06-30,10-Q,181
732712,2023,3,2023-09-30,10-Q,273
732712,2023,4,2023-12-31,10-K,365
732712,2024,1,2024-03-31,10-Q,91
732712,2024,2,2024-06-30,10-Q,182
732712,2024,3,2024-09-30,10-Q,274
732712,2024,4,2024-12-31,10-K,366
732717,2012,1,2012-03-31,10-Q,105
732717,2012,2,2012-06-30,10-Q,196
732717,2012,3,2012-09-30,10-Q,288
732717,2012,4,2012-12-31,10-K,380
732717,2013,1,2013-03-31,10-Q,90
732717,2013,2,2013-06-30,10-Q,181
732717,2013,3,2013-09-30,10-Q,273
732717,2013,4,2013-12-31,10-K,365
732717,2014,1,2014-03-31,10-Q,90
732717,2014,2,2014-06-30,10-Q,181
732717,2014,3,2014-09-30,10-Q,273
732717,2014,4,2014-12-31,10-K,365
732717,2015,1,2015-03-31,10-Q,90
732717,2015,2,2015-06-30,10-Q,181
732717,2015,3,2015-10-28,10-Q,301
732717,2015,4,2015-12-31,10-K,365
732717,2016,1,2016-03-31,10-Q,91
732717,2016,2,2016-06-30,10-Q,182
732717,2016,3,2016-09-30,10-Q,274
732717,2016,4,2016-12-31,10-K,366
732717,2017,1,2017-03-31,10-Q,90
732717,2017,2,2017-06-30,10-Q,181
732717,2017,3,2017-09-30,10-Q,273
732717,2017,4,2017-12-31,10-K,365
732717,2018,1,2018-03-31,10-Q,90
732717,2018,2,2018-06-30,10-Q,181
732717,2018,3,2018-09-30,10-Q,273
732717,2018,4,2018-12-31,10-K,365
732717,2019,1,2019-03-31,10-Q,90
732717,2019,2,2019-06-30,10-Q,181
732717,2019,3,2019-09-30,10-Q,273
732717,2019,4,2019-12-31,10-K,365
732717,2020,1,2020-03-31,10-Q,91
732717,2020,2,2020-06-30,10-Q,182
732717,2020,3,2020-09-30,10-Q,274
732717,2020,4,2020-12-31,10-K,366
732717,2021,1,2021-03-31,10-Q,90
732717,2021,2,2021-06-30,10-Q,181
732717,2021,3,2021-09-30,10-Q,273
732717,2021,4,2021-12-31,10-K,365
732717,2022,1,2022-03-31,10-Q,90
732717,2022,2,2022-06-30,10-Q,181
732717,2022,3,2022-09-30,10-Q,273
732717,2022,4,2022-12-31,10-K,365
732717,2023,1,2023-03-31,10-Q,90
732717,2023,2,2023-06-30,10-Q,181
732717,2023,3,2023-09-30,10-Q,273
732717,2023,4,2023-12-31,10-K,365
732717,2024,1,2024-03-31,10-Q,91
732717,2024,2,2024-06-30,10-Q,182
732717,2024,3,2024-09-30,10-Q,274
732717,2024,4,2024-12-31,10-K,366
764478,2012,4,2012-03-03,10-K,380
764478,2014,1,2013-05-04,10-Q,107
764478,2014,2,2013-08-03,10-Q,198
764478,2014,3,2013-11-02,10-Q,289
764478,2014,4,2014-02-01,10-K,380
764478,2015,1,2014-05-03,10-Q,91
764478,2015,2,2014-08-02,10-Q,182
764478,2015,3,2014-11-01,10-Q,273
764478,2015,4,2015-01-31,10-K,364
764478,2016,1,2015-05-02,10-Q,91
764478,2016,2,2015-08-01,10-Q,182
764478,2016,3,2015-10-31,10-Q,273
764478,2016,4,2016-01-30,10-K,364
764478,2017,1,2016-04-30,10-Q,91
764478,2017,2,2016-07-30,10-Q,182
764478,2017,3,2016-10-29,10-Q,273
764478,2017,4,2017-01-28,10-K,364
764478,2018,1,2017-04-29,10-Q,91
764478,2018,2,2017-07-29,10-Q,182
764478,2018,3,2017-10-28,10-Q,273
764478,2018,4,2018-02-03,10-K,371
764478,2019,1,2018-05-05,10-Q,91
764478,2019,2,2018-08-04,10-Q,182
764478,2019,3,2018-11-03,10-Q,273
764478,2019,4,2019-02-02,10-K,364
764478,2020,1,2019-05-04,10-Q,91
764478,2020,2,2019-08-03,10-Q,182
764478,2020,3,2019-11-02,10-Q,273
764478,2020,4,2020-02-01,10-K,364
764478,2021,1,2020-05-02,10-Q,91
764478,2021,2,2020-08-01,10-Q,182
764478,2021,3,2020-10-31,10-Q,273
764478,2021,4,2021-01-30,10-K,364
764478,2022,1,2021-05-01,10-Q,91
764478,2022,2,2021-07-31,10-Q,182
764478,2022,3,2021-10-30,10-Q,273
764478,2022,4,2022-01-29,10-K,364
764478,2023,1,2022-04-30,10-Q,91
764478,2023,2,2022-07-30,10-Q,182
764478,2023,3,2022-10-29,10-Q,273
764478,2023,4,2023-01-28,10-K,364
764478,2024,1,2023-04-29,10-Q,91
764478,2024,2,2023-07-29,10-Q,182
764478,2024,3,2023-10-28,10-Q,273
764478,2024,4,2024-02-03,10-K,371
773840,2012,1,2012-03-31,10-Q,105
773840,2012,2,2012-06-30,10-Q,196
773840,2012,3,2012-09-30,10-Q,288
773840,2012,4,2012-12-31,10-K,380
773840,2013,1,2013-03-31,10-Q,90
773840,2013,2,2013-06-30,10-Q,181
773840,2013,3,2013-09-30,10-Q,273
773840,2013,4,2013-12-31,10-K,365
773840,2014,1,2014-03-31,10-Q,90
773840,2014,2,2014-06-30,10-Q,181
773840,2014,3,2014-09-30,10-Q,273
773840,2014,4,2014-12-31,10-K,365
773840,2015,1,2015-03-31,10-Q,90
773840,2015,2,2015-06-30,10-Q,181
773840,2015,3,2015-09-30,10-Q,273
773840,2015,4,2015-12-31,10-K,365
773840,2016,1,2016-03-31,10-Q,91
773840,2016,2,2016-06-30,10-Q,182
773840,2016,3,2016-09-30,10-Q,274
773840,2016,4,2016-12-31,10-K,366
773840,2017,1,2017-03-31,10-Q,90
773840,2017,2,2017-06-30,10-Q,181
773840,2017,3,2017-09-30,10-Q,273
773840,2017,4,2017-12-31,10-K,365
773840,2018,1,2018-03-31,10-Q,90
773840,2018,2,2018-06-30,10-Q,181
773840,2018,3,2018-09-30,10-Q,273
773840,2018,4,2018-12-31,10-K,365
773840,2019,1,2019-03-31,10-Q,90
773840,2019,2,2019-06-30,10-Q,181
773840,2019,3,2019-09-30,10-Q,273
773840,2019,4,2019-12-31,10-K,365
773840,2020,1,2020-03-31,10-Q,91
773840,2020,2,2020-06-30,10-Q,182
773840,2020,3,2020-09-30,10-Q,274
773840,2020,4,2020-12-31,10-K,366
773840,2021,1,2021-03-31,10-Q,90
773840,2021,2,2021-06-30,10-Q,181
773840,2021,3,2021-09-30,10-Q,273
773840,2021,4,2021-12-31,10-K,365
773840,2022,1,2022-03-31,10-Q,90
773840,2022,2,2022-06-30,10-Q,181
773840,2022,3,2022-09-30,10-Q,273
773840,2022,4,2022-12-31,10-K,365
773840,2023,1,2023-03-31,10-Q,90
773840,2023,2,2023-06-30,10-Q,181
773840,2023,3,2023-09-30,10-Q,273
773840,2023,4,2023-12-31,10-K,365
773840,2024,1,2024-03-31,10-Q,91
773840,2024,2,2024-06-30,10-Q,182
773840,2024,3,2024-09-30,10-Q,274
773840,2024,4,2024-12-31,10-K,366
789019,2012,3,2012-03-31,10-Q,289
789019,2012,4,2012-06-30,10-K,380
789019,2013,1,2012-09-30,10-Q,92
789019,2013,2,2012-12-31,10-Q,184
789019,2013,3,2013-03-31,10-Q,274
789019,2013,4,2013-06-30,10-K,365
789019,2014,1,2013-09-30,10-Q,92
789019,2014,2,2013-12-31,10-Q,184
789019,2014,3,2014-03-31,10-Q,274
789019,2014,4,2014-06-30,10-K,365
789019,2015,1,2014-09-30,10-Q,92
789019,2015,2,2014-12-31,10-Q,184
789019,2015,3,2015-03-31,10-Q,274
789019,2015,4,2015-06-30,10-K,365
789019,2016,1,2015-09-30,10-Q,92
789019,2016,2,2015-12-31,10-Q,184
789019,2016,3,2016-03-31,10-Q,275
789019,2016,4,2016-06-30,10-K,366
789019,2017,1,2016-09-30,10-Q,92
789019,2017,2,2016-12-31,10-Q,184
789019,2017,3,2017-03-31,10-Q,274
789019,2017,4,2017-06-30,10-K,365
789019,2018,1,2017-09-30,10-Q,92
789019,2018,2,2017-12-31,10-Q,184
789019,2018,3,2018-03-31,10-Q,274
789019,2018,4,2018-06-30,10-K,365
789019,2019,1,2018-09-30,10-Q,92
789019,2019,2,2018-12-31,10-Q,184
789019,2019,3,2019-03-31,10-Q,274
789019,2019,4,2019-06-30,10-K,365
789019,2020,1,2019-09-30,10-Q,92
789019,2020,2,2019-12-31,10-Q,184
789019,2020,3,2020-03-31,10-Q,275
789019,2020,4,2020-06-30,10-K,366
789019,2021,1,2020-09-30,10-Q,92
789019,2021,2,2020-12-31,10-Q,184
789019,2021,3,2021-03-31,10-Q,274
789019,2021,4,2021-06-30,10-K,365
789019,2022,1,2021-09-30,10-Q,92
789019,2022,2,2021-12-31,10-Q,184
789019,2022,3,2022-03-31,10-Q,274
789019,2022,4,2022-06-30,10-K,365
789019,2023,1,2022-09-30,10-Q,92
789019,2023,2,2022-12-31,10-Q,184
789019,2023,3,2023-03-31,10-Q,274
789019,2023,4,2023-06-30,10-K,365
789019,2024,1,2023-09-30,10-Q,92
789019,2024,2,2023-12-31,10-Q,184
789019,2024,3,2024-03-31,10-Q,275
789019,2024,4,2024-06-30,10-K,366
789460,2012,1,2012-03-31,10-Q,105
789460,2012,2,2012-06-30,10-Q,196
789460,2012,3,2012-09-30,10-Q,288
789460,2012,4,2012-12-31,10-K,380
789460,2013,1,2013-03-31,10-Q,90
789460,2013,2,2013-06-30,10-Q,181
789460,2013,3,2013-09-30,10-Q,273
789460,2013,4,2013-12-31,10-K,365
789460,2014,1,2014-03-31,10-Q,90
789460,2014,2,2014-06-30,10-Q,181
789460,2014,3,2014-09-30,10-Q,273
789460,2014,4,2014-12-31,10-K,365
789460,2015,1,2015-03-31,10-Q,90
789460,2015,2,2015-06-30,10-Q,181
789460,2015,3,2015-09-30,10-Q,273
789460,2015,4,2015-12-31,10-K,365
789460,2016,1,2016-03-31,10-Q,91
789460,2016,2,2016-06-30,10-Q,182
789460,2016,3,2016-09-30,10-Q,274
789460,2016,4,2016-12-31,10-K,366
789460,2017,1,2017-03-31,10-Q,90
789460,2017,2,2017-06-30,10-Q,181
789460,2017,3,2017-09-30,10-Q,273
789460,2017,4,2017-12-31,10-K,365
789460,2018,1,2018-03-31,10-Q,90
789460,2018,2,2018-06-30,10-Q,181
789460,2018,3,2018-09-30,10-Q,273
789460,2018,4,2018-12-31,10-K,365
789460,2019,1,2019-03-31,10-Q,90
789460,2019,2,2019-06-30,10-Q,181
789460,2019,3,2019-09-30,10-Q,273
789460,2019,4,2019-12-31,10-K,365
789460,2020,1,2020-03-31,10-Q,91
789460,2020,2,2020-06-30,10-Q,182
789460,2020,3,2020-09-30,10-Q,274
789460,2020,4,2020-12-31,10-K,366
789460,2021,1,2021-03-31,10-Q,90
789460,2021,2,2021-06-30,10-Q,181
789460,2021,3,2021-09-30,10-Q,273
789460,2021,4,2021-12-31,10-K,365
789460,2022,1,2022-03-31,10-Q,90
789460,2022,2,2022-06-30,10-Q,181
789460,2022,3,2022-09-30,10-Q,273
789460,2022,4,2022-12-31,10-K,365
789460,2023,1,2023-03-31,10-Q,90
789460,2023,2,2023-06-30,10-Q,181
789460,2023,3,2023-09-30,10-Q,273
789460,2023,4,2023-12-31,10-K,365
789460,2024,1,2024-03-31,10-Q,91
789460,2024,2,2024-06-30,10-Q,182
789460,2024,3,2024-09-30,10-Q,274
789460,2024,4,2024-12-31,10-K,366
804328,2012,2,2012-03-25,10-Q,191
804328,2012,3,2012-06-24,10-Q,282
804328,2012,4,2012-09-30,10-K,380
804328,2013,1,2012-12-30,10-Q,91
804328,2013,2,2013-03-31,10-Q,182
804328,2013,3,2013-06-30,10-Q,273
804328,2013,4,2013-09-29,10-K,364
804328,2014,1,2013-12-29,10-Q,91
804328,2014,2,2014-03-30,10-Q,182
804328,2014,3,2014-06-29,10-Q,273
804328,2014,4,2014-09-28,10-K,364
804328,2015,1,2014-12-28,10-Q,91
804328,2015,2,2015-03-29,10-Q,182
804328,2015,3,2015-06-28,10-Q,273
804328,2015,4,2015-09-27,10-K,364
804328,2016,1,2015-12-27,10-Q,91
804328,2016,2,2016-03-27,10-Q,182
804328,2016,3,2016-06-26,10-Q,273
804328,2016,4,2016-09-25,10-K,364
804328,2017,1,2016-12-25,10-Q,91
804328,2017,2,2017-03-26,10-Q,182
804328,2017,3,2017-06-25,10-Q,273
804328,2017,4,2017-09-24,10-K,364
804328,2018,1,2017-12-24,10-Q,91
804328,2018,2,2018-03-25,10-Q,182
804328,2018,3,2018-06-24,10-Q,273
804328,2018,4,2018-09-30,10-K,371
804328,2019,1,2018-12-30,10-Q,91
804328,2019,2,2019-03-31,10-Q,182
804328,2019,3,2019-06-30,10-Q,273
804328,2019,4,2019-09-29,10-K,364
804328,2020,1,2019-12-29,10-Q,91
804328,2020,2,2020-03-29,10-Q,182
804328,2020,3,2020-06-28,10-Q,273
804328,2020,4,2020-09-27,10-K,364
804328,2021,1,2020-12-27,10-Q,91
804328,2021,2,2021-03-28,10-Q,182
804328,2021,3,2021-06-27,10-Q,273
804328,2021,4,2021-09-26,10-K,364
804328,2022,1,2021-12-26,10-Q,91
804328,2022,2,2022-03-27,10-Q,182
804328,2022,3,2022-06-26,10-Q,273
804328,2022,4,2022-09-25,10-K,364
804328,2023,1,2022-12-25,10-Q,91
804328,2023,2,2023-03-26,10-Q,182
804328,2023,3,2023-06-25,10-Q,273
804328,2023,4,2023-09-24,10-K,364
804328,2024,1,2023-12-24,10-Q,91
804328,2024,2,2024-03-24,10-Q,182
804328,2024,3,2024-06-23,10-Q,273
804328,2024,4,2024-09-29,10-K,371
813828,2012,1,2012-03-31,10-Q,115
813828,2012,2,2012-06-30,10-Q,206
813828,2012,3,2012-09-30,10-Q,298
813828,2012,4,2012-12-21,10-K,380
813828,2013,1,2013-03-31,10-Q,100
813828,2013,2,2013-06-30,10-Q,191
813828,2013,3,2013-09-30,10-Q,283
813828,2013,4,2013-12-31,10-K,375
813828,2014,1,2014-03-31,10-Q,90
813828,2014,2,2014-06-30,10-Q,181
813828,2014,3,2014-09-30,10-Q,273
813828,2014,4,2014-12-31,10-K,365
813828,2015,1,2015-03-31,10-Q,90
813828,2015,2,2015-06-30,10-Q,181
813828,2015,3,2015-09-30,10-Q,273
813828,2015,4,2015-12-31,10-K,365
813828,2016,1,2016-03-31,10-Q,91
813828,2016,2,2016-06-30,10-Q,182
813828,2016,3,2016-09-30,10-Q,274
813828,2016,4,2016-12-31,10-K,366
813828,2017,1,2017-03-31,10-Q,90
813828,2017,2,2017-06-30,10-Q,181
813828,2017,3,2017-09-30,10-Q,273
813828,2017,4,2017-12-31,10-K,365
813828,2018,1,2018-03-31,10-Q,90
813828,2018,2,2018-06-30,10-Q,181
813828,2018,3,2018-09-30,10-Q,273
813828,2018,4,2018-12-31,10-K,365
813828,2019,1,2019-03-31,10-Q,90
813828,2019,2,2019-06-30,10-Q,181
813828,2019,3,2019-09-30,10-Q,273
813828,2019,4,2019-12-31,10-K,365
813828,2020,1,2020-03-31,10-Q,91
813828,2020,2,2020-06-30,10-Q,182
813828,2020,3,2020-09-30,10-Q,274
813828,2020,4,2020-12-31,10-K,366
813828,2021,1,2021-03-31,10-Q,90
813828,2021,2,2021-06-30,10-Q,181
813828,2021,3,2021-09-30,10-Q,273
813828,2021,4,2021-12-31,10-K,365
813828,2022,1,2022-03-31,10-Q,90
813828,2022,2,2022-06-30,10-Q,181
813828,2022,3,2022-09-30,10-Q,273
813828,2022,4,2022-12-31,10-K,365
813828,2023,1,2023-03-31,10-Q,90
813828,2023,2,2023-06-30,10-Q,181
813828,2023,3,2023-09-30,10-Q,273
813828,2023,4,2023-12-31,10-K,365
813828,2024,1,2024-03-31,10-Q,91
813828,2024,2,2024-06-30,10-Q,182
813828,2024,3,2024-09-30,10-Q,274
813828,2024,4,2024-12-31,10-K,366
823277,2012,2,2012-02-29,10-Q,196
823277,2012,3,2012-05-31,10-Q,288
823277,2012,4,2012-08-31,10-K,380
823277,2013,1,2012-11-30,10-Q,91
823277,2013,2,2013-02-28,10-Q,181
823277,2013,3,2013-05-31,10-Q,273
823277,2013,4,2013-08-31,10-K,365
823277,2014,1,2013-11-30,10-Q,91
823277,2014,2,2014-02-28,10-Q,181
823277,2014,3,2014-05-31,10-Q,273
823277,2014,4,2014-08-31,10-K,365
823277,2015,1,2014-11-30,10-Q,91
823277,2015,2,2015-02-28,10-Q,181
823277,2015,3,2015-05-31,10-Q,273
823277,2015,4,2015-08-31,10-K,365
823277,2016,1,2015-11-30,10-Q,91
823277,2016,2,2016-02-29,10-Q,182
823277,2016,3,2016-05-31,10-Q,274
823277,2016,4,2016-08-31,10-K,366
823277,2017,1,2016-11-30,10-Q,91
823277,2017,2,2017-02-28,10-Q,181
823277,2017,3,2017-05-31,10-Q,273
823277,2017,4,2017-08-31,10-K,365
823277,2018,1,2017-11-30,10-Q,91
823277,2018,2,2018-02-28,10-Q,181
823277,2018,3,2018-05-31,10-Q,273
823277,2018,4,2018-08-31,10-K,365
823277,2019,1,2018-11-30,10-Q,91
823277,2019,2,2019-02-28,10-Q,181
823277,2019,3,2019-05-31,10-Q,273
823277,2019,4,2019-08-31,10-K,365
823277,2020,1,2019-11-30,10-Q,91
823277,2020,2,2020-02-29,10-Q,182
823277,2020,3,2020-05-31,10-Q,274
823277,2020,4,2020-08-31,10-K,366
823277,2021,1,2020-11-30,10-Q,91
823277,2021,2,2021-02-28,10-Q,181
823277,2021,3,2021-05-31,10-Q,273
823277,2021,4,2021-08-31,10-K,365
823277,2022,1,2021-11-30,10-Q,91
823277,2022,2,2022-02-28,10-Q,181
823277,2022,3,2022-05-31,10-Q,273
823277,2022,4,2022-08-31,10-K,365
823277,2023,1,2022-11-30,10-Q,91
823277,2023,2,2023-02-28,10-Q,181
823277,2023,3,2023-05-31,10-Q,273
823277,2023,4,2023-08-31,10-K,365
823277,2024,1,2023-11-30,10-Q,91
823277,2024,2,2024-02-29,10-Q,182
823277,2024,3,2024-05-31,10-Q,274
823277,2024,4,2024-08-31,10-K,366
829224,2012,1,2012-01-01,10-Q,107
829224,2012,2,2012-04-01,10-Q,198
829224,2012,3,2012-07-01,10-Q,289
829224,2012,4,2012-09-30,10-K,380
829224,2013,1,2012-12-30,10-Q,91
829224,2013,2,2013-03-31,10-Q,182
829224,2013,3,2013-06-30,10-Q,273
829224,2013,4,2013-09-29,10-K,364
829224,2014,1,2013-12-29,10-Q,91
829224,2014,2,2014-03-30,10-Q,182
829224,2014,3,2014-06-29,10-Q,273
829224,2014,4,2014-09-28,10-K,364
829224,2015,1,2014-12-28,10-Q,91
829224,2015,2,2015-03-29,10-Q,182
829224,2015,3,2015-06-28,10-Q,273
829224,2015,4,2015-09-27,10-K,364
829224,2016,1,2015-12-27,10-Q,91
829224,2016,2,2016-03-27,10-Q,182
829224,2016,3,2016-06-26,10-Q,273
829224,2016,4,2016-10-02,10-K,371
829224,2017,1,2017-01-01,10-Q,91
829224,2017,2,2017-04-02,10-Q,182
829224,2017,3,2017-07-02,10-Q,273
829224,2017,4,2017-10-01,10-K,364
829224,2018,1,2017-12-31,10-Q,91
829224,2018,2,2018-04-01,10-Q,182
829224,2018,3,2018-07-01,10-Q,273
829224,2018,4,2018-09-30,10-K,364
829224,2019,1,2018-12-30,10-Q,91
829224,2019,2,2019-03-31,10-Q,182
829224,2019,3,2019-06-30,10-Q,273
829224,2019,4,2019-09-29,10-K,364
829224,2020,1,2019-12-29,10-Q,91
829224,2020,2,2020-03-29,10-Q,182
829224,2020,3,2020-06-28,10-Q,273
829224,2020,4,2020-09-27,10-K,364
829224,2021,1,2020-12-27,10-Q,91
829224,2021,2,2021-03-28,10-Q,182
829224,2021,3,2021-06-27,10-Q,273
829224,2021,4,2021-10-03,10-K,371
829224,2022,1,2022-01-02,10-Q,91
829224,2022,2,2022-04-03,10-Q,182
829224,2022,3,2022-07-03,10-Q,273
829224,2022,4,2022-10-02,10-K,364
829224,2023,1,2023-01-01,10-Q,91
829224,2023,2,2023-04-02,10-Q,182
829224,2023,3,2023-07-02,10-Q,273
829224,2023,4,2023-10-01,10-K,364
829224,2024,1,2023-12-31,10-Q,91
829224,2024,2,2024-03-31,10-Q,182
829224,2024,3,2024-06-30,10-Q,273
829224,2024,4,2024-09-29,10-K,364
831001,2012,1,2012-03-31,10-Q,105
831001,2012,2,2012-06-30,10-Q,196
831001,2012,3,2012-09-30,10-Q,288
831001,2012,4,2012-12-31,10-K,380
831001,2013,1,2013-03-31,10-Q,90
831001,2013,2,2013-06-30,10-Q,181
831001,2013,3,2013-09-30,10-Q,273
831001,2013,4,2013-12-31,10-K,365
831001,2014,1,2014-03-31,10-Q,90
831001,2014,2,2014-06-30,10-Q,181
831001,2014,3,2014-09-30,10-Q,273
831001,2014,4,2014-12-31,10-K,365
831001,2015,1,2015-03-31,10-Q,90
831001,2015,2,2015-06-30,10-Q,181
831001,2015,3,2015-09-30,10-Q,273
831001,2015,4,2015-12-31,10-K,365
831001,2016,1,2016-03-31,10-Q,91
831001,2016,2,2016-06-30,10-Q,182
831001,2016,3,2016-09-30,10-Q,274
831001,2016,4,2016-12-31,10-K,366
831001,2017,1,2017-03-31,10-Q,90
831001,2017,2,2017-06-30,10-Q,181
831001,2017,3,2017-09-30,10-Q,273
831001,2017,4,2017-12-31,10-K,365
831001,2018,1,2018-03-31,10-Q,90
831001,2018,2,2018-06-30,10-Q,181
831001,2018,3,2018-09-30,10-Q,273
831001,2018,4,2018-12-31,10-K,365
831001,2019,1,2019-03-31,10-Q,90
831001,2019,2,2019-06-30,10-Q,181
831001,2019,3,2019-09-30,10-Q,273
831001,2019,4,2019-12-31,10-K,365
831001,2020,1,2020-03-31,10-Q,91
831001,2020,2,2020-06-30,10-Q,182
831001,2020,3,2020-09-30,10-Q,274
831001,2020,4,2020-12-31,10-K,366
831001,2021,1,2021-03-31,10-Q,90
831001,2021,2,2021-06-30,10-Q,181
831001,2021,3,2021-09-30,10-Q,273
831001,2021,4,2021-12-31,10-K,365
831001,2022,1,2022-03-31,10-Q,90
831001,2022,2,2022-06-30,10-Q,181
831001,2022,3,2022-09-30,10-Q,273
831001,2022,4,2022-12-31,10-K,365
831001,2023,1,2023-03-31,10-Q,90
831001,2023,2,2023-06-30,10-Q,181
831001,2023,3,2023-09-30,10-Q,273
831001,2023,4,2023-12-31,10-K,365
831001,2024,1,2024-03-31,10-Q,91
831001,2024,2,2024-06-30,10-Q,182
831001,2024,3,2024-09-30,10-Q,274
831001,2024,4,2024-12-31,10-K,366
858877,2012,2,2012-01-28,10-Q,198
858877,2012,3,2012-04-28,10-Q,289
858877,2012,4,2012-07-28,10-K,380
858877,2013,1,2012-10-27,10-Q,91
858877,2013,2,2013-01-26,10-Q,182
858877,2013,3,2013-04-27,10-Q,273
858877,2013,4,2013-07-27,10-K,364
858877,2014,1,2013-10-26,10-Q,91
858877,2014,2,2014-01-25,10-Q,182
858877,2014,3,2014-04-26,10-Q,273
858877,2014,4,2014-07-26,10-K,364
858877,2015,1,2014-10-25,10-Q,91
858877,2015,2,2015-01-24,10-Q,182
858877,2015,3,2015-04-25,10-Q,273
858877,2015,4,2015-07-25,10-K,364
858877,2016,1,2015-10-24,10-Q,91
858877,2016,2,2016-01-23,10-Q,182
858877,2016,3,2016-04-30,10-Q,280
858877,2016,4,2016-07-30,10-K,371
858877,2017,1,2016-10-29,10-Q,91
858877,2017,2,2017-01-28,10-Q,182
858877,2017,3,2017-04-29,10-Q,273
858877,2017,4,2017-07-29,10-K,364
858877,2018,1,2017-10-28,10-Q,91
858877,2018,2,2018-01-27,10-Q,182
858877,2018,3,2018-04-28,10-Q,273
858877,2018,4,2018-07-28,10-K,364
858877,2019,1,2018-10-27,10-Q,91
858877,2019,2,2019-01-26,10-Q,182
858877,2019,3,2019-04-27,10-Q,273
858877,2019,4,2019-07-27,10-K,364
858877,2020,1,2019-10-26,10-Q,91
858877,2020,2,2020-01-25,10-Q,182
858877,2020,3,2020-04-25,10-Q,273
858877,2020,4,2020-07-25,10-K,364
858877,2021,1,2020-10-24,10-Q,91
858877,2021,2,2021-01-23,10-Q,182
858877,2021,3,2021-05-01,10-Q,280
858877,2021,4,2021-07-31,10-K,371
858877,2022,1,2021-10-30,10-Q,91
858877,2022,2,2022-01-29,10-Q,182
858877,2022,3,2022-04-30,10-Q,273
858877,2022,4,2022-07-30,10-K,364
858877,2023,1,2022-10-29,10-Q,91
858877,2023,2,2023-01-28,10-Q,182
858877,2023,3,2023-04-29,10-Q,273
858877,2023,4,2023-07-29,10-K,364
858877,2024,1,2023-10-28,10-Q,91
858877,2024,2,2024-01-27,10-Q,182
858877,2024,3,2024-04-27,10-Q,273
858877,2024,4,2024-07-27,10-K,364
860730,2012,1,2012-03-31,10-Q,105
860730,2012,3,2012-09-30,10-Q,288
860730,2012,4,2012-12-31,10-K,380
860730,2013,1,2013-03-31,10-Q,90
860730,2013,2,2013-06-30,10-Q,181
860730,2013,3,2013-09-30,10-Q,273
860730,2013,4,2013-12-31,10-K,365
860730,2014,1,2014-03-31,10-Q,90
860730,2014,2,2014-06-30,10-Q,181
860730,2014,3,2014-09-30,10-Q,273
860730,2014,4,2014-12-31,10-K,365
860730,2015,1,2015-03-31,10-Q,90
860730,2015,2,2015-06-30,10-Q,181
860730,2015,3,2015-09-30,10-Q,273
860730,2015,4,2015-12-31,10-K,365
860730,2016,1,2016-03-31,10-Q,91
860730,2016,2,2016-06-30,10-Q,182
860730,2016,3,2016-09-30,10-Q,274
860730,2016,4,2016-12-31,10-K,366
860730,2017,1,2017-03-31,10-Q,90
860730,2017,2,2017-06-30,10-Q,181
860730,2017,3,2017-09-30,10-Q,273
860730,2017,4,2017-12-31,10-K,365
860730,2018,1,2018-03-31,10-Q,90
860730,2018,2,2018-06-30,10-Q,181
860730,2018,3,2018-09-30,10-Q,273
860730,2018,4,2018-12-31,10-K,365
860730,2019,1,2019-03-31,10-Q,90
860730,2019,2,2019-06-30,10-Q,181
860730,2019,3,2019-09-30,10-Q,273
860730,2019,4,2019-12-31,10-K,365
860730,2020,1,2020-03-31,10-Q,91
860730,2020,2,2020-06-30,10-Q,182
860730,2020,3,2020-09-30,10-Q,274
860730,2020,4,2020-12-31,10-K,366
860730,2021,1,2021-03-31,10-Q,90
860730,2021,2,2021-06-30,10-Q,181
860730,2021,3,2021-09-30,10-Q,273
860730,2021,4,2021-12-31,10-K,365
860730,2022,1,2022-03-31,10-Q,90
860730,2022,2,2022-06-30,10-Q,181
860730,2022,3,2022-09-30,10-Q,273
860730,2022,4,2022-12-31,10-K,365
860730,2023,1,2023-03-31,10-Q,90
860730,2023,2,2023-06-30,10-Q,181
860730,2023,3,2023-09-30,10-Q,273
860730,2023,4,2023-12-31,10-K,365
860730,2024,1,2024-03-31,10-Q,91
860730,2024,2,2024-06-30,10-Q,182
860730,2024,3,2024-09-30,10-Q,274
860730,2024,4,2024-12-31,10-K,366
866374,2012,4,2012-03-31,10-K,380
866374,2013,1,2012-06-29,10-Q,90
866374,2013,2,2012-09-28,10-Q,181
866374,2013,3,2012-12-31,10-Q,275
866374,2013,4,2013-03-31,10-K,365
866374,2014,1,2013-06-28,10-Q,89
866374,2014,3,2013-12-31,10-Q,275
866374,2014,4,2014-03-31,10-K,365
866374,2015,1,2014-06-27,10-Q,88
866374,2015,2,2014-09-26,10-Q,179
866374,2015,3,2014-12-31,10-Q,275
866374,2015,4,2015-03-31,10-K,365
866374,2016,1,2015-06-26,10-Q,87
866374,2016,2,2015-09-25,10-Q,178
866374,2016,3,2015-12-31,10-Q,275
866374,2016,4,2016-03-31,10-K,366
866374,2017,1,2016-07-01,10-Q,92
866374,2017,2,2016-09-30,10-Q,183
866374,2017,3,2016-12-31,10-Q,275
866374,2017,4,2017-03-31,10-K,365
866374,2018,1,2017-06-30,10-Q,91
866374,2018,2,2017-09-29,10-Q,182
866374,2018,3,2017-12-31,10-Q,275
866374,2018,4,2018-03-31,10-K,365
866374,2019,1,2018-06-29,10-Q,90
866374,2019,2,2018-09-28,10-Q,181
866374,2019,3,2018-12-31,10-Q,275
866374,2019,4,2019-03-31,10-K,365
866374,2020,1,2019-06-28,10-Q,89
866374,2020,2,2019-09-27,10-Q,180
866374,2020,3,2019-12-31,10-Q,275
866374,2020,4,2020-03-31,10-K,366
866374,2021,1,2020-06-26,10-Q,87
866374,2021,2,2020-09-25,10-Q,178
866374,2021,3,2020-12-31,10-Q,275
866374,2021,4,2021-03-31,10-K,365
866374,2022,1,2021-07-02,10-Q,93
866374,2022,2,2021-10-01,10-Q,184
866374,2022,3,2021-12-31,10-Q,275
866374,2022,4,2022-03-31,10-K,365
866374,2023,1,2022-07-01,10-Q,92
866374,2023,2,2022-09-30,10-Q,183
866374,2023,3,2022-12-31,10-Q,275
866374,2023,4,2023-03-31,10-K,365
866374,2024,1,2023-06-30,10-Q,91
866374,2024,2,2023-09-29,10-Q,182
866374,2024,3,2023-12-31,10-Q,275
866374,2024,4,2024-03-31,10-K,366
882095,2012,1,2012-03-31,10-Q,105
882095,2012,2,2012-06-30,10-Q,196
882095,2012,3,2012-09-30,10-Q,288
882095,2012,4,2012-12-31,10-K,380
882095,2013,1,2013-03-31,10-Q,90
882095,2013,2,2013-06-30,10-Q,181
882095,2013,3,2013-09-30,10-Q,273
882095,2013,4,2013-12-31,10-K,365
882095,2014,1,2014-03-31,10-Q,90
882095,2014,2,2014-06-30,10-Q,181
882095,2014,3,2014-09-30,10-Q,273
882095,2014,4,2014-12-31,10-K,365
882095,2015,1,2015-03-31,10-Q,90
882095,2015,2,2015-06-30,10-Q,181
882095,2015,3,2015-09-30,10-Q,273
882095,2015,4,2015-12-31,10-K,365
882095,2016,1,2016-03-31,10-Q,91
882095,2016,2,2016-06-30,10-Q,182
882095,2016,3,2016-09-30,10-Q,274
882095,2016,4,2016-12-31,10-K,366
882095,2017,1,2017-03-31,10-Q,90
882095,2017,2,2017-06-30,10-Q,181
882095,2017,3,2017-09-30,10-Q,273
882095,2017,4,2017-12-31,10-K,365
882095,2018,1,2018-03-31,10-Q,90
882095,2018,2,2018-06-30,10-Q,181
882095,2018,3,2018-09-30,10-Q,273
882095,2018,4,2018-12-31,10-K,365
882095,2019,1,2019-03-31,10-Q,90
882095,2019,2,2019-06-30,10-Q,181
882095,2019,3,2019-09-30,10-Q,273
882095,2019,4,2019-12-31,10-K,365
882095,2020,1,2020-03-31,10-Q,91
882095,2020,2,2020-06-30,10-Q,182
882095,2020,3,2020-09-30,10-Q,274
882095,2020,4,2020-12-31,10-K,366
882095,2021,1,2021-03-31,10-Q,90
882095,2021,2,2021-06-30,10-Q,181
882095,2021,3,2021-09-30,10-Q,273
882095,2021,4,2021-12-31,10-K,365
882095,2022,1,2022-03-31,10-Q,90
882095,2022,2,2022-06-30,10-Q,181
882095,2022,3,2022-09-30,10-Q,273
882095,2022,4,2022-12-31,10-K,365
882095,2023,1,2023-03-31,10-Q,90
882095,2023,2,2023-06-30,10-Q,181
882095,2023,3,2023-09-30,10-Q,273
882095,2023,4,2023-12-31,10-K,365
882095,2024,1,2024-03-31,10-Q,91
882095,2024,2,2024-06-30,10-Q,182
882095,2024,3,2024-09-30,10-Q,274
882095,2024,4,2024-12-31,10-K,366
882184,2012,2,2012-03-31,10-Q,197
882184,2012,3,2012-06-30,10-Q,288
882184,2012,4,2012-09-30,10-K,380
882184,2013,1,2012-12-31,10-Q,92
882184,2013,2,2013-03-31,10-Q,182
882184,2013,3,2013-06-30,10-Q,273
882184,2013,4,2013-09-30,10-K,365
882184,2014,1,2013-12-31,10-Q,92
882184,2014,2,2014-03-31,10-Q,182
882184,2014,3,2014-06-30,10-Q,273
882184,2014,4,2014-09-30,10-K,365
882184,2015,1,2014-12-31,10-Q,92
882184,2015,2,2015-03-31,10-Q,182
882184,2015,3,2015-06-30,10-Q,273
882184,2015,4,2015-09-30,10-K,365
882184,2016,1,2015-12-31,10-Q,92
882184,2016,2,2016-03-31,10-Q,183
882184,2016,3,2016-06-30,10-Q,274
882184,2016,4,2016-09-30,10-K,366
882184,2017,1,2016-12-31,10-Q,92
882184,2017,2,2017-03-31,10-Q,182
882184,2017,3,2017-06-30,10-Q,273
882184,2017,4,2017-09-30,10-K,365
882184,2018,1,2017-12-31,10-Q,92
882184,2018,2,2018-03-31,10-Q,182
882184,2018,3,2018-06-30,10-Q,273
882184,2018,4,2018-09-30,10-K,365
882184,2019,1,2018-12-31,10-Q,92
882184,2019,2,2019-03-31,10-Q,182
882184,2019,3,2019-06-30,10-Q,273
882184,2019,4,2019-09-30,10-K,365
882184,2020,1,2019-12-31,10-Q,92
882184,2020,2,2020-03-31,10-Q,183
882184,2020,3,2020-06-30,10-Q,274
882184,2020,4,2020-09-30,10-K,366
882184,2021,1,2020-12-31,10-Q,92
882184,2021,2,2021-03-31,10-Q,182
882184,2021,3,2021-06-30,10-Q,273
882184,2021,4,2021-09-30,10-K,365
882184,2022,1,2021-12-31,10-Q,92
882184,2022,2,2022-03-31,10-Q,182
882184,2022,3,2022-06-30,10-Q,273
882184,2022,4,2022-09-30,10-K,365
882184,2023,1,2022-12-31,10-Q,92
882184,2023,2,2023-03-31,10-Q,182
882184,2023,3,2023-06-30,10-Q,273
882184,2023,4,2023-09-30,10-K,365
882184,2024,1,2023-12-31,10-Q,92
882184,2024,2,2024-03-31,10-Q,183
882184,2024,3,2024-06-30,10-Q,274
882184,2024,4,2024-09-30,10-K,366
898293,2012,2,2012-02-29,10-Q,196
898293,2012,3,2012-05-31,10-Q,288
898293,2012,4,2012-08-31,10-K,380
898293,2013,1,2012-11-30,10-Q,91
898293,2013,2,2013-02-28,10-Q,181
898293,2013,3,2013-05-31,10-Q,273
898293,2013,4,2013-08-31,10-K,365
898293,2014,1,2013-11-30,10-Q,91
898293,2014,2,2014-02-28,10-Q,181
898293,2014,3,2014-05-31,10-Q,273
898293,2014,4,2014-08-31,10-K,365
898293,2015,1,2014-11-30,10-Q,91
898293,2015,2,2015-02-28,10-Q,181
898293,2015,3,2015-05-31,10-Q,273
898293,2015,4,2015-08-31,10-K,365
898293,2016,1,2015-11-30,10-Q,91
898293,2016,2,2016-02-29,10-Q,182
898293,2016,3,2016-05-31,10-Q,274
898293,2016,4,2016-08-31,10-K,366
898293,2017,1,2016-11-30,10-Q,91
898293,2017,2,2017-02-28,10-Q,181
898293,2017,3,2017-05-31,10-Q,273
898293,2017,4,2017-08-31,10-K,365
898293,2018,1,2017-11-30,10-Q,91
898293,2018,2,2018-02-28,10-Q,181
898293,2018,3,2018-05-31,10-Q,273
898293,2018,4,2018-08-31,10-K,365
898293,2019,1,2018-11-30,10-Q,91
898293,2019,2,2019-02-28,10-Q,181
898293,2019,3,2019-05-31,10-Q,273
898293,2019,4,2019-08-31,10-K,365
898293,2020,1,2019-11-30,10-Q,91
898293,2020,2,2020-02-29,10-Q,182
898293,2020,3,2020-05-31,10-Q,274
898293,2020,4,2020-08-31,10-K,366
898293,2021,1,2020-11-30,10-Q,91
898293,2021,2,2021-02-28,10-Q,181
898293,2021,3,2021-05-31,10-Q,273
898293,2021,4,2021-08-31,10-K,365
898293,2022,1,2021-11-30,10-Q,91
898293,2022,2,2022-02-28,10-Q,181
898293,2022,3,2022-05-31,10-Q,273
898293,2022,4,2022-08-31,10-K,365
898293,2023,1,2022-11-30,10-Q,91
898293,2023,2,2023-02-28,10-Q,181
898293,2023,3,2023-05-31,10-Q,273
898293,2023,4,2023-08-31,10-K,365
898293,2024,1,2023-11-30,10-Q,91
898293,2024,2,2024-02-29,10-Q,182
898293,2024,3,2024-05-31,10-Q,274
898293,2024,4,2024-08-31,10-K,366
899051,2012,1,2012-03-31,10-Q,105
899051,2012,2,2012-06-30,10-Q,196
899051,2012,3,2012-09-30,10-Q,288
899051,2012,4,2012-12-31,10-K,380
899051,2013,1,2013-03-31,10-Q,90
899051,2013,2,2013-06-30,10-Q,181
899051,2013,3,2013-09-30,10-Q,273
899051,2013,4,2013-12-31,10-K,365
899051,2014,1,2014-03-31,10-Q,90
899051,2014,2,2014-06-30,10-Q,181
899051,2014,3,2014-09-30,10-Q,273
899051,2014,4,2014-12-31,10-K,365
899051,2015,1,2015-03-31,10-Q,90
899051,2015,2,2015-06-30,10-Q,181
899051,2015,3,2015-09-30,10-Q,273
899051,2015,4,2015-12-31,10-K,365
899051,2016,1,2016-03-31,10-Q,91
899051,2016,2,2016-06-30,10-Q,182
899051,2016,3,2016-09-30,10-Q,274
899051,2016,4,2016-12-31,10-K,366
899051,2017,1,2017-03-31,10-Q,90
899051,2017,2,2017-06-30,10-Q,181
899051,2017,3,2017-09-30,10-Q,273
899051,2017,4,2017-12-31,10-K,365
899051,2018,1,2018-03-31,10-Q,90
899051,2018,2,2018-06-30,10-Q,181
899051,2018,3,2018-09-30,10-Q,273
899051,2018,4,2018-12-31,10-K,365
899051,2019,1,2019-03-31,10-Q,90
899051,2019,2,2019-06-30,10-Q,181
899051,2019,3,2019-09-30,10-Q,273
899051,2019,4,2019-12-31,10-K,365
899051,2020,1,2020-03-31,10-Q,91
899051,2020,2,2020-06-30,10-Q,182
899051,2020,3,2020-09-30,10-Q,274
899051,2020,4,2020-12-31,10-K,366
899051,2021,1,2021-03-31,10-Q,90
899051,2021,2,2021-06-30,10-Q,181
899051,2021,3,2021-09-30,10-Q,273
899051,2021,4,2021-12-31,10-K,365
899051,2022,1,2022-03-31,10-Q,90
899051,2022,2,2022-06-30,10-Q,181
899051,2022,3,2022-09-30,10-Q,273
899051,2022,4,2022-12-31,10-K,365
899051,2023,1,2023-03-31,10-Q,90
899051,2023,2,2023-06-30,10-Q,181
899051,2023,3,2023-09-30,10-Q,273
899051,2023,4,2023-12-31,10-K,365
899051,2024,1,2024-03-31,10-Q,91
899051,2024,2,2024-06-30,10-Q,182
899051,2024,3,2024-09-30,10-Q,274
899051,2024,4,2024-12-31,10-K,366
909832,2012,2,2012-02-12,10-Q,177
909832,2012,3,2012-05-06,10-Q,261
909832,2012,4,2012-09-02,10-K,380
909832,2013,1,2012-11-25,10-Q,84
909832,2013,2,2013-02-17,10-Q,168
909832,2013,3,2013-05-12,10-Q,252
909832,2013,4,2013-09-01,10-K,364
909832,2014,1,2013-11-24,10-Q,84
909832,2014,2,2014-02-16,10-Q,168
909832,2014,3,2014-05-11,10-Q,252
909832,2014,4,2014-08-31,10-K,364
909832,2015,1,2014-11-23,10-Q,84
909832,2015,2,2015-02-15,10-Q,168
909832,2015,3,2015-05-10,10-Q,252
909832,2015,4,2015-08-30,10-K,364
909832,2016,1,2015-11-22,10-Q,84
909832,2016,2,2016-02-14,10-Q,168
909832,2016,3,2016-05-08,10-Q,252
909832,2016,4,2016-08-28,10-K,364
909832,2017,1,2016-11-20,10-Q,84
909832,2017,2,2017-02-12,10-Q,168
909832,2017,3,2017-05-07,10-Q,252
909832,2017,4,2017-09-03,10-K,371
909832,2018,1,2017-11-26,10-Q,84
909832,2018,2,2018-02-18,10-Q,168
909832,2018,3,2018-05-13,10-Q,252
909832,2018,4,2018-09-02,10-K,364
909832,2019,1,2018-11-25,10-Q,84
909832,2019,2,2019-02-17,10-Q,168
909832,2019,3,2019-05-12,10-Q,252
909832,2019,4,2019-09-01,10-K,364
909832,2020,1,2019-11-24,10-Q,84
909832,2020,2,2020-02-16,10-Q,168
909832,2020,3,2020-05-10,10-Q,252
909832,2020,4,2020-08-30,10-K,364
909832,2021,1,2020-11-22,10-Q,84
909832,2021,2,2021-02-14,10-Q,168
909832,2021,3,2021-05-09,10-Q,252
909832,2021,4,2021-08-29,10-K,364
909832,2022,1,2021-11-21,10-Q,84
909832,2022,2,2022-02-13,10-Q,168
909832,2022,3,2022-05-08,10-Q,252
909832,2022,4,2022-08-28,10-K,364
909832,2023,1,2022-11-20,10-Q,84
909832,2023,2,2023-02-12,10-Q,168
909832,2023,3,2023-05-07,10-Q,252
909832,2023,4,2023-09-03,10-K,371
909832,2024,1,2023-11-26,10-Q,84
909832,2024,2,2024-02-18,10-Q,168
909832,2024,3,2024-05-12,10-Q,252
909832,2024,4,2024-09-01,10-K,364
913760,2012,2,2012-03-31,10-Q,197
913760,2012,3,2012-06-30,10-Q,288
913760,2012,4,2012-09-30,10-K,380
913760,2013,1,2012-12-31,10-Q,92
913760,2013,2,2013-03-31,10-Q,182
913760,2013,3,2013-06-30,10-Q,273
913760,2013,4,2013-09-30,10-K,365
913760,2014,1,2013-12-31,10-Q,92
913760,2014,2,2014-03-31,10-Q,182
913760,2014,3,2014-06-30,10-Q,273
913760,2014,4,2014-09-30,10-K,365
913760,2015,1,2014-12-31,10-Q,92
913760,2015,2,2015-03-31,10-Q,182
913760,2015,3,2015-06-30,10-Q,273
913760,2015,4,2015-09-30,10-K,365
913760,2016,1,2015-12-31,10-Q,92
913760,2016,2,2016-03-31,10-Q,183
913760,2016,3,2016-06-30,10-Q,274
913760,2016,4,2016-09-30,10-K,366
913760,2017,1,2016-12-31,10-Q,92
913760,2017,2,2017-03-31,10-Q,182
913760,2017,3,2017-06-30,10-Q,273
913760,2017,4,2017-09-30,10-K,365
913760,2018,1,2017-12-31,10-Q,92
913760,2018,2,2018-03-31,10-Q,182
913760,2018,3,2018-06-30,10-Q,273
913760,2018,4,2018-09-30,10-K,365
913760,2019,1,2018-12-31,10-Q,92
913760,2019,2,2019-03-31,10-Q,182
913760,2019,3,2019-06-30,10-Q,273
913760,2019,4,2019-09-30,10-K,365
913760,2020,1,2019-12-31,10-Q,92
913760,2020,2,2020-03-31,10-Q,183
913760,2020,3,2020-06-30,10-Q,274
913760,2020,4,2020-09-30,10-K,366
913760,2021,1,2020-12-31,10-Q,92
913760,2021,2,2021-03-31,10-Q,182
913760,2021,3,2021-06-30,10-Q,273
913760,2021,4,2021-09-30,10-K,365
913760,2022,1,2021-12-31,10-Q,92
913760,2022,2,2022-03-31,10-Q,182
913760,2022,3,2022-06-30,10-Q,273
913760,2022,4,2022-09-30,10-K,365
913760,2023,1,2022-12-31,10-Q,92
913760,2023,2,2023-03-31,10-Q,182
913760,2023,3,2023-06-30,10-Q,273
913760,2023,4,2023-09-30,10-K,365
913760,2024,1,2023-12-31,10-Q,92
913760,2024,2,2024-03-31,10-Q,183
913760,2024,3,2024-06-30,10-Q,274
913760,2024,4,2024-09-30,10-K,366
920760,2012,1,2012-02-29,10-Q,105
920760,2012,2,2012-05-31,10-Q,197
920760,2012,3,2012-08-31,10-Q,289
920760,2012,4,2012-11-30,10-K,380
920760,2013,1,2013-02-28,10-Q,90
920760,2013,2,2013-05-31,10-Q,182
920760,2013,3,2013-08-31,10-Q,274
920760,2013,4,2013-11-30,10-K,365
920760,2014,1,2014-02-28,10-Q,90
920760,2014,2,2014-05-31,10-Q,182
920760,2014,3,2014-08-31,10-Q,274
920760,2014,4,2014-11-30,10-K,365
920760,2015,1,2015-02-28,10-Q,90
920760,2015,2,2015-05-31,10-Q,182
920760,2015,3,2015-08-31,10-Q,274
920760,2015,4,2015-11-30,10-K,365
920760,2016,1,2016-02-29,10-Q,91
920760,2016,2,2016-05-31,10-Q,183
920760,2016,3,2016-08-31,10-Q,275
920760,2016,4,2016-11-30,10-K,366
920760,2017,1,2017-02-28,10-Q,90
920760,2017,2,2017-05-31,10-Q,182
920760,2017,3,2017-08-31,10-Q,274
920760,2017,4,2017-11-30,10-K,365
920760,2018,1,2018-02-28,10-Q,90
920760,2018,2,2018-05-31,10-Q,182
920760,2018,3,2018-08-31,10-Q,274
920760,2018,4,2018-11-30,10-K,365
920760,2019,1,2019-02-28,10-Q,90
920760,2019,2,2019-05-31,10-Q,182
920760,2019,3,2019-08-31,10-Q,274
920760,2019,4,2019-11-30,10-K,365
920760,2020,1,2020-02-29,10-Q,91
920760,2020,2,2020-05-31,10-Q,183
920760,2020,3,2020-08-31,10-Q,275
920760,2020,4,2020-11-30,10-K,366
920760,2021,1,2021-02-28,10-Q,90
920760,2021,2,2021-05-31,10-Q,182
920760,2021,3,2021-08-31,10-Q,274
920760,2021,4,2021-11-30,10-K,365
920760,2022,1,2022-02-28,10-Q,90
920760,2022,2,2022-05-31,10-Q,182
920760,2022,3,2022-08-31,10-Q,274
920760,2022,4,2022-11-30,10-K,365
920760,2023,1,2023-02-28,10-Q,90
920760,2023,2,2023-05-31,10-Q,182
920760,2023,3,2023-08-31,10-Q,274
920760,2023,4,2023-11-30,10-K,365
920760,2024,1,2024-02-29,10-Q,91
920760,2024,2,2024-05-31,10-Q,183
920760,2024,3,2024-08-31,10-Q,275
920760,2024,4,2024-11-30,10-K,366
927628,2012,1,2012-03-31,10-Q,105
927628,2012,2,2012-06-30,10-Q,196
927628,2012,3,2012-09-30,10-Q,288
927628,2012,4,2012-12-31,10-K,380
927628,2013,1,2013-03-31,10-Q,90
927628,2013,2,2013-06-30,10-Q,181
927628,2013,3,2013-09-30,10-Q,273
927628,2013,4,2013-12-31,10-K,365
927628,2014,1,2014-03-31,10-Q,90
927628,2014,2,2014-06-30,10-Q,181
927628,2014,3,2014-09-30,10-Q,273
927628,2014,4,2014-12-31,10-K,365
927628,2015,1,2015-03-31,10-Q,90
927628,2015,2,2015-06-30,10-Q,181
927628,2015,3,2015-09-30,10-Q,273
927628,2015,4,2015-12-31,10-K,365
927628,2016,1,2016-03-31,10-Q,91
927628,2016,2,2016-06-30,10-Q,182
927628,2016,3,2016-09-30,10-Q,274
927628,2016,4,2016-12-31,10-K,366
927628,2017,1,2017-03-31,10-Q,90
927628,2017,2,2017-06-30,10-Q,181
927628,2017,3,2017-09-30,10-Q,273
927628,2017,4,2017-12-31,10-K,365
927628,2018,1,2018-03-31,10-Q,90
927628,2018,2,2018-06-30,10-Q,181
927628,2018,3,2018-09-30,10-Q,273
927628,2018,4,2018-12-31,10-K,365
927628,2019,1,2019-03-31,10-Q,90
927628,2019,2,2019-06-30,10-Q,181
927628,2019,3,2019-09-30,10-Q,273
927628,2019,4,2019-12-31,10-K,365
927628,2020,1,2020-03-31,10-Q,91
927628,2020,2,2020-06-30,10-Q,182
927628,2020,3,2020-09-30,10-Q,274
927628,2020,4,2020-12-31,10-K,366
927628,2021,1,2021-03-31,10-Q,90
927628,2021,2,2021-06-30,10-Q,181
927628,2021,3,2021-09-30,10-Q,273
927628,2021,4,2021-12-31,10-K,365
927628,2022,1,2022-03-31,10-Q,90
927628,2022,2,2022-06-30,10-Q,181
927628,2022,3,2022-09-30,10-Q,273
927628,2022,4,2022-12-31,10-K,365
927628,2023,1,2023-03-31,10-Q,90
927628,2023,2,2023-06-30,10-Q,181
927628,2023,3,2023-09-30,10-Q,273
927628,2023,4,2023-12-31,10-K,365
927628,2024,1,2024-03-31,10-Q,91
927628,2024,2,2024-06-30,10-Q,182
927628,2024,3,2024-09-30,10-Q,274
927628,2024,4,2024-12-31,10-K,366
927653,2012,4,2012-03-31,10-K,380
927653,2013,1,2012-06-30,10-Q,91
927653,2013,2,2012-09-30,10-Q,183
927653,2013,3,2012-12-31,10-Q,275
927653,2013,4,2013-03-31,10-K,365
927653,2014,1,2013-06-30,10-Q,91
927653,2014,2,2013-09-30,10-Q,183
927653,2014,3,2013-12-31,10-Q,275
927653,2014,4,2014-03-31,10-K,365
927653,2015,1,2014-06-30,10-Q,91
927653,2015,2,2014-09-30,10-Q,183
927653,2015,3,2014-12-31,10-Q,275
927653,2015,4,2015-03-31,10-K,365
927653,2016,1,2015-06-30,10-Q,91
927653,2016,2,2015-09-30,10-Q,183
927653,2016,3,2015-12-31,10-Q,275
927653,2016,4,2016-03-31,10-K,366
927653,2017,1,2016-06-30,10-Q,91
927653,2017,2,2016-09-30,10-Q,183
927653,2017,3,2016-12-31,10-Q,275
927653,2017,4,2017-03-31,10-K,365
927653,2018,1,2017-06-30,10-Q,91
927653,2018,2,2017-09-30,10-Q,183
927653,2018,3,2017-12-31,10-Q,275
927653,2018,4,2018-03-31,10-K,365
927653,2019,1,2018-06-30,10-Q,91
927653,2019,2,2018-09-30,10-Q,183
927653,2019,3,2018-12-31,10-Q,275
927653,2019,4,2019-03-31,10-K,365
927653,2020,1,2019-06-30,10-Q,91
927653,2020,2,2019-09-30,10-Q,183
927653,2020,3,2019-12-31,10-Q,275
927653,2020,4,2020-03-31,10-K,366
927653,2021,1,2020-06-30,10-Q,91
927653,2021,2,2020-09-30,10-Q,183
927653,2021,3,2020-12-31,10-Q,275
927653,2021,4,2021-03-31,10-K,365
927653,2022,1,2021-06-30,10-Q,91
927653,2022,2,2021-09-30,10-Q,183
927653,2022,3,2021-12-31,10-Q,275
927653,2022,4,2022-03-31,10-K,365
927653,2023,1,2022-06-30,10-Q,91
927653,2023,2,2022-09-30,10-Q,183
927653,2023,3,2022-12-31,10-Q,275
927653,2023,4,2023-03-31,10-K,365
927653,2024,1,2023-06-30,10-Q,91
927653,2024,2,2023-09-30,10-Q,183
927653,2024,3,2023-12-31,10-Q,275
927653,2024,4,2024-03-31,10-K,366
936468,2012,1,2012-03-25,10-Q,99
936468,2012,2,2012-06-24,10-Q,190
936468,2012,3,2012-09-30,10-Q,288
936468,2012,4,2012-12-31,10-K,380
936468,2013,1,2013-03-31,10-Q,90
936468,2013,2,2013-06-30,10-Q,181
936468,2013,3,2013-09-29,10-Q,272
936468,2013,4,2013-12-31,10-K,365
936468,2014,1,2014-03-30,10-Q,89
936468,2014,2,2014-06-29,10-Q,180
936468,2014,3,2014-09-28,10-Q,271
936468,2014,4,2014-12-31,10-K,365
936468,2015,1,2015-03-29,10-Q,88
936468,2015,2,2015-06-28,10-Q,179
936468,2015,3,2015-09-27,10-Q,270
936468,2015,4,2015-12-31,10-K,365
936468,2016,1,2016-03-27,10-Q,87
936468,2016,2,2016-06-26,10-Q,178
936468,2016,3,2016-09-25,10-Q,269
936468,2016,4,2016-12-31,10-K,366
936468,2017,1,2017-03-26,10-Q,85
936468,2017,2,2017-06-25,10-Q,176
936468,2017,3,2017-09-24,10-Q,267
936468,2017,4,2017-12-31,10-K,365
936468,2018,1,2018-03-25,10-Q,84
936468,2018,2,2018-06-24,10-Q,175
936468,2018,3,2018-09-30,10-Q,273
936468,2018,4,2018-12-31,10-K,365
936468,2019,1,2019-03-31,10-Q,90
936468,2019,2,2019-06-30,10-Q,181
936468,2019,3,2019-09-29,10-Q,272
936468,2019,4,2019-12-31,10-K,365
936468,2020,1,2020-03-29,10-Q,89
936468,2020,2,2020-06-28,10-Q,180
936468,2020,3,2020-09-27,10-Q,271
936468,2020,4,2020-12-31,10-K,366
936468,2021,1,2021-03-28,10-Q,87
936468,2021,2,2021-06-27,10-Q,178
936468,2021,3,2021-09-26,10-Q,269
936468,2021,4,2021-12-31,10-K,365
936468,2022,1,2022-03-27,10-Q,86
936468,2022,2,2022-06-26,10-Q,177
936468,2022,3,2022-09-25,10-Q,268
936468,2022,4,2022-12-31,10-K,365
936468,2023,1,2023-03-26,10-Q,85
936468,2023,2,2023-06-25,10-Q,176
936468,2023,3,2023-09-24,10-Q,267
936468,2023,4,2023-12-31,10-K,365
936468,2024,1,2024-03-31,10-Q,91
936468,2024,2,2024-06-30,10-Q,182
936468,2024,3,2024-09-29,10-Q,273
936468,2024,4,2024-12-31,10-K,366
937834,2013,3,2013-09-30,10-Q,288
937834,2013,4,2013-12-31,10-K,380
937834,2014,1,2014-03-31,10-Q,90
937834,2014,2,2014-06-30,10-Q,181
937834,2014,3,2014-09-30,10-Q,273
937834,2014,4,2014-12-31,10-K,365
937834,2015,1,2015-03-31,10-Q,90
937834,2015,2,2015-06-30,10-Q,181
937834,2015,3,2015-09-30,10-Q,273
937834,2015,4,2015-12-31,10-K,365
937834,2016,1,2016-03-31,10-Q,91
937834,2016,2,2016-06-30,10-Q,182
937834,2016,3,2016-09-30,10-Q,274
937834,2016,4,2016-12-31,10-K,366
937834,2017,1,2017-03-31,10-Q,90
937834,2017,2,2017-06-30,10-Q,181
937834,2017,3,2017-09-30,10-Q,273
937834,2017,4,2017-12-31,10-K,365
937834,2018,1,2018-03-31,10-Q,90
937834,2018,2,2018-06-30,10-Q,181
937834,2018,3,2018-09-30,10-Q,273
937834,2018,4,2018-12-31,10-K,365
937834,2019,1,2019-03-31,10-Q,90
937834,2019,2,2019-06-30,10-Q,181
937834,2019,3,2019-09-30,10-Q,273
937834,2019,4,2019-12-31,10-K,365
937834,2020,1,2020-03-31,10-Q,91
937834,2020,2,2020-06-30,10-Q,182
937834,2020,3,2020-09-30,10-Q,274
937834,2020,4,2020-12-31,10-K,366
937834,2021,1,2021-03-31,10-Q,90
937834,2021,2,2021-06-30,10-Q,181
937834,2021,3,2021-09-30,10-Q,273
937834,2021,4,2021-12-31,10-K,365
937834,2022,1,2022-03-31,10-Q,90
937834,2022,2,2022-06-30,10-Q,181
937834,2022,3,2022-09-30,10-Q,273
937834,2022,4,2022-12-31,10-K,365
937834,2023,1,2023-03-31,10-Q,90
937834,2023,2,2023-06-30,10-Q,181
937834,2023,3,2023-09-30,10-Q,273
937834,2023,4,2023-12-31,10-K,365
937834,2024,1,2024-03-31,10-Q,91
937834,2024,2,2024-06-30,10-Q,182
937834,2024,3,2024-09-30,10-Q,274
937834,2024,4,2024-12-31,10-K,366
1013871,2012,1,2012-03-31,10-Q,105
1013871,2012,2,2012-06-30,10-Q,196
1013871,2012,3,2012-09-30,10-Q,288
1013871,2012,4,2012-12-31,10-K,380
1013871,2013,1,2013-03-31,10-Q,90
1013871,2013,2,2013-06-30,10-Q,181
1013871,2013,3,2013-09-30,10-Q,273
1013871,2013,4,2013-12-31,10-K,365
1013871,2014,1,2014-03-31,10-Q,90
1013871,2014,2,2014-06-30,10-Q,181
1013871,2014,3,2014-09-30,10-Q,273
1013871,2014,4,2014-12-31,10-K,365
1013871,2015,1,2015-03-31,10-Q,90
1013871,2015,2,2015-06-30,10-Q,181
1013871,2015,3,2015-09-30,10-Q,273
1013871,2015,4,2015-12-31,10-K,365
1013871,2016,1,2016-03-31,10-Q,91
1013871,2016,2,2016-06-30,10-Q,182
1013871,2016,3,2016-09-30,10-Q,274
1013871,2016,4,2016-12-31,10-K,366
1013871,2017,1,2017-03-31,10-Q,90
1013871,2017,2,2017-06-30,10-Q,181
1013871,2017,3,2017-09-30,10-Q,273
1013871,2017,4,2017-12-31,10-K,365
1013871,2018,1,2018-03-31,10-Q,90
1013871,2018,2,2018-06-30,10-Q,181
1013871,2018,3,2018-09-30,10-Q,273
1013871,2018,4,2018-12-31,10-K,365
1013871,2019,1,2019-03-31,10-Q,90
1013871,2019,2,2019-06-30,10-Q,181
1013871,2019,3,2019-09-30,10-Q,273
1013871,2019,4,2019-12-31,10-K,365
1013871,2020,1,2020-03-31,10-Q,91
1013871,2020,2,2020-06-30,10-Q,182
1013871,2020,3,2020-09-30,10-Q,274
1013871,2020,4,2020-12-31,10-K,366
1013871,2021,1,2021-03-31,10-Q,90
1013871,2021,2,2021-06-30,10-Q,181
1013871,2021,3,2021-09-30,10-Q,273
1013871,2021,4,2021-12-31,10-K,365
1013871,2022,1,2022-03-31,10-Q,90
1013871,2022,2,2022-06-30,10-Q,181
1013871,2022,3,2022-09-30,10-Q,273
1013871,2022,4,2022-12-31,10-K,365
1013871,2023,1,2023-03-31,10-Q,90
1013871,2023,2,2023-06-30,10-Q,181
1013871,2023,3,2023-09-30,10-Q,273
1013871,2023,4,2023-12-31,10-K,365
1013871,2024,1,2024-03-31,10-Q,91
1013871,2024,2,2024-06-30,10-Q,182
1013871,2024,3,2024-09-30,10-Q,274
1013871,2024,4,2024-12-31,10-K,366
1018724,2012,1,2012-03-31,10-Q,105
1018724,2012,2,2012-06-30,10-Q,196
1018724,2012,3,2012-09-30,10-Q,288
1018724,2012,4,2012-12-31,10-K,380
1018724,2013,1,2013-03-31,10-Q,90
1018724,2013,2,2013-06-30,10-Q,181
1018724,2013,3,2013-09-30,10-Q,273
1018724,2013,4,2013-12-31,10-K,365
1018724,2014,1,2014-03-31,10-Q,90
1018724,2014,2,2014-06-30,10-Q,181
1018724,2014,3,2014-09-30,10-Q,273
1018724,2014,4,2014-12-31,10-K,365
1018724,2015,1,2015-03-31,10-Q,90
1018724,2015,2,2015-06-30,10-Q,181
1018724,2015,3,2015-09-30,10-Q,273
1018724,2015,4,2015-12-31,10-K,365
1018724,2016,1,2016-03-31,10-Q,91
1018724,2016,2,2016-06-30,10-Q,182
1018724,2016,3,2016-09-30,10-Q,274
1018724,2016,4,2016-12-31,10-K,366
1018724,2017,1,2017-03-31,10-Q,90
1018724,2017,2,2017-06-30,10-Q,181
1018724,2017,3,2017-09-30,10-Q,273
1018724,2017,4,2017-12-31,10-K,365
1018724,2018,1,2018-03-31,10-Q,90
1018724,2018,2,2018-06-30,10-Q,181
1018724,2018,3,2018-09-30,10-Q,273
1018724,2018,4,2018-12-31,10-K,365
1018724,2019,1,2019-03-31,10-Q,90
1018724,2019,2,2019-06-30,10-Q,181
1018724,2019,3,2019-09-30,10-Q,273
1018724,2019,4,2019-12-31,10-K,365
1018724,2020,1,2020-03-31,10-Q,91
1018724,2020,2,2020-06-30,10-Q,182
1018724,2020,3,2020-09-30,10-Q,274
1018724,2020,4,2020-12-31,10-K,366
1018724,2021,1,2021-03-31,10-Q,90
1018724,2021,2,2021-06-30,10-Q,181
1018724,2021,3,2021-09-30,10-Q,273
1018724,2021,4,2021-12-31,10-K,365
1018724,2022,1,2022-03-31,10-Q,90
1018724,2022,2,2022-06-30,10-Q,181
1018724,2022,3,2022-09-30,10-Q,273
1018724,2022,4,2022-12-31,10-K,365
1018724,2023,1,2023-03-31,10-Q,90
1018724,2023,2,2023-06-30,10-Q,181
1018724,2023,3,2023-09-30,10-Q,273
1018724,2023,4,2023-12-31,10-K,365
1018724,2024,1,2024-03-31,10-Q,91
1018724,2024,2,2024-06-30,10-Q,182
1018724,2024,3,2024-09-30,10-Q,274
1018724,2024,4,2024-12-31,10-K,366
1019849,2012,1,2012-03-31,10-Q,105
1019849,2012,2,2012-06-30,10-Q,196
1019849,2012,3,2012-09-30,10-Q,288
1019849,2012,4,2012-12-31,10-K,380
1019849,2013,1,2013-03-31,10-Q,90
1019849,2013,2,2013-06-30,10-Q,181
1019849,2013,3,2013-09-30,10-Q,273
1019849,2013,4,2013-12-31,10-K,365
1019849,2014,1,2014-03-31,10-Q,90
1019849,2014,2,2014-06-30,10-Q,181
1019849,2014,3,2014-09-30,10-Q,273
1019849,2014,4,2014-12-31,10-K,365
1019849,2015,1,2015-03-31,10-Q,90
1019849,2015,2,2015-06-30,10-Q,181
1019849,2015,3,2015-09-30,10-Q,273
1019849,2015,4,2015-12-31,10-K,365
1019849,2016,1,2016-03-31,10-Q,91
1019849,2016,2,2016-06-30,10-Q,182
1019849,2016,3,2016-09-30,10-Q,274
1019849,2016,4,2016-12-31,10-K,366
1019849,2017,1,2017-03-31,10-Q,90
1019849,2017,2,2017-06-30,10-Q,181
1019849,2017,3,2017-09-30,10-Q,273
1019849,2017,4,2017-12-31,10-K,365
1019849,2018,1,2018-03-31,10-Q,90
1019849,2018,2,2018-06-30,10-Q,181
1019849,2018,3,2018-09-30,10-Q,273
1019849,2018,4,2018-12-31,10-K,365
1019849,2019,1,2019-03-31,10-Q,90
1019849,2019,2,2019-06-30,10-Q,181
1019849,2019,3,2019-09-30,10-Q,273
1019849,2019,4,2019-12-31,10-K,365
1019849,2020,1,2020-03-31,10-Q,91
1019849,2020,2,2020-06-30,10-Q,182
1019849,2020,3,2020-09-30,10-Q,274
1019849,2020,4,2020-12-31,10-K,366
1019849,2021,1,2021-03-31,10-Q,90
1019849,2021,2,2021-06-30,10-Q,181
1019849,2021,3,2021-09-30,10-Q,273
1019849,2021,4,2021-12-31,10-K,365
1019849,2022,1,2022-03-31,10-Q,90
1019849,2022,2,2022-06-30,10-Q,181
1019849,2022,3,2022-09-30,10-Q,273
1019849,2022,4,2022-12-31,10-K,365
1019849,2023,1,2023-03-31,10-Q,90
1019849,2023,2,2023-06-30,10-Q,181
1019849,2023,3,2023-09-30,10-Q,273
1019849,2023,4,2023-12-31,10-K,365
1019849,2024,1,2024-03-31,10-Q,91
1019849,2024,2,2024-06-30,10-Q,182
1019849,2024,3,2024-09-30,10-Q,274
1019849,2024,4,2024-12-31,10-K,366
1020859,2012,2,2012-01-28,10-Q,198
1020859,2012,3,2012-04-28,10-Q,289
1020859,2012,4,2012-07-28,10-K,380
1020859,2013,1,2012-10-27,10-Q,91
1020859,2013,2,2013-01-26,10-Q,182
1020859,2013,3,2013-04-27,10-Q,273
1020859,2013,4,2013-08-03,10-K,371
1020859,2014,1,2013-11-02,10-Q,91
1020859,2014,2,2014-02-01,10-Q,182
1020859,2014,3,2014-05-03,10-Q,273
1020859,2014,4,2014-08-02,10-K,364
1020859,2015,1,2014-11-01,10-Q,91
1020859,2015,2,2015-01-31,10-Q,182
1020859,2015,3,2015-05-02,10-Q,273
1020859,2015,4,2015-08-01,10-K,364
1020859,2016,1,2015-10-31,10-Q,91
1020859,2016,2,2016-01-30,10-Q,182
1020859,2016,3,2016-04-30,10-Q,273
1020859,2016,4,2016-07-30,10-K,364
1020859,2017,1,2016-10-29,10-Q,91
1020859,2017,2,2017-01-28,10-Q,182
1020859,2017,3,2017-04-29,10-Q,273
1020859,2017,4,2017-07-29,10-K,364
1020859,2018,1,2017-10-28,10-Q,91
1020859,2018,2,2018-01-27,10-Q,182
1020859,2018,3,2018-04-28,10-Q,273
1020859,2018,4,2018-07-28,10-K,364
1020859,2019,1,2018-10-27,10-Q,91
1020859,2019,2,2019-01-26,10-Q,182
1020859,2019,3,2019-04-27,10-Q,273
1020859,2019,4,2019-08-03,10-K,371
1020859,2020,1,2019-11-02,10-Q,91
1020859,2020,2,2020-02-01,10-Q,182
1020859,2020,3,2020-05-02,10-Q,273
1020859,2020,4,2020-08-01,10-K,364
1020859,2021,1,2020-10-31,10-Q,91
1020859,2021,2,2021-01-30,10-Q,182
1020859,2021,3,2021-05-01,10-Q,273
1020859,2021,4,2021-07-31,10-K,364
1020859,2022,1,2021-10-30,10-Q,91
1020859,2022,2,2022-01-29,10-Q,182
1020859,2022,3,2022-04-30,10-Q,273
1020859,2022,4,2022-07-30,10-K,364
1020859,2023,1,2022-10-29,10-Q,91
1020859,2023,2,2023-01-28,10-Q,182
1020859,2023,3,2023-04-29,10-Q,273
1020859,2023,4,2023-07-29,10-K,364
1020859,2024,1,2023-10-28,10-Q,91
1020859,2024,2,2024-01-27,10-Q,182
1020859,2024,3,2024-04-27,10-Q,273
1020859,2024,4,2024-08-03,10-K,371
1023128,2012,1,2012-03-31,10-Q,105
1023128,2012,2,2012-06-30,10-Q,196
1023128,2012,3,2012-09-30,10-Q,288
1023128,2012,4,2012-12-31,10-K,380
1023128,2013,1,2013-03-31,10-Q,90
1023128,2013,2,2013-06-30,10-Q,181
1023128,2013,3,2013-09-30,10-Q,273
1023128,2013,4,2013-12-31,10-K,365
1023128,2014,1,2014-03-31,10-Q,90
1023128,2014,2,2014-06-30,10-Q,181
1023128,2014,3,2014-09-30,10-Q,273
1023128,2014,4,2014-12-31,10-K,365
1023128,2015,1,2015-03-31,10-Q,90
1023128,2015,2,2015-06-30,10-Q,181
1023128,2015,3,2015-09-30,10-Q,273
1023128,2015,4,2015-12-31,10-K,365
1023128,2016,1,2016-03-31,10-Q,91
1023128,2016,2,2016-06-30,10-Q,182
1023128,2016,3,2016-09-30,10-Q,274
1023128,2016,4,2016-12-31,10-K,366
1023128,2017,1,2017-03-31,10-Q,90
1023128,2017,2,2017-06-30,10-Q,181
1023128,2017,3,2017-09-30,10-Q,273
1023128,2017,4,2017-12-31,10-K,365
1023128,2018,1,2018-03-31,10-Q,90
1023128,2018,2,2018-06-30,10-Q,181
1023128,2018,3,2018-09-30,10-Q,273
1023128,2018,4,2018-12-31,10-K,365
1023128,2019,1,2019-03-31,10-Q,90
1023128,2019,2,2019-06-30,10-Q,181
1023128,2019,3,2019-09-30,10-Q,273
1023128,2019,4,2019-12-31,10-K,365
1023128,2020,1,2020-03-31,10-Q,91
1023128,2020,2,2020-06-30,10-Q,182
1023128,2020,3,2020-09-30,10-Q,274
1023128,2020,4,2020-12-31,10-K,366
1023128,2021,1,2021-03-31,10-Q,90
1023128,2021,2,2021-06-30,10-Q,181
1023128,2021,3,2021-09-30,10-Q,273
1023128,2021,4,2021-12-31,10-K,365
1023128,2022,1,2022-03-31,10-Q,90
1023128,2022,2,2022-06-30,10-Q,181
1023128,2022,3,2022-09-30,10-Q,273
1023128,2022,4,2022-12-31,10-K,365
1023128,2023,1,2023-03-31,10-Q,90
1023128,2023,2,2023-06-30,10-Q,181
1023128,2023,3,2023-09-30,10-Q,273
1023128,2023,4,2023-12-31,10-K,365
1023128,2024,1,2024-03-31,10-Q,91
1023128,2024,2,2024-06-30,10-Q,182
1023128,2024,3,2024-09-30,10-Q,274
1023128,2024,4,2024-12-31,10-K,366
1045810,2012,4,2012-01-29,10-K,380
1045810,2013,1,2012-04-29,10-Q,91
1045810,2013,2,2012-07-29,10-Q,182
1045810,2013,3,2012-10-28,10-Q,273
1045810,2013,4,2013-01-27,10-K,364
1045810,2014,1,2013-04-28,10-Q,91
1045810,2014,2,2013-07-28,10-Q,182
1045810,2014,3,2013-10-27,10-Q,273
1045810,2014,4,2014-01-26,10-K,364
1045810,2015,1,2014-04-27,10-Q,91
1045810,2015,2,2014-07-27,10-Q,182
1045810,2015,3,2014-10-26,10-Q,273
1045810,2015,4,2015-01-25,10-K,364
1045810,2016,1,2015-04-26,10-Q,91
1045810,2016,2,2015-07-26,10-Q,182
1045810,2016,3,2015-10-25,10-Q,273
1045810,2016,4,2016-01-31,10-K,371
1045810,2017,1,2016-05-01,10-Q,91
1045810,2017,2,2016-07-31,10-Q,182
1045810,2017,3,2016-10-30,10-Q,273
1045810,2017,4,2017-01-29,10-K,364
1045810,2018,1,2017-04-30,10-Q,91
1045810,2018,2,2017-07-30,10-Q,182
1045810,2018,3,2017-10-29,10-Q,273
1045810,2018,4,2018-01-28,10-K,364
1045810,2019,1,2018-04-29,10-Q,91
1045810,2019,2,2018-07-29,10-Q,182
1045810,2019,3,2018-10-28,10-Q,273
1045810,2019,4,2019-01-27,10-K,364
1045810,2020,1,2019-04-28,10-Q,91
1045810,2020,2,2019-07-28,10-Q,182
1045810,2020,3,2019-10-27,10-Q,273
1045810,2020,4,2020-01-26,10-K,364
1045810,2021,1,2020-04-26,10-Q,91
1045810,2021,2,2020-07-26,10-Q,182
1045810,2021,3,2020-10-25,10-Q,273
1045810,2021,4,2021-01-31,10-K,371
1045810,2022,1,2021-05-02,10-Q,91
1045810,2022,2,2021-08-01,10-Q,182
1045810,2022,3,2021-10-31,10-Q,273
1045810,2022,4,2022-01-30,10-K,364
1045810,2023,1,2022-05-01,10-Q,91
1045810,2023,2,2022-07-31,10-Q,182
1045810,2023,3,2022-10-30,10-Q,273
1045810,2023,4,2023-01-29,10-K,364
1045810,2024,1,2023-04-30,10-Q,91
1045810,2024,2,2023-07-30,10-Q,182
1045810,2024,3,2023-10-29,10-Q,273
1045810,2024,4,2024-01-28,10-K,364
1048911,2012,3,2012-02-29,10-Q,288
1048911,2012,4,2012-05-31,10-K,380
1048911,2013,1,2012-08-31,10-Q,92
1048911,2013,2,2012-11-30,10-Q,183
1048911,2013,3,2013-02-28,10-Q,273
1048911,2013,4,2013-05-31,10-K,365
1048911,2014,1,2013-08-31,10-Q,92
1048911,2014,2,2013-11-30,10-Q,183
1048911,2014,3,2014-02-28,10-Q,273
1048911,2014,4,2014-05-31,10-K,365
1048911,2015,1,2014-08-31,10-Q,92
1048911,2015,2,2014-11-30,10-Q,183
1048911,2015,3,2015-02-28,10-Q,273
1048911,2015,4,2015-05-31,10-K,365
1048911,2016,1,2015-08-31,10-Q,92
1048911,2016,2,2015-11-30,10-Q,183
1048911,2016,3,2016-02-29,10-Q,274
1048911,2016,4,2016-05-31,10-K,366
1048911,2017,1,2016-08-31,10-Q,92
1048911,2017,2,2016-11-30,10-Q,183
1048911,2017,3,2017-02-28,10-Q,273
1048911,2017,4,2017-05-31,10-K,365
1048911,2018,1,2017-08-31,10-Q,92
1048911,2018,2,2017-11-30,10-Q,183
1048911,2018,3,2018-02-28,10-Q,273
1048911,2018,4,2018-05-31,10-K,365
1048911,2019,1,2018-08-31,10-Q,92
1048911,2019,2,2018-11-30,10-Q,183
1048911,2019,3,2019-02-28,10-Q,273
1048911,2019,4,2019-05-31,10-K,365
1048911,2020,1,2019-08-31,10-Q,92
1048911,2020,2,2019-11-30,10-Q,183
1048911,2020,3,2020-02-29,10-Q,274
1048911,2020,4,2020-05-31,10-K,366
1048911,2021,1,2020-08-31,10-Q,92
1048911,2021,2,2020-11-30,10-Q,183
1048911,2021,3,2021-02-28,10-Q,273
1048911,2021,4,2021-05-31,10-K,365
1048911,2022,1,2021-08-31,10-Q,92
1048911,2022,2,2021-11-30,10-Q,183
1048911,2022,3,2022-02-28,10-Q,273
1048911,2022,4,2022-05-31,10-K,365
1048911,2023,1,2022-08-31,10-Q,92
1048911,2023,2,2022-11-30,10-Q,183
1048911,2023,3,2023-02-28,10-Q,273
1048911,2023,4,2023-05-31,10-K,365
1048911,2024,1,2023-08-31,10-Q,92
1048911,2024,2,2023-11-30,10-Q,183
1048911,2024,3,2024-02-29,10-Q,274
1048911,2024,4,2024-05-31,10-K,366
1061219,2012,1,2012-03-31,10-Q,105
1061219,2012,2,2012-06-30,10-Q,196
1061219,2012,3,2012-09-30,10-Q,288
1061219,2012,4,2012-12-31,10-K,380
1061219,2013,1,2013-03-31,10-Q,90
1061219,2013,2,2013-06-30,10-Q,181
1061219,2013,3,2013-09-30,10-Q,273
1061219,2013,4,2013-12-31,10-K,365
1061219,2014,1,2014-03-31,10-Q,90
1061219,2014,2,2014-06-30,10-Q,181
1061219,2014,3,2014-09-30,10-Q,273
1061219,2014,4,2014-12-31,10-K,365
1061219,2015,1,2015-03-31,10-Q,90
1061219,2015,2,2015-06-30,10-Q,181
1061219,2015,3,2015-09-30,10-Q,273
1061219,2015,4,2015-12-31,10-K,365
1061219,2016,1,2016-03-31,10-Q,91
1061219,2016,2,2016-06-30,10-Q,182
1061219,2016,3,2016-09-30,10-Q,274
1061219,2016,4,2016-12-31,10-K,366
1061219,2017,1,2017-03-31,10-Q,90
1061219,2017,2,2017-06-30,10-Q,181
1061219,2017,3,2017-09-30,10-Q,273
1061219,2017,4,2017-12-31,10-K,365
1061219,2018,1,2018-03-31,10-Q,90
1061219,2018,2,2018-06-30,10-Q,181
1061219,2018,3,2018-09-30,10-Q,273
1061219,2018,4,2018-12-31,10-K,365
1061219,2019,1,2019-03-31,10-Q,90
1061219,2019,2,2019-06-30,10-Q,181
1061219,2019,3,2019-09-30,10-Q,273
1061219,2019,4,2019-12-31,10-K,365
1061219,2020,1,2020-03-31,10-Q,91
1061219,2020,2,2020-06-30,10-Q,182
1061219,2020,3,2020-09-30,10-Q,274
1061219,2020,4,2020-12-31,10-K,366
1061219,2021,1,2021-03-31,10-Q,90
1061219,2021,2,2021-06-30,10-Q,181
1061219,2021,3,2021-09-30,10-Q,273
1061219,2021,4,2021-12-31,10-K,365
1061219,2022,1,2022-03-31,10-Q,90
1061219,2022,2,2022-06-30,10-Q,181
1061219,2022,3,2022-09-30,10-Q,273
1061219,2022,4,2022-12-31,10-K,365
1061219,2023,1,2023-03-31,10-Q,90
1061219,2023,2,2023-06-30,10-Q,181
1061219,2023,3,2023-09-30,10-Q,273
1061219,2023,4,2023-12-31,10-K,365
1061219,2024,1,2024-03-31,10-Q,91
1061219,2024,2,2024-06-30,10-Q,182
1061219,2024,3,2024-09-30,10-Q,274
1061219,2024,4,2024-12-31,10-K,366
1065280,2012,1,2012-03-31,10-Q,105
1065280,2012,2,2012-06-30,10-Q,196
1065280,2012,3,2012-09-30,10-Q,288
1065280,2012,4,2012-12-31,10-K,380
1065280,2013,1,2013-03-31,10-Q,90
1065280,2013,2,2013-06-30,10-Q,181
1065280,2013,3,2013-09-30,10-Q,273
1065280,2013,4,2013-12-31,10-K,365
1065280,2014,1,2014-03-31,10-Q,90
1065280,2014,2,2014-06-30,10-Q,181
1065280,2014,3,2014-09-30,10-Q,273
1065280,2014,4,2014-12-31,10-K,365
1065280,2015,1,2015-03-31,10-Q,90
1065280,2015,2,2015-06-30,10-Q,181
1065280,2015,3,2015-09-30,10-Q,273
1065280,2015,4,2015-12-31,10-K,365
1065280,2016,1,2016-03-31,10-Q,91
1065280,2016,2,2016-06-30,10-Q,182
1065280,2016,3,2016-09-30,10-Q,274
1065280,2016,4,2016-12-31,10-K,366
1065280,2017,1,2017-03-31,10-Q,90
1065280,2017,2,2017-06-30,10-Q,181
1065280,2017,3,2017-09-30,10-Q,273
1065280,2017,4,2017-12-31,10-K,365
1065280,2018,1,2018-03-31,10-Q,90
1065280,2018,2,2018-06-30,10-Q,181
1065280,2018,3,2018-09-30,10-Q,273
1065280,2018,4,2018-12-31,10-K,365
1065280,2019,1,2019-03-31,10-Q,90
1065280,2019,2,2019-06-30,10-Q,181
1065280,2019,3,2019-09-30,10-Q,273
1065280,2019,4,2019-12-31,10-K,365
1065280,2020,1,2020-03-31,10-Q,91
1065280,2020,2,2020-06-30,10-Q,182
1065280,2020,3,2020-09-30,10-Q,274
1065280,2020,4,2020-12-31,10-K,366
1065280,2021,1,2021-03-31,10-Q,90
1065280,2021,2,2021-06-30,10-Q,181
1065280,2021,3,2021-09-30,10-Q,273
1065280,2021,4,2021-12-31,10-K,365
1065280,2022,1,2022-03-31,10-Q,90
1065280,2022,2,2022-06-30,10-Q,181
1065280,2022,3,2022-09-30,10-Q,273
1065280,2022,4,2022-12-31,10-K,365
1065280,2023,1,2023-03-31,10-Q,90
1065280,2023,2,2023-06-30,10-Q,181
1065280,2023,3,2023-09-30,10-Q,273
1065280,2023,4,2023-12-31,10-K,365
1065280,2024,1,2024-03-31,10-Q,91
1065280,2024,2,2024-06-30,10-Q,182
1065280,2024,3,2024-09-30,10-Q,274
1065280,2024,4,2024-12-31,10-K,366
1067983,2012,1,2012-03-31,10-Q,105
1067983,2012,2,2012-06-30,10-Q,196
1067983,2012,3,2012-09-30,10-Q,288
1067983,2012,4,2012-12-31,10-K,380
1067983,2013,1,2013-03-31,10-Q,90
1067983,2013,2,2013-06-30,10-Q,181
1067983,2013,3,2013-09-30,10-Q,273
1067983,2013,4,2013-12-31,10-K,365
1067983,2014,1,2014-03-31,10-Q,90
1067983,2014,2,2014-06-30,10-Q,181
1067983,2014,3,2014-09-30,10-Q,273
1067983,2014,4,2014-12-31,10-K,365
1067983,2015,1,2015-03-31,10-Q,90
1067983,2015,2,2015-06-30,10-Q,181
1067983,2015,3,2015-09-30,10-Q,273
1067983,2015,4,2015-12-31,10-K,365
1067983,2016,1,2016-03-31,10-Q,91
1067983,2016,2,2016-06-30,10-Q,182
1067983,2016,3,2016-09-30,10-Q,274
1067983,2016,4,2016-12-31,10-K,366
1067983,2017,1,2017-03-31,10-Q,90
1067983,2017,2,2017-06-30,10-Q,181
1067983,2017,3,2017-09-30,10-Q,273
1067983,2017,4,2017-12-31,10-K,365
1067983,2018,1,2018-03-31,10-Q,90
1067983,2018,2,2018-06-30,10-Q,181
1067983,2018,3,2018-09-30,10-Q,273
1067983,2018,4,2018-12-31,10-K,365
1067983,2019,1,2019-03-31,10-Q,90
1067983,2019,2,2019-06-30,10-Q,181
1067983,2019,3,2019-09-30,10-Q,273
1067983,2019,4,2019-12-31,10-K,365
1067983,2020,1,2020-03-31,10-Q,91
1067983,2020,2,2020-06-30,10-Q,182
1067983,2020,3,2020-09-30,10-Q,274
1067983,2020,4,2020-12-31,10-K,366
1067983,2021,1,2021-03-31,10-Q,90
1067983,2021,2,2021-06-30,10-Q,181
1067983,2021,3,2021-09-30,10-Q,273
1067983,2021,4,2021-12-31,10-K,365
1067983,2022,1,2022-03-31,10-Q,90
1067983,2022,2,2022-06-30,10-Q,181
1067983,2022,3,2022-09-30,10-Q,273
1067983,2022,4,2022-12-31,10-K,365
1067983,2023,1,2023-03-31,10-Q,90
1067983,2023,2,2023-06-30,10-Q,181
1067983,2023,3,2023-09-30,10-Q,273
1067983,2023,4,2023-12-31,10-K,365
1067983,2024,1,2024-03-31,10-Q,91
1067983,2024,2,2024-06-30,10-Q,182
1067983,2024,3,2024-09-30,10-Q,274
1067983,2024,4,2024-12-31,10-K,366
1070423,2012,1,2012-03-31,10-Q,105
1070423,2012,2,2012-06-30,10-Q,196
1070423,2012,3,2012-09-30,10-Q,288
1070423,2012,4,2012-12-31,10-K,380
1070423,2013,1,2013-03-31,10-Q,90
1070423,2013,2,2013-06-30,10-Q,181
1070423,2013,3,2013-09-30,10-Q,273
1070423,2013,4,2013-12-31,10-K,365
1070423,2014,1,2014-03-31,10-Q,90
1070423,2014,2,2014-06-30,10-Q,181
1070423,2014,3,2014-09-30,10-Q,273
1070423,2014,4,2014-12-31,10-K,365
1070423,2015,1,2015-03-31,10-Q,90
1070423,2015,2,2015-06-30,10-Q,181
1070423,2015,3,2015-09-30,10-Q,273
1070423,2015,4,2015-12-31,10-K,365
1070423,2016,1,2016-03-31,10-Q,91
1070423,2016,2,2016-06-30,10-Q,182
1070423,2016,3,2016-09-30,10-Q,274
1070423,2016,4,2016-12-31,10-K,366
1070423,2017,1,2017-03-31,10-Q,90
1070423,2017,2,2017-06-30,10-Q,181
1070423,2017,3,2017-09-30,10-Q,273
1070423,2017,4,2017-12-31,10-K,365
1070423,2018,1,2018-03-31,10-Q,90
1070423,2018,2,2018-06-30,10-Q,181
1070423,2018,3,2018-09-30,10-Q,273
1070423,2018,4,2018-12-31,10-K,365
1070423,2019,1,2019-03-31,10-Q,90
1070423,2019,2,2019-06-30,10-Q,181
1070423,2019,3,2019-09-30,10-Q,273
1070423,2019,4,2019-12-31,10-K,365
1070423,2020,1,2020-03-31,10-Q,91
1070423,2020,2,2020-06-30,10-Q,182
1070423,2020,3,2020-09-30,10-Q,274
1070423,2020,4,2020-12-31,10-K,366
1070423,2021,1,2021-03-31,10-Q,90
1070423,2021,2,2021-06-30,10-Q,181
1070423,2021,3,2021-09-30,10-Q,273
1070423,2021,4,2021-12-31,10-K,365
1070423,2022,1,2022-03-31,10-Q,90
1070423,2022,2,2022-06-30,10-Q,181
1070423,2022,3,2022-09-30,10-Q,273
1070423,2022,4,2022-12-31,10-K,365
1070423,2023,1,2023-03-31,10-Q,90
1070423,2023,2,2023-06-30,10-Q,181
1070423,2023,3,2023-09-30,10-Q,273
1070423,2023,4,2023-12-31,10-K,365
1070423,2024,1,2024-03-31,10-Q,91
1070423,2024,2,2024-06-30,10-Q,182
1070423,2024,3,2024-09-30,10-Q,274
1070423,2024,4,2024-12-31,10-K,366
1071739,2012,1,2012-03-31,10-Q,105
1071739,2012,2,2012-06-30,10-Q,196
1071739,2012,3,2012-09-30,10-Q,288
1071739,2012,4,2012-12-31,10-K,380
1071739,2013,1,2013-03-31,10-Q,90
1071739,2013,2,2013-06-30,10-Q,181
1071739,2013,3,2013-09-30,10-Q,273
1071739,2013,4,2013-12-31,10-K,365
1071739,2014,1,2014-03-31,10-Q,90
1071739,2014,2,2014-06-30,10-Q,181
1071739,2014,3,2014-09-30,10-Q,273
1071739,2014,4,2014-12-31,10-K,365
1071739,2015,1,2015-03-31,10-Q,90
1071739,2015,2,2015-06-30,10-Q,181
1071739,2015,3,2015-09-30,10-Q,273
1071739,2015,4,2015-12-31,10-K,365
1071739,2016,1,2016-03-31,10-Q,91
1071739,2016,2,2016-06-30,10-Q,182
1071739,2016,3,2016-09-30,10-Q,274
1071739,2016,4,2016-12-31,10-K,366
1071739,2017,1,2017-03-31,10-Q,90
1071739,2017,2,2017-06-30,10-Q,181
1071739,2017,3,2017-09-30,10-Q,273
1071739,2017,4,2017-12-31,10-K,365
1071739,2018,1,2018-03-31,10-Q,90
1071739,2018,2,2018-06-30,10-Q,181
1071739,2018,3,2018-09-30,10-Q,273
1071739,2018,4,2018-12-31,10-K,365
1071739,2019,1,2019-03-31,10-Q,90
1071739,2019,2,2019-06-30,10-Q,181
1071739,2019,3,2019-09-30,10-Q,273
1071739,2019,4,2019-12-31,10-K,365
1071739,2020,1,2020-03-31,10-Q,91
1071739,2020,2,2020-06-30,10-Q,182
1071739,2020,3,2020-09-30,10-Q,274
1071739,2020,4,2020-12-31,10-K,366
1071739,2021,1,2021-03-31,10-Q,90
1071739,2021,2,2021-06-30,10-Q,181
1071739,2021,3,2021-09-30,10-Q,273
1071739,2021,4,2021-12-31,10-K,365
1071739,2022,1,2022-03-31,10-Q,90
1071739,2022,2,2022-06-30,10-Q,181
1071739,2022,3,2022-09-30,10-Q,273
1071739,2022,4,2022-12-31,10-K,365
1071739,2023,1,2023-03-31,10-Q,90
1071739,2023,2,2023-06-30,10-Q,181
1071739,2023,3,2023-09-30,10-Q,273
1071739,2023,4,2023-12-31,10-K,365
1071739,2024,1,2024-03-31,10-Q,91
1071739,2024,2,2024-06-30,10-Q,182
1071739,2024,3,2024-09-30,10-Q,274
1071739,2024,4,2024-12-31,10-K,366
1081316,2012,1,2012-03-31,10-Q,105
1081316,2012,2,2012-06-30,10-Q,196
1081316,2012,3,2012-09-30,10-Q,288
1081316,2012,4,2012-12-31,10-K,380
1081316,2013,1,2013-03-31,10-Q,90
1081316,2013,2,2013-06-30,10-Q,181
1081316,2013,3,2013-09-30,10-Q,273
1081316,2013,4,2013-12-31,10-K,365
1081316,2014,1,2014-03-31,10-Q,90
1081316,2014,2,2014-06-30,10-Q,181
1081316,2014,3,2014-09-30,10-Q,273
1081316,2014,4,2014-12-31,10-K,365
1081316,2015,1,2015-03-31,10-Q,90
1081316,2015,2,2015-06-30,10-Q,181
1081316,2015,3,2015-09-30,10-Q,273
1081316,2015,4,2015-12-31,10-K,365
1081316,2016,1,2016-03-31,10-Q,91
1081316,2016,2,2016-06-30,10-Q,182
1081316,2016,3,2016-09-30,10-Q,274
1081316,2016,4,2016-12-31,10-K,366
1081316,2017,1,2017-03-31,10-Q,90
1081316,2017,2,2017-06-30,10-Q,181
1081316,2017,3,2017-09-30,10-Q,273
1081316,2017,4,2017-12-31,10-K,365
1081316,2018,1,2018-03-31,10-Q,90
1081316,2018,2,2018-06-30,10-Q,181
1081316,2018,3,2018-09-30,10-Q,273
1081316,2018,4,2018-12-31,10-K,365
1081316,2019,1,2019-03-31,10-Q,90
1081316,2019,2,2019-06-30,10-Q,181
1081316,2019,3,2019-09-30,10-Q,273
1081316,2019,4,2019-12-31,10-K,365
1081316,2020,1,2020-03-31,10-Q,91
1081316,2020,2,2020-06-30,10-Q,182
1081316,2020,3,2020-09-30,10-Q,274
1081316,2020,4,2020-12-31,10-K,366
1081316,2021,1,2021-03-31,10-Q,90
1081316,2021,2,2021-06-30,10-Q,181
1081316,2021,3,2021-09-30,10-Q,273
1081316,2021,4,2021-12-31,10-K,365
1081316,2022,1,2022-03-31,10-Q,90
1081316,2022,2,2022-06-30,10-Q,181
1081316,2022,3,2022-09-30,10-Q,273
1081316,2022,4,2022-12-31,10-K,365
1081316,2023,1,2023-03-31,10-Q,90
1081316,2023,2,2023-06-30,10-Q,181
1081316,2023,3,2023-09-30,10-Q,273
1081316,2023,4,2023-12-31,10-K,365
1081316,2024,1,2024-03-31,10-Q,91
1081316,2024,2,2024-06-30,10-Q,182
1081316,2024,3,2024-09-30,10-Q,274
1081316,2024,4,2024-12-31,10-K,366
1090727,2012,1,2012-03-31,10-Q,105
1090727,2012,2,2012-06-30,10-Q,196
1090727,2012,3,2012-09-30,10-Q,288
1090727,2012,4,2012-12-31,10-K,380
1090727,2013,1,2013-03-31,10-Q,90
1090727,2013,2,2013-06-30,10-Q,181
1090727,2013,3,2013-09-30,10-Q,273
1090727,2013,4,2013-12-31,10-K,365
1090727,2014,1,2014-03-31,10-Q,90
1090727,2014,2,2014-06-30,10-Q,181
1090727,2014,3,2014-09-30,10-Q,273
1090727,2014,4,2014-12-31,10-K,365
1090727,2015,1,2015-03-31,10-Q,90
1090727,2015,2,2015-06-30,10-Q,181
1090727,2015,3,2015-09-30,10-Q,273
1090727,2015,4,2015-12-31,10-K,365
1090727,2016,1,2016-03-31,10-Q,91
1090727,2016,2,2016-06-30,10-Q,182
1090727,2016,3,2016-09-30,10-Q,274
1090727,2016,4,2016-12-31,10-K,366
1090727,2017,1,2017-03-31,10-Q,90
1090727,2017,2,2017-06-30,10-Q,181
1090727,2017,3,2017-09-30,10-Q,273
1090727,2017,4,2017-12-31,10-K,365
1090727,2018,1,2018-03-31,10-Q,90
1090727,2018,2,2018-06-30,10-Q,181
1090727,2018,3,2018-09-30,10-Q,273
1090727,2018,4,2018-12-31,10-K,365
1090727,2019,1,2019-03-31,10-Q,90
1090727,2019,2,2019-06-30,10-Q,181
1090727,2019,3,2019-09-30,10-Q,273
1090727,2019,4,2019-12-31,10-K,365
1090727,2020,1,2020-03-31,10-Q,91
1090727,2020,2,2020-06-30,10-Q,182
1090727,2020,3,2020-09-30,10-Q,274
1090727,2020,4,2020-12-31,10-K,366
1090727,2021,1,2021-03-31,10-Q,90
1090727,2021,2,2021-06-30,10-Q,181
1090727,2021,3,2021-09-30,10-Q,273
1090727,2021,4,2021-12-31,10-K,365
1090727,2022,1,2022-03-31,10-Q,90
1090727,2022,2,2022-06-30,10-Q,181
1090727,2022,3,2022-09-30,10-Q,273
1090727,2022,4,2022-12-31,10-K,365
1090727,2023,1,2023-03-31,10-Q,90
1090727,2023,2,2023-06-30,10-Q,181
1090727,2023,3,2023-09-30,10-Q,273
1090727,2023,4,2023-12-31,10-K,365
1090727,2024,1,2024-03-31,10-Q,91
1090727,2024,2,2024-06-30,10-Q,182
1090727,2024,3,2024-09-30,10-Q,274
1090727,2024,4,2024-12-31,10-K,366
1091667,2012,1,2012-03-31,10-Q,105
1091667,2012,2,2012-06-30,10-Q,196
1091667,2012,3,2012-09-30,10-Q,288
1091667,2012,4,2012-12-31,10-K,380
1091667,2013,1,2013-03-31,10-Q,90
1091667,2013,2,2013-06-30,10-Q,181
1091667,2013,3,2013-09-30,10-Q,273
1091667,2013,4,2013-12-31,10-K,365
1091667,2014,1,2014-03-31,10-Q,90
1091667,2014,2,2014-06-30,10-Q,181
1091667,2014,3,2014-09-30,10-Q,273
1091667,2014,4,2014-12-31,10-K,365
1091667,2015,1,2015-03-31,10-Q,90
1091667,2015,2,2015-06-30,10-Q,181
1091667,2015,3,2015-09-30,10-Q,273
1091667,2015,4,2015-12-31,10-K,365
1091667,2016,1,2016-03-31,10-Q,91
1091667,2016,2,2016-06-30,10-Q,182
1091667,2016,3,2016-09-30,10-Q,274
1091667,2016,4,2016-12-31,10-K,366
1091667,2017,1,2017-03-31,10-Q,90
1091667,2017,2,2017-06-30,10-Q,181
1091667,2017,3,2017-09-30,10-Q,273
1091667,2017,4,2017-12-31,10-K,365
1091667,2018,1,2018-03-31,10-Q,90
1091667,2018,2,2018-06-30,10-Q,181
1091667,2018,3,2018-09-30,10-Q,273
1091667,2018,4,2018-12-31,10-K,365
1091667,2019,1,2019-03-31,10-Q,90
1091667,2019,2,2019-06-30,10-Q,181
1091667,2019,3,2019-09-30,10-Q,273
1091667,2019,4,2019-12-31,10-K,365
1091667,2020,1,2020-03-31,10-Q,91
1091667,2020,2,2020-06-30,10-Q,182
1091667,2020,3,2020-09-30,10-Q,274
1091667,2020,4,2020-12-31,10-K,366
1091667,2021,1,2021-03-31,10-Q,90
1091667,2021,2,2021-06-30,10-Q,181
1091667,2021,3,2021-09-30,10-Q,273
1091667,2021,4,2021-12-31,10-K,365
1091667,2022,1,2022-03-31,10-Q,90
1091667,2022,2,2022-06-30,10-Q,181
1091667,2022,3,2022-09-30,10-Q,273
1091667,2022,4,2022-12-31,10-K,365
1091667,2023,1,2023-03-31,10-Q,90
1091667,2023,2,2023-06-30,10-Q,181
1091667,2023,3,2023-09-30,10-Q,273
1091667,2023,4,2023-12-31,10-K,365
1091667,2024,1,2024-03-31,10-Q,91
1091667,2024,2,2024-06-30,10-Q,182
1091667,2024,3,2024-09-30,10-Q,274
1091667,2024,4,2024-12-31,10-K,366
1099219,2012,1,2012-03-31,10-Q,105
1099219,2012,2,2012-06-30,10-Q,196
1099219,2012,3,2012-09-30,10-Q,288
1099219,2012,4,2012-12-31,10-K,380
1099219,2013,1,2013-03-31,10-Q,90
1099219,2013,2,2013-06-30,10-Q,181
1099219,2013,3,2013-09-30,10-Q,273
1099219,2013,4,2013-12-31,10-K,365
1099219,2014,1,2014-03-31,10-Q,90
1099219,2014,2,2014-06-30,10-Q,181
1099219,2014,3,2014-09-30,10-Q,273
1099219,2014,4,2014-12-31,10-K,365
1099219,2015,1,2015-03-31,10-Q,90
1099219,2015,2,2015-06-30,10-Q,181
1099219,2015,3,2015-09-30,10-Q,273
1099219,2015,4,2015-12-31,10-K,365
1099219,2016,1,2016-03-31,10-Q,91
1099219,2016,2,2016-06-30,10-Q,182
1099219,2016,3,2016-09-30,10-Q,274
1099219,2016,4,2016-12-31,10-K,366
1099219,2017,1,2017-03-31,10-Q,90
1099219,2017,2,2017-06-30,10-Q,181
1099219,2017,3,2017-09-30,10-Q,273
1099219,2017,4,2017-12-31,10-K,365
1099219,2018,1,2018-03-31,10-Q,90
1099219,2018,2,2018-06-30,10-Q,181
1099219,2018,3,2018-09-30,10-Q,273
1099219,2018,4,2018-12-31,10-K,365
1099219,2019,1,2019-03-31,10-Q,90
1099219,2019,2,2019-06-30,10-Q,181
1099219,2019,3,2019-09-30,10-Q,273
1099219,2019,4,2019-12-31,10-K,365
1099219,2020,1,2020-03-31,10-Q,91
1099219,2020,2,2020-06-30,10-Q,182
1099219,2020,3,2020-09-30,10-Q,274
1099219,2020,4,2020-12-31,10-K,366
1099219,2021,1,2021-03-31,10-Q,90
1099219,2021,2,2021-06-30,10-Q,181
1099219,2021,3,2021-09-30,10-Q,273
1099219,2021,4,2021-12-31,10-K,365
1099219,2022,1,2022-03-31,10-Q,90
1099219,2022,2,2022-06-30,10-Q,181
1099219,2022,3,2022-09-30,10-Q,273
1099219,2022,4,2022-12-31,10-K,365
1099219,2023,1,2023-03-31,10-Q,90
1099219,2023,2,2023-06-30,10-Q,181
1099219,2023,3,2023-09-30,10-Q,273
1099219,2023,4,2023-12-31,10-K,365
1099219,2024,1,2024-03-31,10-Q,91
1099219,2024,2,2024-06-30,10-Q,182
1099219,2024,3,2024-09-30,10-Q,274
1099219,2024,4,2024-12-31,10-K,366
1103982,2012,1,2012-03-31,10-Q,105
1103982,2012,2,2012-06-30,10-Q,196
1103982,2012,3,2012-09-30,10-Q,288
1103982,2012,4,2012-12-31,10-K,380
1103982,2013,1,2013-03-31,10-Q,90
1103982,2013,2,2013-06-30,10-Q,181
1103982,2013,3,2013-09-30,10-Q,273
1103982,2013,4,2013-12-31,10-K,365
1103982,2014,1,2014-03-31,10-Q,90
1103982,2014,2,2014-06-30,10-Q,181
1103982,2014,3,2014-09-30,10-Q,273
1103982,2014,4,2014-12-31,10-K,365
1103982,2015,1,2015-03-31,10-Q,90
1103982,2015,2,2015-06-30,10-Q,181
1103982,2015,3,2015-09-30,10-Q,273
1103982,2015,4,2015-12-31,10-K,365
1103982,2016,1,2016-03-31,10-Q,91
1103982,2016,2,2016-06-30,10-Q,182
1103982,2016,3,2016-09-30,10-Q,274
1103982,2016,4,2016-12-31,10-K,366
1103982,2017,1,2017-03-31,10-Q,90
1103982,2017,2,2017-06-30,10-Q,181
1103982,2017,3,2017-09-30,10-Q,273
1103982,2017,4,2017-12-31,10-K,365
1103982,2018,1,2018-03-31,10-Q,90
1103982,2018,2,2018-06-30,10-Q,181
1103982,2018,3,2018-09-30,10-Q,273
1103982,2018,4,2018-12-31,10-K,365
1103982,2019,1,2019-03-31,10-Q,90
1103982,2019,2,2019-06-30,10-Q,181
1103982,2019,3,2019-09-30,10-Q,273
1103982,2019,4,2019-12-31,10-K,365
1103982,2020,1,2020-03-31,10-Q,91
1103982,2020,2,2020-06-30,10-Q,182
1103982,2020,3,2020-09-30,10-Q,274
1103982,2020,4,2020-12-31,10-K,366
1103982,2021,1,2021-03-31,10-Q,90
1103982,2021,2,2021-06-30,10-Q,181
1103982,2021,3,2021-09-30,10-Q,273
1103982,2021,4,2021-12-31,10-K,365
1103982,2022,1,2022-03-31,10-Q,90
1103982,2022,2,2022-06-30,10-Q,181
1103982,2022,3,2022-09-30,10-Q,273
1103982,2022,4,2022-12-31,10-K,365
1103982,2023,1,2023-03-31,10-Q,90
1103982,2023,2,2023-06-30,10-Q,181
1103982,2023,3,2023-09-30,10-Q,273
1103982,2023,4,2023-12-31,10-K,365
1103982,2024,1,2024-03-31,10-Q,91
1103982,2024,2,2024-06-30,10-Q,182
1103982,2024,3,2024-09-30,10-Q,274
1103982,2024,4,2024-12-31,10-K,366
1108524,2012,4,2012-01-31,10-K,380
1108524,2013,1,2012-04-30,10-Q,90
1108524,2013,2,2012-07-31,10-Q,182
1108524,2013,3,2012-10-31,10-Q,274
1108524,2013,4,2013-01-31,10-K,366
1108524,2014,1,2013-04-30,10-Q,89
1108524,2014,2,2013-07-31,10-Q,181
1108524,2014,3,2013-10-31,10-Q,273
1108524,2014,4,2014-01-31,10-K,365
1108524,2015,1,2014-04-30,10-Q,89
1108524,2015,2,2014-07-31,10-Q,181
1108524,2015,3,2014-10-31,10-Q,273
1108524,2015,4,2015-01-31,10-K,365
1108524,2016,1,2015-04-30,10-Q,89
1108524,2016,2,2015-07-31,10-Q,181
1108524,2016,3,2015-10-31,10-Q,273
1108524,2016,4,2016-01-31,10-K,365
1108524,2017,1,2016-04-30,10-Q,90
1108524,2017,2,2016-07-31,10-Q,182
1108524,2017,3,2016-10-31,10-Q,274
1108524,2017,4,2017-01-31,10-K,366
1108524,2018,1,2017-04-30,10-Q,89
1108524,2018,2,2017-07-31,10-Q,181
1108524,2018,3,2017-10-31,10-Q,273
1108524,2018,4,2018-01-31,10-K,365
1108524,2019,1,2018-04-30,10-Q,89
1108524,2019,2,2018-07-31,10-Q,181
1108524,2019,3,2018-10-31,10-Q,273
1108524,2019,4,2019-01-31,10-K,365
1108524,2020,1,2019-04-30,10-Q,89
1108524,2020,2,2019-07-31,10-Q,181
1108524,2020,3,2019-10-31,10-Q,273
1108524,2020,4,2020-01-31,10-K,365
1108524,2021,1,2020-04-30,10-Q,90
1108524,2021,2,2020-07-31,10-Q,182
1108524,2021,3,2020-10-31,10-Q,274
1108524,2021,4,2021-01-31,10-K,366
1108524,2022,1,2021-04-30,10-Q,89
1108524,2022,2,2021-07-31,10-Q,181
1108524,2022,3,2021-10-31,10-Q,273
1108524,2022,4,2022-01-31,10-K,365
1108524,2023,1,2022-04-30,10-Q,89
1108524,2023,2,2022-07-31,10-Q,181
1108524,2023,3,2022-10-31,10-Q,273
1108524,2023,4,2023-01-31,10-K,365
1108524,2024,1,2023-04-30,10-Q,89
1108524,2024,2,2023-07-31,10-Q,181
1108524,2024,3,2023-10-31,10-Q,273
1108524,2024,4,2024-01-31,10-K,365
1133421,2012,1,2012-03-31,10-Q,105
1133421,2012,2,2012-06-30,10-Q,196
1133421,2012,3,2012-09-30,10-Q,288
1133421,2012,4,2012-12-31,10-K,380
1133421,2013,1,2013-03-31,10-Q,90
1133421,2013,2,2013-06-30,10-Q,181
1133421,2013,3,2013-09-30,10-Q,273
1133421,2013,4,2013-12-31,10-K,365
1133421,2014,1,2014-03-31,10-Q,90
1133421,2014,2,2014-06-30,10-Q,181
1133421,2014,3,2014-09-30,10-Q,273
1133421,2014,4,2014-12-31,10-K,365
1133421,2015,1,2015-03-31,10-Q,90
1133421,2015,2,2015-06-30,10-Q,181
1133421,2015,3,2015-09-30,10-Q,273
1133421,2015,4,2015-12-31,10-K,365
1133421,2016,1,2016-03-31,10-Q,91
1133421,2016,2,2016-06-30,10-Q,182
1133421,2016,3,2016-09-30,10-Q,274
1133421,2016,4,2016-12-31,10-K,366
1133421,2017,1,2017-03-31,10-Q,90
1133421,2017,2,2017-06-30,10-Q,181
1133421,2017,3,2017-09-30,10-Q,273
1133421,2017,4,2017-12-31,10-K,365
1133421,2018,1,2018-03-31,10-Q,90
1133421,2018,2,2018-06-30,10-Q,181
1133421,2018,3,2018-09-30,10-Q,273
1133421,2018,4,2018-12-31,10-K,365
1133421,2019,1,2019-03-31,10-Q,90
1133421,2019,2,2019-06-30,10-Q,181
1133421,2019,3,2019-09-30,10-Q,273
1133421,2019,4,2019-12-31,10-K,365
1133421,2020,1,2020-03-31,10-Q,91
1133421,2020,2,2020-06-30,10-Q,182
1133421,2020,3,2020-09-30,10-Q,274
1133421,2020,4,2020-12-31,10-K,366
1133421,2021,1,2021-03-31,10-Q,90
1133421,2021,2,2021-06-30,10-Q,181
1133421,2021,3,2021-09-30,10-Q,273
1133421,2021,4,2021-12-31,10-K,365
1133421,2022,1,2022-03-31,10-Q,90
1133421,2022,2,2022-06-30,10-Q,181
1133421,2022,3,2022-09-30,10-Q,273
1133421,2022,4,2022-12-31,10-K,365
1133421,2023,1,2023-03-31,10-Q,90
1133421,2023,2,2023-06-30,10-Q,181
1133421,2023,3,2023-09-30,10-Q,273
1133421,2023,4,2023-12-31,10-K,365
1133421,2024,1,2024-03-31,10-Q,91
1133421,2024,2,2024-06-30,10-Q,182
1133421,2024,3,2024-09-30,10-Q,274
1133421,2024,4,2024-12-31,10-K,366
1137774,2012,1,2012-03-31,10-Q,105
1137774,2012,2,2012-06-30,10-Q,196
1137774,2012,3,2012-09-30,10-Q,288
1137774,2012,4,2012-12-31,10-K,380
1137774,2013,1,2013-03-31,10-Q,90
1137774,2013,2,2013-06-30,10-Q,181
1137774,2013,3,2013-09-30,10-Q,273
1137774,2013,4,2013-12-31,10-K,365
1137774,2014,1,2014-03-31,10-Q,90
1137774,2014,2,2014-06-30,10-Q,181
1137774,2014,3,2014-09-30,10-Q,273
1137774,2014,4,2014-12-31,10-K,365
1137774,2015,1,2015-03-31,10-Q,90
1137774,2015,2,2015-06-30,10-Q,181
1137774,2015,3,2015-09-30,10-Q,273
1137774,2015,4,2015-12-31,10-K,365
1137774,2016,1,2016-03-31,10-Q,91
1137774,2016,2,2016-06-30,10-Q,182
1137774,2016,3,2016-09-30,10-Q,274
1137774,2016,4,2016-12-31,10-K,366
1137774,2017,1,2017-03-31,10-Q,90
1137774,2017,2,2017-06-30,10-Q,181
1137774,2017,3,2017-09-30,10-Q,273
1137774,2017,4,2017-12-31,10-K,365
1137774,2018,1,2018-03-31,10-Q,90
1137774,2018,2,2018-06-30,10-Q,181
1137774,2018,3,2018-09-30,10-Q,273
1137774,2018,4,2018-12-31,10-K,365
1137774,2019,1,2019-03-31,10-Q,90
1137774,2019,2,2019-06-30,10-Q,181
1137774,2019,3,2019-09-30,10-Q,273
1137774,2019,4,2019-12-31,10-K,365
1137774,2020,1,2020-03-31,10-Q,91
1137774,2020,2,2020-06-30,10-Q,182
1137774,2020,3,2020-09-30,10-Q,274
1137774,2020,4,2020-12-31,10-K,366
1137774,2021,1,2021-03-31,10-Q,90
1137774,2021,2,2021-06-30,10-Q,181
1137774,2021,3,2021-09-30,10-Q,273
1137774,2021,4,2021-12-31,10-K,365
1137774,2022,1,2022-03-31,10-Q,90
1137774,2022,2,2022-06-30,10-Q,181
1137774,2022,3,2022-09-30,10-Q,273
1137774,2022,4,2022-12-31,10-K,365
1137774,2023,1,2023-03-31,10-Q,90
1137774,2023,2,2023-06-30,10-Q,181
1137774,2023,3,2023-09-30,10-Q,273
1137774,2023,4,2023-12-31,10-K,365
1137774,2024,1,2024-03-31,10-Q,91
1137774,2024,2,2024-06-30,10-Q,182
1137774,2024,3,2024-09-30,10-Q,274
1137774,2024,4,2024-12-31,10-K,366
1138118,2012,1,2012-03-31,10-Q,105
1138118,2012,2,2012-06-30,10-Q,196
1138118,2012,3,2012-09-30,10-Q,288
1138118,2012,4,2012-12-31,10-K,380
1138118,2013,1,2013-03-31,10-Q,90
1138118,2013,2,2013-06-30,10-Q,181
1138118,2013,3,2013-09-30,10-Q,273
1138118,2013,4,2013-12-31,10-K,365
1138118,2014,1,2014-03-31,10-Q,90
1138118,2014,2,2014-06-30,10-Q,181
1138118,2014,3,2014-09-30,10-Q,273
1138118,2014,4,2014-12-31,10-K,365
1138118,2015,1,2015-03-31,10-Q,90
1138118,2015,2,2015-06-30,10-Q,181
1138118,2015,3,2015-09-30,10-Q,273
1138118,2015,4,2015-12-31,10-K,365
1138118,2016,1,2016-03-31,10-Q,91
1138118,2016,2,2016-06-30,10-Q,182
1138118,2016,3,2016-09-30,10-Q,274
1138118,2016,4,2016-12-31,10-K,366
1138118,2017,1,2017-03-31,10-Q,90
1138118,2017,2,2017-06-30,10-Q,181
1138118,2017,3,2017-09-30,10-Q,273
1138118,2017,4,2017-12-31,10-K,365
1138118,2018,1,2018-03-31,10-Q,90
1138118,2018,2,2018-06-30,10-Q,181
1138118,2018,3,2018-09-30,10-Q,273
1138118,2018,4,2018-12-31,10-K,365
1138118,2019,1,2019-03-31,10-Q,90
1138118,2019,2,2019-06-30,10-Q,181
1138118,2019,3,2019-09-30,10-Q,273
1138118,2019,4,2019-12-31,10-K,365
1138118,2020,1,2020-03-31,10-Q,91
1138118,2020,2,2020-06-30,10-Q,182
1138118,2020,3,2020-09-30,10-Q,274
1138118,2020,4,2020-12-31,10-K,366
1138118,2021,1,2021-03-31,10-Q,90
1138118,2021,2,2021-06-30,10-Q,181
1138118,2021,3,2021-09-30,10-Q,273
1138118,2021,4,2021-12-31,10-K,365
1138118,2022,1,2022-03-31,10-Q,90
1138118,2022,2,2022-06-30,10-Q,181
1138118,2022,3,2022-09-30,10-Q,273
1138118,2022,4,2022-12-31,10-K,365
1138118,2023,1,2023-03-31,10-Q,90
1138118,2023,2,2023-06-30,10-Q,181
1138118,2023,3,2023-09-30,10-Q,273
1138118,2023,4,2023-12-31,10-K,365
1138118,2024,1,2024-03-31,10-Q,91
1138118,2024,2,2024-06-30,10-Q,182
1138118,2024,3,2024-09-30,10-Q,274
1138118,2024,4,2024-12-31,10-K,366
1140859,2012,2,2012-03-31,10-Q,197
1140859,2012,3,2012-06-30,10-Q,288
1140859,2012,4,2012-09-30,10-K,380
1140859,2013,1,2012-12-31,10-Q,92
1140859,2013,2,2013-03-31,10-Q,182
1140859,2013,3,2013-06-30,10-Q,273
1140859,2013,4,2013-09-30,10-K,365
1140859,2014,1,2013-12-31,10-Q,92
1140859,2014,2,2014-03-31,10-Q,182
1140859,2014,3,2014-06-30,10-Q,273
1140859,2014,4,2014-09-30,10-K,365
1140859,2015,1,2014-12-31,10-Q,92
1140859,2015,2,2015-03-31,10-Q,182
1140859,2015,3,2015-06-30,10-Q,273
1140859,2015,4,2015-09-30,10-K,365
1140859,2016,1,2015-12-31,10-Q,92
1140859,2016,2,2016-03-31,10-Q,183
1140859,2016,3,2016-06-30,10-Q,274
1140859,2016,4,2016-09-30,10-K,366
1140859,2017,1,2016-12-31,10-Q,92
1140859,2017,2,2017-03-31,10-Q,182
1140859,2017,3,2017-06-30,10-Q,273
1140859,2017,4,2017-09-30,10-K,365
1140859,2018,1,2017-12-31,10-Q,92
1140859,2018,2,2018-03-31,10-Q,182
1140859,2018,3,2018-06-30,10-Q,273
1140859,2018,4,2018-09-30,10-K,365
1140859,2019,1,2018-12-31,10-Q,92
1140859,2019,2,2019-03-31,10-Q,182
1140859,2019,3,2019-06-30,10-Q,273
1140859,2019,4,2019-09-30,10-K,365
1140859,2020,1,2019-12-31,10-Q,92
1140859,2020,2,2020-03-31,10-Q,183
1140859,2020,3,2020-06-30,10-Q,274
1140859,2020,4,2020-09-30,10-K,366
1140859,2021,1,2020-12-31,10-Q,92
1140859,2021,2,2021-03-31,10-Q,182
1140859,2021,3,2021-06-30,10-Q,273
1140859,2021,4,2021-09-30,10-K,365
1140859,2022,1,2021-12-31,10-Q,92
1140859,2022,2,2022-03-31,10-Q,182
1140859,2022,3,2022-06-30,10-Q,273
1140859,2022,4,2022-09-30,10-K,365
1140859,2023,1,2022-12-31,10-Q,92
1140859,2023,2,2023-03-31,10-Q,182
1140859,2023,3,2023-06-30,10-Q,273
1140859,2023,4,2023-09-30,10-K,365
1140859,2024,1,2023-12-31,10-Q,92
1140859,2024,2,2024-03-31,10-Q,183
1140859,2024,3,2024-06-30,10-Q,274
1140859,2024,4,2024-09-30,10-K,366
1156039,2012,1,2012-03-31,10-Q,105
1156039,2012,2,2012-06-30,10-Q,196
1156039,2012,3,2012-09-30,10-Q,288
1156039,2012,4,2012-12-31,10-K,380
1156039,2013,1,2013-03-31,10-Q,90
1156039,2013,2,2013-06-30,10-Q,181
1156039,2013,3,2013-09-30,10-Q,273
1156039,2013,4,2013-12-31,10-K,365
1156039,2014,1,2014-03-31,10-Q,90
1156039,2014,2,2014-06-30,10-Q,181
1156039,2014,3,2014-09-30,10-Q,273
1156039,2014,4,2014-12-31,10-K,365
1156039,2015,1,2015-03-31,10-Q,90
1156039,2015,2,2015-06-30,10-Q,181
1156039,2015,3,2015-09-30,10-Q,273
1156039,2015,4,2015-12-31,10-K,365
1156039,2016,1,2016-03-31,10-Q,91
1156039,2016,2,2016-06-30,10-Q,182
1156039,2016,3,2016-09-30,10-Q,274
1156039,2016,4,2016-12-31,10-K,366
1156039,2017,1,2017-03-31,10-Q,90
1156039,2017,2,2017-06-30,10-Q,181
1156039,2017,3,2017-09-30,10-Q,273
1156039,2017,4,2017-12-31,10-K,365
1156039,2018,1,2018-03-31,10-Q,90
1156039,2018,2,2018-06-30,10-Q,181
1156039,2018,3,2018-09-30,10-Q,273
1156039,2018,4,2018-12-31,10-K,365
1156039,2019,1,2019-03-31,10-Q,90
1156039,2019,2,2019-06-30,10-Q,181
1156039,2019,3,2019-09-30,10-Q,273
1156039,2019,4,2019-12-31,10-K,365
1156039,2020,1,2020-03-31,10-Q,91
1156039,2020,2,2020-06-30,10-Q,182
1156039,2020,3,2020-09-30,10-Q,274
1156039,2020,4,2020-12-31,10-K,366
1156039,2021,1,2021-03-31,10-Q,90
1156039,2021,2,2021-06-30,10-Q,181
1156039,2021,3,2021-09-30,10-Q,273
1156039,2021,4,2021-12-31,10-K,365
1156039,2022,1,2022-03-31,10-Q,90
1156039,2022,2,2022-06-30,10-Q,181
1156039,2022,3,2022-09-30,10-Q,273
1156039,2022,4,2022-12-31,10-K,365
1156039,2023,1,2023-03-31,10-Q,90
1156039,2023,2,2023-06-30,10-Q,181
1156039,2023,3,2023-09-30,10-Q,273
1156039,2023,4,2023-12-31,10-K,365
1156039,2024,1,2024-03-31,10-Q,91
1156039,2024,2,2024-06-30,10-Q,182
1156039,2024,3,2024-09-30,10-Q,274
1156039,2024,4,2024-12-31,10-K,366
1163165,2012,1,2012-03-31,10-Q,105
1163165,2012,2,2012-06-30,10-Q,196
1163165,2012,3,2012-09-30,10-Q,288
1163165,2012,4,2012-12-31,10-K,380
1163165,2013,1,2013-03-31,10-Q,90
1163165,2013,2,2013-06-30,10-Q,181
1163165,2013,3,2013-09-30,10-Q,273
1163165,2013,4,2013-12-31,10-K,365
1163165,2014,1,2014-03-31,10-Q,90
1163165,2014,2,2014-06-30,10-Q,181
1163165,2014,3,2014-09-30,10-Q,273
1163165,2014,4,2014-12-31,10-K,365
1163165,2015,1,2015-03-31,10-Q,90
1163165,2015,2,2015-06-30,10-Q,181
1163165,2015,3,2015-09-30,10-Q,273
1163165,2015,4,2015-12-31,10-K,365
1163165,2016,1,2016-03-31,10-Q,91
1163165,2016,2,2016-06-30,10-Q,182
1163165,2016,3,2016-09-30,10-Q,274
1163165,2016,4,2016-12-31,10-K,366
1163165,2017,1,2017-03-31,10-Q,90
1163165,2017,2,2017-06-30,10-Q,181
1163165,2017,3,2017-09-30,10-Q,273
1163165,2017,4,2017-12-31,10-K,365
1163165,2018,1,2018-03-31,10-Q,90
1163165,2018,2,2018-06-30,10-Q,181
1163165,2018,3,2018-09-30,10-Q,273
1163165,2018,4,2018-12-31,10-K,365
1163165,2019,1,2019-03-31,10-Q,90
1163165,2019,2,2019-06-30,10-Q,181
1163165,2019,3,2019-09-30,10-Q,273
1163165,2019,4,2019-12-31,10-K,365
1163165,2020,1,2020-03-31,10-Q,91
1163165,2020,2,2020-06-30,10-Q,182
1163165,2020,3,2020-09-30,10-Q,274
1163165,2020,4,2020-12-31,10-K,366
1163165,2021,1,2021-03-31,10-Q,90
1163165,2021,2,2021-06-30,10-Q,181
1163165,2021,3,2021-09-30,10-Q,273
1163165,2021,4,2021-12-31,10-K,365
1163165,2022,1,2022-03-31,10-Q,90
1163165,2022,2,2022-06-30,10-Q,181
1163165,2022,3,2022-09-30,10-Q,273
1163165,2022,4,2022-12-31,10-K,365
1163165,2023,1,2023-03-31,10-Q,90
1163165,2023,2,2023-06-30,10-Q,181
1163165,2023,3,2023-09-30,10-Q,273
1163165,2023,4,2023-12-31,10-K,365
1163165,2024,1,2024-03-31,10-Q,91
1163165,2024,2,2024-06-30,10-Q,182
1163165,2024,3,2024-09-30,10-Q,274
1163165,2024,4,2024-12-31,10-K,366
1166691,2012,1,2012-03-31,10-Q,105
1166691,2012,2,2012-06-30,10-Q,196
1166691,2012,3,2012-09-30,10-Q,288
1166691,2012,4,2012-12-31,10-K,380
1166691,2013,1,2013-03-31,10-Q,90
1166691,2013,2,2013-06-30,10-Q,181
1166691,2013,3,2013-09-30,10-Q,273
1166691,2013,4,2013-12-31,10-K,365
1166691,2014,1,2014-03-31,10-Q,90
1166691,2014,2,2014-06-30,10-Q,181
1166691,2014,3,2014-09-30,10-Q,273
1166691,2014,4,2014-12-31,10-K,365
1166691,2015,1,2015-03-31,10-Q,90
1166691,2015,2,2015-06-30,10-Q,181
1166691,2015,3,2015-09-30,10-Q,273
1166691,2015,4,2015-12-31,10-K,365
1166691,2016,1,2016-03-31,10-Q,91
1166691,2016,2,2016-06-30,10-Q,182
1166691,2016,3,2016-09-30,10-Q,274
1166691,2016,4,2016-12-31,10-K,366
1166691,2017,1,2017-03-31,10-Q,90
1166691,2017,2,2017-06-30,10-Q,181
1166691,2017,3,2017-09-30,10-Q,273
1166691,2017,4,2017-12-31,10-K,365
1166691,2018,1,2018-03-31,10-Q,90
1166691,2018,2,2018-06-30,10-Q,181
1166691,2018,3,2018-09-30,10-Q,273
1166691,2018,4,2018-12-31,10-K,365
1166691,2019,1,2019-03-31,10-Q,90
1166691,2019,2,2019-06-30,10-Q,181
1166691,2019,3,2019-09-30,10-Q,273
1166691,2019,4,2019-12-31,10-K,365
1166691,2020,1,2020-03-31,10-Q,91
1166691,2020,2,2020-06-30,10-Q,182
1166691,2020,3,2020-09-30,10-Q,274
1166691,2020,4,2020-12-31,10-K,366
1166691,2021,1,2021-03-31,10-Q,90
1166691,2021,2,2021-06-30,10-Q,181
1166691,2021,3,2021-09-30,10-Q,273
1166691,2021,4,2021-12-31,10-K,365
1166691,2022,1,2022-03-31,10-Q,90
1166691,2022,2,2022-06-30,10-Q,181
1166691,2022,3,2022-09-30,10-Q,273
1166691,2022,4,2022-12-31,10-K,365
1166691,2023,1,2023-03-31,10-Q,90
1166691,2023,2,2023-06-30,10-Q,181
1166691,2023,3,2023-09-30,10-Q,273
1166691,2023,4,2023-12-31,10-K,365
1166691,2024,1,2024-03-31,10-Q,91
1166691,2024,2,2024-06-30,10-Q,182
1166691,2024,3,2024-09-30,10-Q,274
1166691,2024,4,2024-12-31,10-K,366
1170010,2012,4,2012-02-29,10-K,380
1170010,2013,1,2012-05-31,10-Q,92
1170010,2013,2,2012-08-31,10-Q,184
1170010,2013,3,2012-11-30,10-Q,275
1170010,2013,4,2013-02-28,10-K,365
1170010,2014,1,2013-05-31,10-Q,92
1170010,2014,2,2013-08-31,10-Q,184
1170010,2014,3,2013-11-30,10-Q,275
1170010,2014,4,2014-02-28,10-K,365
1170010,2015,1,2014-05-31,10-Q,92
1170010,2015,2,2014-08-31,10-Q,184
1170010,2015,3,2014-11-30,10-Q,275
1170010,2015,4,2015-02-28,10-K,365
1170010,2016,1,2015-05-31,10-Q,92
1170010,2016,2,2015-08-31,10-Q,184
1170010,2016,3,2015-11-30,10-Q,275
1170010,2016,4,2016-02-29,10-K,366
1170010,2017,1,2016-05-31,10-Q,92
1170010,2017,2,2016-08-31,10-Q,184
1170010,2017,3,2016-11-30,10-Q,275
1170010,2017,4,2017-02-28,10-K,365
1170010,2018,1,2017-05-31,10-Q,92
1170010,2018,2,2017-08-31,10-Q,184
1170010,2018,3,2017-11-30,10-Q,275
1170010,2018,4,2018-02-28,10-K,365
1170010,2019,1,2018-05-31,10-Q,92
1170010,2019,2,2018-08-31,10-Q,184
1170010,2019,3,2018-11-30,10-Q,275
1170010,2019,4,2019-02-28,10-K,365
1170010,2020,1,2019-05-31,10-Q,92
1170010,2020,2,2019-08-31,10-Q,184
1170010,2020,3,2019-11-30,10-Q,275
1170010,2020,4,2020-02-29,10-K,366
1170010,2021,1,2020-05-31,10-Q,92
1170010,2021,2,2020-08-31,10-Q,184
1170010,2021,3,2020-11-30,10-Q,275
1170010,2021,4,2021-02-28,10-K,365
1170010,2022,1,2021-05-31,10-Q,92
1170010,2022,2,2021-08-31,10-Q,184
1170010,2022,3,2021-11-30,10-Q,275
1170010,2022,4,2022-02-28,10-K,365
1170010,2023,1,2022-05-31,10-Q,92
1170010,2023,2,2022-08-31,10-Q,184
1170010,2023,3,2022-11-30,10-Q,275
1170010,2023,4,2023-02-28,10-K,365
1170010,2024,1,2023-05-31,10-Q,92
1170010,2024,2,2023-08-31,10-Q,184
1170010,2024,3,2023-11-30,10-Q,275
1170010,2024,4,2024-02-29,10-K,366
1177394,2012,1,2012-02-29,10-Q,105
1177394,2012,2,2012-05-31,10-Q,197
1177394,2012,3,2012-08-31,10-Q,289
1177394,2012,4,2012-11-30,10-K,380
1177394,2013,1,2013-02-28,10-Q,90
1177394,2013,2,2013-05-31,10-Q,182
1177394,2013,3,2013-08-31,10-Q,274
1177394,2013,4,2013-11-30,10-K,365
1177394,2014,1,2014-02-28,10-Q,90
1177394,2014,2,2014-05-31,10-Q,182
1177394,2014,3,2014-08-31,10-Q,274
1177394,2014,4,2014-11-30,10-K,365
1177394,2015,1,2015-02-28,10-Q,90
1177394,2015,2,2015-05-31,10-Q,182
1177394,2015,3,2015-08-31,10-Q,274
1177394,2015,4,2015-11-30,10-K,365
1177394,2016,1,2016-02-29,10-Q,91
1177394,2016,2,2016-05-31,10-Q,183
1177394,2016,3,2016-08-31,10-Q,275
1177394,2016,4,2016-11-30,10-K,366
1177394,2017,1,2017-02-28,10-Q,90
1177394,2017,2,2017-05-31,10-Q,182
1177394,2017,3,2017-08-31,10-Q,274
1177394,2017,4,2017-11-30,10-K,365
1177394,2018,1,2018-02-28,10-Q,90
1177394,2018,2,2018-05-31,10-Q,182
1177394,2018,3,2018-08-31,10-Q,274
1177394,2018,4,2018-11-30,10-K,365
1177394,2019,1,2019-02-28,10-Q,90
1177394,2019,2,2019-05-31,10-Q,182
1177394,2019,3,2019-08-31,10-Q,274
1177394,2019,4,2019-11-30,10-K,365
1177394,2020,1,2020-02-29,10-Q,91
1177394,2020,2,2020-05-31,10-Q,183
1177394,2020,3,2020-08-31,10-Q,275
1177394,2020,4,2020-11-30,10-K,366
1177394,2021,1,2021-02-28,10-Q,90
1177394,2021,2,2021-05-31,10-Q,182
1177394,2021,3,2021-08-31,10-Q,274
1177394,2021,4,2021-11-30,10-K,365
1177394,2022,1,2022-02-28,10-Q,90
1177394,2022,2,2022-05-31,10-Q,182
1177394,2022,3,2022-08-31,10-Q,274
1177394,2022,4,2022-11-30,10-K,365
1177394,2023,1,2023-02-28,10-Q,90
1177394,2023,2,2023-05-31,10-Q,182
1177394,2023,3,2023-08-31,10-Q,274
1177394,2023,4,2023-11-30,10-K,365
1177394,2024,1,2024-02-29,10-Q,91
1177394,2024,2,2024-05-31,10-Q,183
1177394,2024,3,2024-08-31,10-Q,275
1177394,2024,4,2024-11-30,10-K,366
1179929,2012,1,2012-03-31,10-Q,105
1179929,2012,2,2012-06-30,10-Q,196
1179929,2012,3,2012-09-30,10-Q,288
1179929,2012,4,2012-12-31,10-K,380
1179929,2013,1,2013-03-31,10-Q,90
1179929,2013,2,2013-06-30,10-Q,181
1179929,2013,3,2013-09-30,10-Q,273
1179929,2013,4,2013-12-31,10-K,365
1179929,2014,1,2014-03-31,10-Q,90
1179929,2014,2,2014-06-30,10-Q,181
1179929,2014,3,2014-09-30,10-Q,273
1179929,2014,4,2014-12-31,10-K,365
1179929,2015,1,2015-03-31,10-Q,90
1179929,2015,2,2015-06-30,10-Q,181
1179929,2015,3,2015-09-30,10-Q,273
1179929,2015,4,2015-12-31,10-K,365
1179929,2016,1,2016-03-31,10-Q,91
1179929,2016,2,2016-06-30,10-Q,182
1179929,2016,3,2016-09-30,10-Q,274
1179929,2016,4,2016-12-31,10-K,366
1179929,2017,1,2017-03-31,10-Q,90
1179929,2017,2,2017-06-30,10-Q,181
1179929,2017,3,2017-09-30,10-Q,273
1179929,2017,4,2017-12-31,10-K,365
1179929,2018,1,2018-03-31,10-Q,90
1179929,2018,2,2018-06-30,10-Q,181
1179929,2018,3,2018-09-30,10-Q,273
1179929,2018,4,2018-12-31,10-K,365
1179929,2019,1,2019-03-31,10-Q,90
1179929,2019,2,2019-06-30,10-Q,181
1179929,2019,3,2019-09-30,10-Q,273
1179929,2019,4,2019-12-31,10-K,365
1179929,2020,1,2020-03-31,10-Q,91
1179929,2020,2,2020-06-30,10-Q,182
1179929,2020,3,2020-09-30,10-Q,274
1179929,2020,4,2020-12-31,10-K,366
1179929,2021,1,2021-03-31,10-Q,90
1179929,2021,2,2021-06-30,10-Q,181
1179929,2021,3,2021-09-30,10-Q,273
1179929,2021,4,2021-12-31,10-K,365
1179929,2022,1,2022-03-31,10-Q,90
1179929,2022,2,2022-06-30,10-Q,181
1179929,2022,3,2022-09-30,10-Q,273
1179929,2022,4,2022-12-31,10-K,365
1179929,2023,1,2023-03-31,10-Q,90
1179929,2023,2,2023-06-30,10-Q,181
1179929,2023,3,2023-09-30,10-Q,273
1179929,2023,4,2023-12-31,10-K,365
1179929,2024,1,2024-03-31,10-Q,91
1179929,2024,2,2024-06-30,10-Q,182
1179929,2024,3,2024-09-30,10-Q,274
1179929,2024,4,2024-12-31,10-K,366
1271833,2016,2,2016-06-30,10-Q,196
1271833,2016,3,2016-09-30,10-Q,288
1271833,2016,4,2016-12-31,10-K,380
1271833,2017,1,2017-03-31,10-Q,90
1271833,2017,2,2017-06-30,10-Q,181
1271833,2017,3,2017-09-30,10-Q,273
1271833,2017,4,2017-12-31,10-K,365
1271833,2018,1,2018-03-31,10-Q,90
1271833,2018,2,2018-06-30,10-Q,181
1271833,2018,3,2018-09-30,10-Q,273
1271833,2018,4,2018-12-31,10-K,365
1271833,2019,1,2019-03-31,10-Q,90
1271833,2019,2,2019-06-30,10-Q,181
1271833,2019,3,2019-09-30,10-Q,273
1271833,2019,4,2019-12-31,10-K,365
1271833,2020,1,2020-03-31,10-Q,91
1271833,2020,2,2020-06-30,10-Q,182
1271833,2020,3,2020-09-30,10-Q,274
1271833,2020,4,2020-12-31,10-K,366
1271833,2021,1,2021-03-31,10-Q,90
1271833,2021,2,2021-06-30,10-Q,181
1271833,2021,3,2021-09-30,10-Q,273
1271833,2021,4,2021-12-31,10-K,365
1271833,2022,1,2022-03-31,10-Q,90
1271833,2022,2,2022-06-30,10-Q,181
1271833,2022,3,2022-09-30,10-Q,273
1271833,2022,4,2022-12-31,10-K,365
1271833,2023,1,2023-03-31,10-Q,90
1271833,2023,2,2023-06-30,10-Q,181
1271833,2023,3,2023-09-30,10-Q,273
1271833,2023,4,2023-12-31,10-K,365
1271833,2024,1,2024-03-31,10-Q,91
1271833,2024,2,2024-06-30,10-Q,182
1271833,2024,3,2024-09-30,10-Q,274
1271833,2024,4,2024-12-31,10-K,366
1276187,2012,1,2012-03-31,10-Q,105
1276187,2012,2,2012-06-30,10-Q,196
1276187,2012,3,2012-09-30,10-Q,288
1276187,2012,4,2012-12-31,10-K,380
1276187,2013,1,2013-03-31,10-Q,90
1276187,2013,2,2013-06-30,10-Q,181
1276187,2013,3,2013-09-30,10-Q,273
1276187,2013,4,2013-12-31,10-K,365
1276187,2014,1,2014-03-31,10-Q,90
1276187,2014,2,2014-06-30,10-Q,181
1276187,2014,3,2014-09-30,10-Q,273
1276187,2014,4,2014-12-31,10-K,365
1276187,2015,1,2015-03-31,10-Q,90
1276187,2015,2,2015-06-30,10-Q,181
1276187,2015,3,2015-09-30,10-Q,273
1276187,2015,4,2015-12-31,10-K,365
1276187,2016,1,2016-03-31,10-Q,91
1276187,2016,2,2016-06-30,10-Q,182
1276187,2016,3,2016-09-30,10-Q,274
1276187,2016,4,2016-12-31,10-K,366
1276187,2017,1,2017-03-31,10-Q,90
1276187,2017,2,2017-06-30,10-Q,181
1276187,2017,3,2017-09-30,10-Q,273
1276187,2017,4,2017-12-31,10-K,365
1276187,2018,1,2018-03-31,10-Q,90
1276187,2018,2,2018-06-30,10-Q,181
1276187,2018,3,2018-09-30,10-Q,273
1276187,2018,4,2018-12-31,10-K,365
1276187,2019,1,2019-03-31,10-Q,90
1276187,2019,2,2019-06-30,10-Q,181
1276187,2019,3,2019-09-30,10-Q,273
1276187,2019,4,2019-12-31,10-K,365
1276187,2020,1,2020-03-31,10-Q,91
1276187,2020,2,2020-06-30,10-Q,182
1276187,2020,3,2020-09-30,10-Q,274
1276187,2020,4,2020-12-31,10-K,366
1276187,2021,1,2021-03-31,10-Q,90
1276187,2021,2,2021-06-30,10-Q,181
1276187,2021,3,2021-09-30,10-Q,273
1276187,2021,4,2021-12-31,10-K,365
1276187,2022,1,2022-03-31,10-Q,90
1276187,2022,2,2022-06-30,10-Q,181
1276187,2022,3,2022-09-30,10-Q,273
1276187,2022,4,2022-12-31,10-K,365
1276187,2023,1,2023-03-31,10-Q,90
1276187,2023,2,2023-06-30,10-Q,181
1276187,2023,3,2023-09-30,10-Q,273
1276187,2023,4,2023-12-31,10-K,365
1276187,2024,1,2024-03-31,10-Q,91
1276187,2024,2,2024-06-30,10-Q,182
1276187,2024,3,2024-09-30,10-Q,274
1276187,2024,4,2024-12-31,10-K,366
1283699,2012,1,2012-03-31,10-Q,105
1283699,2012,2,2012-06-30,10-Q,196
1283699,2012,3,2012-09-30,10-Q,288
1283699,2012,4,2012-12-31,10-K,380
1283699,2013,1,2013-03-31,10-Q,90
1283699,2013,2,2013-06-30,10-Q,181
1283699,2013,3,2013-09-30,10-Q,273
1283699,2013,4,2013-12-31,10-K,365
1283699,2014,1,2014-03-31,10-Q,90
1283699,2014,2,2014-06-30,10-Q,181
1283699,2014,3,2014-09-30,10-Q,273
1283699,2014,4,2014-12-31,10-K,365
1283699,2015,1,2015-03-31,10-Q,90
1283699,2015,2,2015-06-30,10-Q,181
1283699,2015,3,2015-09-30,10-Q,273
1283699,2015,4,2015-12-31,10-K,365
1283699,2016,1,2016-03-31,10-Q,91
1283699,2016,2,2016-06-30,10-Q,182
1283699,2016,3,2016-09-30,10-Q,274
1283699,2016,4,2016-12-31,10-K,366
1283699,2017,1,2017-03-31,10-Q,90
1283699,2017,2,2017-06-30,10-Q,181
1283699,2017,3,2017-09-30,10-Q,273
1283699,2017,4,2017-12-31,10-K,365
1283699,2018,1,2018-03-31,10-Q,90
1283699,2018,2,2018-06-30,10-Q,181
1283699,2018,3,2018-09-30,10-Q,273
1283699,2018,4,2018-12-31,10-K,365
1283699,2019,1,2019-03-31,10-Q,90
1283699,2019,2,2019-06-30,10-Q,181
1283699,2019,3,2019-09-30,10-Q,273
1283699,2019,4,2019-12-31,10-K,365
1283699,2020,1,2020-03-31,10-Q,91
1283699,2020,2,2020-06-30,10-Q,182
1283699,2020,3,2020-09-30,10-Q,274
1283699,2020,4,2020-12-31,10-K,366
1283699,2021,1,2021-03-31,10-Q,90
1283699,2021,2,2021-06-30,10-Q,181
1283699,2021,3,2021-09-30,10-Q,273
1283699,2021,4,2021-12-31,10-K,365
1283699,2022,1,2022-03-31,10-Q,90
1283699,2022,2,2022-06-30,10-Q,181
1283699,2022,3,2022-09-30,10-Q,273
1283699,2022,4,2022-12-31,10-K,365
1283699,2023,1,2023-03-31,10-Q,90
1283699,2023,2,2023-06-30,10-Q,181
1283699,2023,3,2023-09-30,10-Q,273
1283699,2023,4,2023-12-31,10-K,365
1283699,2024,1,2024-03-31,10-Q,91
1283699,2024,2,2024-06-30,10-Q,182
1283699,2024,3,2024-09-30,10-Q,274
1283699,2024,4,2024-12-31,10-K,366
1318605,2012,1,2012-03-31,10-Q,105
1318605,2012,2,2012-06-30,10-Q,196
1318605,2012,3,2012-09-30,10-Q,288
1318605,2012,4,2012-12-31,10-K,380
1318605,2013,1,2013-03-31,10-Q,90
1318605,2013,2,2013-06-30,10-Q,181
1318605,2013,3,2013-09-30,10-Q,273
1318605,2013,4,2013-12-31,10-K,365
1318605,2014,1,2014-03-31,10-Q,90
1318605,2014,2,2014-06-30,10-Q,181
1318605,2014,3,2014-09-30,10-Q,273
1318605,2014,4,2014-12-31,10-K,365
1318605,2015,1,2015-03-31,10-Q,90
1318605,2015,2,2015-06-30,10-Q,181
1318605,2015,3,2015-09-30,10-Q,273
1318605,2015,4,2015-12-31,10-K,365
1318605,2016,1,2016-03-31,10-Q,91
1318605,2016,2,2016-06-30,10-Q,182
1318605,2016,3,2016-09-30,10-Q,274
1318605,2016,4,2016-12-31,10-K,366
1318605,2017,1,2017-03-31,10-Q,90
1318605,2017,2,2017-06-30,10-Q,181
1318605,2017,3,2017-09-30,10-Q,273
1318605,2017,4,2017-12-31,10-K,365
1318605,2018,1,2018-03-31,10-Q,90
1318605,2018,2,2018-06-30,10-Q,181
1318605,2018,3,2018-09-30,10-Q,273
1318605,2018,4,2018-12-31,10-K,365
1318605,2019,1,2019-03-31,10-Q,90
1318605,2019,2,2019-06-30,10-Q,181
1318605,2019,3,2019-09-30,10-Q,273
1318605,2019,4,2019-12-31,10-K,365
1318605,2020,1,2020-03-31,10-Q,91
1318605,2020,2,2020-06-30,10-Q,182
1318605,2020,3,2020-09-30,10-Q,274
1318605,2020,4,2020-12-31,10-K,366
1318605,2021,1,2021-03-31,10-Q,90
1318605,2021,2,2021-06-30,10-Q,181
1318605,2021,3,2021-09-30,10-Q,273
1318605,2021,4,2021-12-31,10-K,365
1318605,2022,1,2022-03-31,10-Q,90
1318605,2022,2,2022-06-30,10-Q,181
1318605,2022,3,2022-09-30,10-Q,273
1318605,2022,4,2022-12-31,10-K,365
1318605,2023,1,2023-03-31,10-Q,90
1318605,2023,2,2023-06-30,10-Q,181
1318605,2023,3,2023-09-30,10-Q,273
1318605,2023,4,2023-12-31,10-K,365
1318605,2024,1,2024-03-31,10-Q,91
1318605,2024,2,2024-06-30,10-Q,182
1318605,2024,3,2024-09-30,10-Q,274
1318605,2024,4,2024-12-31,10-K,366
1326801,2012,2,2012-06-30,10-Q,196
1326801,2012,3,2012-09-30,10-Q,288
1326801,2012,4,2012-12-31,10-K,380
1326801,2013,1,2013-03-31,10-Q,90
1326801,2013,2,2013-06-30,10-Q,181
1326801,2013,3,2013-09-30,10-Q,273
1326801,2013,4,2013-12-31,10-K,365
1326801,2014,1,2014-03-31,10-Q,90
1326801,2014,2,2014-06-30,10-Q,181
1326801,2014,3,2014-09-30,10-Q,273
1326801,2014,4,2014-12-31,10-K,365
1326801,2015,1,2015-03-31,10-Q,90
1326801,2015,2,2015-06-30,10-Q,181
1326801,2015,3,2015-09-30,10-Q,273
1326801,2015,4,2015-12-31,10-K,365
1326801,2016,1,2016-03-31,10-Q,91
1326801,2016,2,2016-06-30,10-Q,182
1326801,2016,3,2016-09-30,10-Q,274
1326801,2016,4,2016-12-31,10-K,366
1326801,2017,1,2017-03-31,10-Q,90
1326801,2017,2,2017-06-30,10-Q,181
1326801,2017,3,2017-09-30,10-Q,273
1326801,2017,4,2017-12-31,10-K,365
1326801,2018,1,2018-03-31,10-Q,90
1326801,2018,2,2018-06-30,10-Q,181
1326801,2018,3,2018-09-30,10-Q,273
1326801,2018,4,2018-12-31,10-K,365
1326801,2019,1,2019-03-31,10-Q,90
1326801,2019,2,2019-06-30,10-Q,181
1326801,2019,3,2019-09-30,10-Q,273
1326801,2019,4,2019-12-31,10-K,365
1326801,2020,1,2020-03-31,10-Q,91
1326801,2020,2,2020-06-30,10-Q,182
1326801,2020,3,2020-09-30,10-Q,274
1326801,2020,4,2020-12-31,10-K,366
1326801,2021,1,2021-03-31,10-Q,90
1326801,2021,2,2021-06-30,10-Q,181
1326801,2021,3,2021-09-30,10-Q,273
1326801,2021,4,2021-12-31,10-K,365
1326801,2022,1,2022-03-31,10-Q,90
1326801,2022,2,2022-06-30,10-Q,181
1326801,2022,3,2022-09-30,10-Q,273
1326801,2022,4,2022-12-31,10-K,365
1326801,2023,1,2023-03-31,10-Q,90
1326801,2023,2,2023-06-30,10-Q,181
1326801,2023,3,2023-09-30,10-Q,273
1326801,2023,4,2023-12-31,10-K,365
1326801,2024,1,2024-03-31,10-Q,91
1326801,2024,2,2024-06-30,10-Q,182
1326801,2024,3,2024-09-30,10-Q,274
1326801,2024,4,2024-12-31,10-K,366
1341439,2012,3,2012-02-29,10-Q,288
1341439,2012,4,2012-05-31,10-K,380
1341439,2013,1,2012-08-31,10-Q,92
1341439,2013,2,2012-11-30,10-Q,183
1341439,2013,3,2013-02-28,10-Q,273
1341439,2013,4,2013-05-31,10-K,365
1341439,2014,1,2013-08-31,10-Q,92
1341439,2014,2,2013-11-30,10-Q,183
1341439,2014,3,2014-01-31,10-Q,245
1341439,2014,4,2014-05-31,10-K,365
1341439,2015,1,2014-08-31,10-Q,92
1341439,2015,2,2014-11-30,10-Q,183
1341439,2015,3,2015-02-28,10-Q,273
1341439,2015,4,2015-05-31,10-K,365
1341439,2016,1,2015-08-31,10-Q,92
1341439,2016,2,2015-11-30,10-Q,183
1341439,2016,3,2016-02-29,10-Q,274
1341439,2016,4,2016-05-31,10-K,366
1341439,2017,1,2016-08-31,10-Q,92
1341439,2017,2,2016-11-30,10-Q,183
1341439,2017,3,2017-02-28,10-Q,273
1341439,2017,4,2017-05-31,10-K,365
1341439,2018,1,2017-08-31,10-Q,92
1341439,2018,2,2017-11-30,10-Q,183
1341439,2018,3,2018-02-28,10-Q,273
1341439,2018,4,2018-05-31,10-K,365
1341439,2019,1,2018-08-31,10-Q,92
1341439,2019,2,2018-11-30,10-Q,183
1341439,2019,3,2019-02-28,10-Q,273
1341439,2019,4,2019-05-31,10-K,365
1341439,2020,1,2019-08-31,10-Q,92
1341439,2020,2,2019-11-30,10-Q,183
1341439,2020,3,2020-02-29,10-Q,274
1341439,2020,4,2020-05-31,10-K,366
1341439,2021,1,2020-08-31,10-Q,92
1341439,2021,2,2020-11-30,10-Q,183
1341439,2021,3,2021-02-28,10-Q,273
1341439,2021,4,2021-05-31,10-K,365
1341439,2022,1,2021-08-31,10-Q,92
1341439,2022,2,2021-11-30,10-Q,183
1341439,2022,3,2022-02-28,10-Q,273
1341439,2022,4,2022-05-31,10-K,365
1341439,2023,1,2022-08-31,10-Q,92
1341439,2023,2,2022-11-30,10-Q,183
1341439,2023,3,2023-02-28,10-Q,273
1341439,2023,4,2023-05-31,10-K,365
1341439,2024,1,2023-08-31,10-Q,92
1341439,2024,2,2023-11-30,10-Q,183
1341439,2024,3,2024-02-29,10-Q,274
1341439,2024,4,2024-05-31,10-K,366
1403161,2012,2,2012-03-31,10-Q,197
1403161,2012,3,2012-06-30,10-Q,288
1403161,2012,4,2012-09-30,10-K,380
1403161,2013,1,2012-12-31,10-Q,92
1403161,2013,2,2013-03-31,10-Q,182
1403161,2013,3,2013-06-30,10-Q,273
1403161,2013,4,2013-09-30,10-K,365
1403161,2014,1,2013-12-31,10-Q,92
1403161,2014,2,2014-03-31,10-Q,182
1403161,2014,3,2014-06-30,10-Q,273
1403161,2014,4,2014-09-30,10-K,365
1403161,2015,1,2014-12-31,10-Q,92
1403161,2015,2,2015-03-31,10-Q,182
1403161,2015,3,2015-06-30,10-Q,273
1403161,2015,4,2015-09-30,10-K,365
1403161,2016,1,2015-12-31,10-Q,92
1403161,2016,2,2016-03-31,10-Q,183
1403161,2016,3,2016-06-30,10-Q,274
1403161,2016,4,2016-09-30,10-K,366
1403161,2017,1,2016-12-31,10-Q,92
1403161,2017,2,2017-03-31,10-Q,182
1403161,2017,3,2017-06-30,10-Q,273
1403161,2017,4,2017-09-30,10-K,365
1403161,2018,1,2017-12-31,10-Q,92
1403161,2018,2,2018-03-31,10-Q,182
1403161,2018,3,2018-06-30,10-Q,273
1403161,2018,4,2018-09-30,10-K,365
1403161,2019,1,2018-12-31,10-Q,92
1403161,2019,2,2019-03-31,10-Q,182
1403161,2019,3,2019-06-30,10-Q,273
1403161,2019,4,2019-09-30,10-K,365
1403161,2020,1,2019-12-31,10-Q,92
1403161,2020,2,2020-03-31,10-Q,183
1403161,2020,3,2020-06-30,10-Q,274
1403161,2020,4,2020-09-30,10-K,366
1403161,2021,1,2020-12-31,10-Q,92
1403161,2021,2,2021-03-31,10-Q,182
1403161,2021,3,2021-06-30,10-Q,273
1403161,2021,4,2021-09-30,10-K,365
1403161,2022,1,2021-12-31,10-Q,92
1403161,2022,2,2022-03-31,10-Q,182
1403161,2022,3,2022-06-30,10-Q,273
1403161,2022,4,2022-09-30,10-K,365
1403161,2023,1,2022-12-31,10-Q,92
1403161,2023,2,2023-03-31,10-Q,182
1403161,2023,3,2023-06-30,10-Q,273
1403161,2023,4,2023-09-30,10-K,365
1403161,2024,1,2023-12-31,10-Q,92
1403161,2024,2,2024-03-31,10-Q,183
1403161,2024,3,2024-06-30,10-Q,274
1403161,2024,4,2024-09-30,10-K,366
1413329,2012,1,2012-03-31,10-Q,105
1413329,2012,2,2012-06-30,10-Q,196
1413329,2012,3,2012-09-30,10-Q,288
1413329,2012,4,2012-12-31,10-K,380
1413329,2013,1,2013-03-31,10-Q,90
1413329,2013,2,2013-06-30,10-Q,181
1413329,2013,3,2013-09-30,10-Q,273
1413329,2013,4,2013-12-31,10-K,365
1413329,2014,1,2014-03-31,10-Q,90
1413329,2014,2,2014-06-30,10-Q,181
1413329,2014,3,2014-09-30,10-Q,273
1413329,2014,4,2014-12-31,10-K,365
1413329,2015,1,2015-03-31,10-Q,90
1413329,2015,2,2015-06-30,10-Q,181
1413329,2015,3,2015-09-30,10-Q,273
1413329,2015,4,2015-12-31,10-K,365
1413329,2016,1,2016-03-31,10-Q,91
1413329,2016,2,2016-06-30,10-Q,182
1413329,2016,3,2016-09-30,10-Q,274
1413329,2016,4,2016-12-31,10-K,366
1413329,2017,1,2017-03-31,10-Q,90
1413329,2017,2,2017-06-30,10-Q,181
1413329,2017,3,2017-09-30,10-Q,273
1413329,2017,4,2017-12-31,10-K,365
1413329,2018,1,2018-03-31,10-Q,90
1413329,2018,2,2018-06-30,10-Q,181
1413329,2018,3,2018-09-30,10-Q,273
1413329,2018,4,2018-12-31,10-K,365
1413329,2019,1,2019-03-31,10-Q,90
1413329,2019,2,2019-06-30,10-Q,181
1413329,2019,3,2019-09-30,10-Q,273
1413329,2019,4,2019-12-31,10-K,365
1413329,2020,1,2020-03-31,10-Q,91
1413329,2020,2,2020-06-30,10-Q,182
1413329,2020,3,2020-09-30,10-Q,274
1413329,2020,4,2020-12-31,10-K,366
1413329,2021,1,2021-03-31,10-Q,90
1413329,2021,2,2021-06-30,10-Q,181
1413329,2021,3,2021-09-30,10-Q,273
1413329,2021,4,2021-12-31,10-K,365
1413329,2022,1,2022-03-31,10-Q,90
1413329,2022,2,2022-06-30,10-Q,181
1413329,2022,3,2022-09-30,10-Q,273
1413329,2022,4,2022-12-31,10-K,365
1413329,2023,1,2023-03-31,10-Q,90
1413329,2023,2,2023-06-30,10-Q,181
1413329,2023,3,2023-09-30,10-Q,273
1413329,2023,4,2023-12-31,10-K,365
1413329,2024,1,2024-03-31,10-Q,91
1413329,2024,2,2024-06-30,10-Q,182
1413329,2024,3,2024-09-30,10-Q,274
1413329,2024,4,2024-12-31,10-K,366
1437107,2012,1,2012-03-31,10-Q,105
1437107,2012,2,2012-06-30,10-Q,196
1437107,2012,3,2012-09-30,10-Q,288
1437107,2012,4,2012-12-31,10-K,380
1437107,2013,1,2013-03-31,10-Q,90
1437107,2013,2,2013-06-30,10-Q,181
1437107,2013,3,2013-09-30,10-Q,273
1437107,2013,4,2013-12-31,10-K,365
1437107,2014,1,2014-03-31,10-Q,90
1437107,2014,2,2014-06-30,10-Q,181
1437107,2014,3,2014-09-30,10-Q,273
1437107,2014,4,2014-12-31,10-K,365
1437107,2015,1,2015-03-31,10-Q,90
1437107,2015,2,2015-06-30,10-Q,181
1437107,2015,3,2015-09-30,10-Q,273
1437107,2015,4,2015-12-31,10-K,365
1437107,2016,1,2016-03-31,10-Q,91
1437107,2016,2,2016-06-30,10-Q,182
1437107,2016,3,2016-09-30,10-Q,274
1437107,2016,4,2016-12-31,10-K,366
1437107,2017,1,2017-03-31,10-Q,90
1437107,2017,2,2017-06-30,10-Q,181
1437107,2017,3,2017-09-30,10-Q,273
1437107,2017,4,2017-12-31,10-K,365
1437107,2018,1,2018-03-31,10-Q,90
1437107,2018,2,2018-06-30,10-Q,181
1437107,2018,3,2018-09-30,10-Q,273
1437107,2018,4,2018-12-31,10-K,365
1437107,2019,1,2019-03-31,10-Q,90
1437107,2019,2,2019-06-30,10-Q,181
1437107,2019,3,2019-09-30,10-Q,273
1437107,2019,4,2019-12-31,10-K,365
1437107,2020,1,2020-03-31,10-Q,91
1437107,2020,2,2020-06-30,10-Q,182
1437107,2020,3,2020-09-30,10-Q,274
1437107,2020,4,2020-12-31,10-K,366
1437107,2021,1,2021-03-31,10-Q,90
1437107,2021,2,2021-06-30,10-Q,181
1437107,2021,3,2021-09-30,10-Q,273
1437107,2021,4,2021-12-31,10-K,365
1437107,2022,1,2022-03-31,10-Q,90
1437107,2022,2,2022-06-30,10-Q,181
1437107,2022,3,2022-09-30,10-Q,273
1437107,2022,4,2022-12-31,10-K,365
1437107,2023,1,2023-03-31,10-Q,90
1437107,2023,2,2023-06-30,10-Q,181
1437107,2023,3,2023-09-30,10-Q,273
1437107,2023,4,2023-12-31,10-K,365
1437107,2024,1,2024-03-31,10-Q,91
1437107,2024,2,2024-06-30,10-Q,182
1437107,2024,3,2024-09-30,10-Q,274
1437107,2024,4,2024-12-31,10-K,366
1467858,2012,1,2012-03-31,10-Q,105
1467858,2012,2,2012-06-30,10-Q,196
1467858,2012,3,2012-09-30,10-Q,288
1467858,2012,4,2012-12-31,10-K,380
1467858,2013,1,2013-03-31,10-Q,90
1467858,2013,2,2013-06-30,10-Q,181
1467858,2013,3,2013-09-30,10-Q,273
1467858,2013,4,2013-12-31,10-K,365
1467858,2014,1,2014-03-31,10-Q,90
1467858,2014,2,2014-06-30,10-Q,181
1467858,2014,3,2014-09-30,10-Q,273
1467858,2014,4,2014-12-31,10-K,365
1467858,2015,1,2015-03-31,10-Q,90
1467858,2015,2,2015-06-30,10-Q,181
1467858,2015,3,2015-09-30,10-Q,273
1467858,2015,4,2015-12-31,10-K,365
1467858,2016,1,2016-03-31,10-Q,91
1467858,2016,2,2016-06-30,10-Q,182
1467858,2016,3,2016-09-30,10-Q,274
1467858,2016,4,2016-12-31,10-K,366
1467858,2017,1,2017-03-31,10-Q,90
1467858,2017,2,2017-06-30,10-Q,181
1467858,2017,3,2017-09-30,10-Q,273
1467858,2017,4,2017-12-31,10-K,365
1467858,2018,1,2018-03-31,10-Q,90
1467858,2018,2,2018-06-30,10-Q,181
1467858,2018,3,2018-09-30,10-Q,273
1467858,2018,4,2018-12-31,10-K,365
1467858,2019,1,2019-03-31,10-Q,90
1467858,2019,2,2019-06-30,10-Q,181
1467858,2019,3,2019-09-30,10-Q,273
1467858,2019,4,2019-12-31,10-K,365
1467858,2020,1,2020-03-31,10-Q,91
1467858,2020,2,2020-06-30,10-Q,182
1467858,2020,3,2020-09-30,10-Q,274
1467858,2020,4,2020-12-31,10-K,366
1467858,2021,1,2021-03-31,10-Q,90
1467858,2021,2,2021-06-30,10-Q,181
1467858,2021,3,2021-09-30,10-Q,273
1467858,2021,4,2021-12-31,10-K,365
1467858,2022,1,2022-03-31,10-Q,90
1467858,2022,2,2022-06-30,10-Q,181
1467858,2022,3,2022-09-30,10-Q,273
1467858,2022,4,2022-12-31,10-K,365
1467858,2023,1,2023-03-31,10-Q,90
1467858,2023,2,2023-06-30,10-Q,181
1467858,2023,3,2023-09-30,10-Q,273
1467858,2023,4,2023-12-31,10-K,365
1467858,2024,1,2024-03-31,10-Q,91
1467858,2024,2,2024-06-30,10-Q,182
1467858,2024,3,2024-09-30,10-Q,274
1467858,2024,4,2024-12-31,10-K,366
1489393,2012,1,2012-03-31,10-Q,105
1489393,2012,2,2012-06-30,10-Q,196
1489393,2012,3,2012-09-30,10-Q,288
1489393,2012,4,2012-12-31,10-K,380
1489393,2013,1,2013-03-31,10-Q,90
1489393,2013,2,2013-06-30,10-Q,181
1489393,2013,3,2013-09-30,10-Q,273
1489393,2013,4,2013-12-31,10-K,365
1489393,2014,1,2014-03-31,10-Q,90
1489393,2014,2,2014-06-30,10-Q,181
1489393,2014,3,2014-09-30,10-Q,273
1489393,2014,4,2014-12-31,10-K,365
1489393,2015,1,2015-03-31,10-Q,90
1489393,2015,2,2015-06-30,10-Q,181
1489393,2015,3,2015-09-30,10-Q,273
1489393,2015,4,2015-12-31,10-K,365
1489393,2016,1,2016-03-31,10-Q,91
1489393,2016,2,2016-06-30,10-Q,182
1489393,2016,3,2016-09-30,10-Q,274
1489393,2016,4,2016-12-31,10-K,366
1489393,2017,1,2017-03-31,10-Q,90
1489393,2017,2,2017-06-30,10-Q,181
1489393,2017,3,2017-09-30,10-Q,273
1489393,2017,4,2017-12-31,10-K,365
1489393,2018,1,2018-03-31,10-Q,90
1489393,2018,2,2018-06-30,10-Q,181
1489393,2018,3,2018-09-30,10-Q,273
1489393,2018,4,2018-12-31,10-K,365
1489393,2019,1,2019-03-31,10-Q,90
1489393,2019,2,2019-06-30,10-Q,181
1489393,2019,3,2019-09-30,10-Q,273
1489393,2019,4,2019-12-31,10-K,365
1489393,2020,1,2020-03-31,10-Q,91
1489393,2020,2,2020-06-30,10-Q,182
1489393,2020,3,2020-09-30,10-Q,274
1489393,2020,4,2020-12-31,10-K,366
1489393,2021,1,2021-03-31,10-Q,90
1489393,2021,2,2021-06-30,10-Q,181
1489393,2021,3,2021-09-30,10-Q,273
1489393,2021,4,2021-12-31,10-K,365
1489393,2022,1,2022-03-31,10-Q,90
1489393,2022,2,2022-06-30,10-Q,181
1489393,2022,3,2022-09-30,10-Q,273
1489393,2022,4,2022-12-31,10-K,365
1489393,2023,1,2023-03-31,10-Q,90
1489393,2023,2,2023-06-30,10-Q,181
1489393,2023,3,2023-09-30,10-Q,273
1489393,2023,4,2023-12-31,10-K,365
1489393,2024,1,2024-03-31,10-Q,91
1489393,2024,2,2024-06-30,10-Q,182
1489393,2024,3,2024-09-30,10-Q,274
1489393,2024,4,2024-12-31,10-K,366
1510295,2012,1,2012-03-31,10-Q,105
1510295,2012,2,2012-06-30,10-Q,196
1510295,2012,3,2012-09-30,10-Q,288
1510295,2012,4,2012-12-31,10-K,380
1510295,2013,1,2013-03-31,10-Q,90
1510295,2013,2,2013-06-30,10-Q,181
1510295,2013,3,2013-09-30,10-Q,273
1510295,2013,4,2013-12-31,10-K,365
1510295,2014,1,2014-03-31,10-Q,90
1510295,2014,2,2014-06-30,10-Q,181
1510295,2014,3,2014-09-30,10-Q,273
1510295,2014,4,2014-12-31,10-K,365
1510295,2015,1,2015-03-31,10-Q,90
1510295,2015,2,2015-06-30,10-Q,181
1510295,2015,3,2015-09-30,10-Q,273
1510295,2015,4,2015-12-31,10-K,365
1510295,2016,1,2016-03-31,10-Q,91
1510295,2016,2,2016-06-30,10-Q,182
1510295,2016,3,2016-09-30,10-Q,274
1510295,2016,4,2016-12-31,10-K,366
1510295,2017,1,2017-03-31,10-Q,90
1510295,2017,2,2017-06-30,10-Q,181
1510295,2017,3,2017-09-30,10-Q,273
1510295,2017,4,2017-12-31,10-K,365
1510295,2018,1,2018-03-31,10-Q,90
1510295,2018,2,2018-06-30,10-Q,181
1510295,2018,3,2018-09-30,10-Q,273
1510295,2018,4,2018-12-31,10-K,365
1510295,2019,1,2019-03-31,10-Q,90
1510295,2019,2,2019-06-30,10-Q,181
1510295,2019,3,2019-09-30,10-Q,273
1510295,2019,4,2019-12-31,10-K,365
1510295,2020,1,2020-03-31,10-Q,91
1510295,2020,2,2020-06-30,10-Q,182
1510295,2020,3,2020-09-30,10-Q,274
1510295,2020,4,2020-12-31,10-K,366
1510295,2021,1,2021-03-31,10-Q,90
1510295,2021,2,2021-06-30,10-Q,181
1510295,2021,3,2021-09-30,10-Q,273
1510295,2021,4,2021-12-31,10-K,365
1510295,2022,1,2022-03-31,10-Q,90
1510295,2022,2,2022-06-30,10-Q,181
1510295,2022,3,2022-09-30,10-Q,273
1510295,2022,4,2022-12-31,10-K,365
1510295,2023,1,2023-03-31,10-Q,90
1510295,2023,2,2023-06-30,10-Q,181
1510295,2023,3,2023-09-30,10-Q,273
1510295,2023,4,2023-12-31,10-K,365
1510295,2024,1,2024-03-31,10-Q,91
1510295,2024,2,2024-06-30,10-Q,182
1510295,2024,3,2024-09-30,10-Q,274
1510295,2024,4,2024-12-31,10-K,366
1527469,2016,4,2016-12-31,10-K,380
1527469,2017,1,2017-03-31,10-Q,90
1527469,2017,2,2017-06-30,10-Q,181
1527469,2017,3,2017-09-30,10-Q,273
1527469,2017,4,2017-12-31,10-K,365
1527469,2018,1,2018-03-31,10-Q,90
1527469,2018,2,2018-06-30,10-Q,181
1527469,2018,3,2018-09-30,10-Q,273
1527469,2018,4,2018-12-31,10-K,365
1527469,2019,1,2019-03-31,10-Q,90
1527469,2019,2,2019-06-30,10-Q,181
1527469,2019,3,2019-09-30,10-Q,273
1527469,2019,4,2019-12-31,10-K,365
1527469,2020,1,2020-03-31,10-Q,91
1527469,2020,2,2020-06-30,10-Q,182
1527469,2020,3,2020-09-30,10-Q,274
1527469,2020,4,2020-12-31,10-K,366
1527469,2021,1,2021-03-31,10-Q,90
1527469,2021,2,2021-06-30,10-Q,181
1527469,2021,3,2021-09-30,10-Q,273
1527469,2021,4,2021-12-31,10-K,365
1527469,2022,1,2022-03-31,10-Q,90
1527469,2022,2,2022-06-30,10-Q,181
1527469,2022,3,2022-09-30,10-Q,273
1527469,2022,4,2022-12-31,10-K,365
1527469,2023,1,2023-03-31,10-Q,90
1527469,2023,2,2023-06-30,10-Q,181
1527469,2023,3,2023-09-30,10-Q,273
1527469,2023,4,2023-12-31,10-K,365
1527469,2024,1,2024-03-31,10-Q,91
1527469,2024,2,2024-06-30,10-Q,182
1527469,2024,3,2024-09-30,10-Q,274
1527469,2024,4,2024-12-31,10-K,366
1534504,2012,4,2012-12-31,10-K,380
1534504,2013,1,2013-03-31,10-Q,90
1534504,2013,2,2013-06-30,10-Q,181
1534504,2013,3,2013-09-30,10-Q,273
1534504,2013,4,2013-12-31,10-K,365
1534504,2014,1,2014-03-31,10-Q,90
1534504,2014,2,2014-06-30,10-Q,181
1534504,2014,3,2014-09-30,10-Q,273
1534504,2014,4,2014-12-31,10-K,365
1534504,2015,1,2015-03-31,10-Q,90
1534504,2015,2,2015-06-30,10-Q,181
1534504,2015,3,2015-09-30,10-Q,273
1534504,2015,4,2015-12-31,10-K,365
1534504,2016,1,2016-03-31,10-Q,91
1534504,2016,2,2016-06-30,10-Q,182
1534504,2016,3,2016-09-30,10-Q,274
1534504,2016,4,2016-12-31,10-K,366
1534504,2017,1,2017-03-31,10-Q,90
1534504,2017,2,2017-06-30,10-Q,181
1534504,2017,3,2017-09-30,10-Q,273
1534504,2017,4,2017-12-31,10-K,365
1534504,2018,1,2018-03-31,10-Q,90
1534504,2018,2,2018-06-30,10-Q,181
1534504,2018,3,2018-09-30,10-Q,273
1534504,2018,4,2018-12-31,10-K,365
1534504,2019,1,2019-03-31,10-Q,90
1534504,2019,2,2019-06-30,10-Q,181
1534504,2019,3,2019-09-30,10-Q,273
1534504,2019,4,2019-12-31,10-K,365
1534504,2020,1,2020-03-31,10-Q,91
1534504,2020,2,2020-06-30,10-Q,182
1534504,2020,3,2020-09-30,10-Q,274
1534504,2020,4,2020-12-31,10-K,366
1534504,2021,1,2021-03-31,10-Q,90
1534504,2021,2,2021-06-30,10-Q,181
1534504,2021,3,2021-09-30,10-Q,273
1534504,2021,4,2021-12-31,10-K,365
1534504,2022,1,2022-03-31,10-Q,90
1534504,2022,2,2022-06-30,10-Q,181
1534504,2022,3,2022-09-30,10-Q,273
1534504,2022,4,2022-12-31,10-K,365
1534504,2023,1,2023-03-31,10-Q,90
1534504,2023,2,2023-06-30,10-Q,181
1534504,2023,3,2023-09-30,10-Q,273
1534504,2023,4,2023-12-31,10-K,365
1534504,2024,1,2024-03-31,10-Q,91
1534504,2024,2,2024-06-30,10-Q,182
1534504,2024,3,2024-09-30,10-Q,274
1534504,2024,4,2024-12-31,10-K,366
1534701,2012,1,2012-03-31,10-Q,105
1534701,2012,2,2012-06-30,10-Q,196
1534701,2012,3,2012-09-30,10-Q,288
1534701,2012,4,2012-12-31,10-K,380
1534701,2013,1,2013-03-31,10-Q,90
1534701,2013,2,2013-06-30,10-Q,181
1534701,2013,3,2013-09-30,10-Q,273
1534701,2013,4,2013-12-31,10-K,365
1534701,2014,1,2014-03-31,10-Q,90
1534701,2014,2,2014-06-30,10-Q,181
1534701,2014,3,2014-09-30,10-Q,273
1534701,2014,4,2014-12-31,10-K,365
1534701,2015,1,2015-03-31,10-Q,90
1534701,2015,2,2015-06-30,10-Q,181
1534701,2015,3,2015-09-30,10-Q,273
1534701,2015,4,2015-12-31,10-K,365
1534701,2016,1,2016-03-31,10-Q,91
1534701,2016,2,2016-06-30,10-Q,182
1534701,2016,3,2016-09-30,10-Q,274
1534701,2016,4,2016-12-31,10-K,366
1534701,2017,1,2017-03-31,10-Q,90
1534701,2017,2,2017-06-30,10-Q,181
1534701,2017,3,2017-09-30,10-Q,273
1534701,2017,4,2017-12-31,10-K,365
1534701,2018,1,2018-03-31,10-Q,90
1534701,2018,2,2018-06-30,10-Q,181
1534701,2018,3,2018-09-30,10-Q,273
1534701,2018,4,2018-12-31,10-K,365
1534701,2019,1,2019-03-31,10-Q,90
1534701,2019,2,2019-06-30,10-Q,181
1534701,2019,3,2019-09-30,10-Q,273
1534701,2019,4,2019-12-31,10-K,365
1534701,2020,1,2020-03-31,10-Q,91
1534701,2020,2,2020-06-30,10-Q,182
1534701,2020,3,2020-09-30,10-Q,274
1534701,2020,4,2020-12-31,10-K,366
1534701,2021,1,2021-03-31,10-Q,90
1534701,2021,2,2021-06-30,10-Q,181
1534701,2021,3,2021-09-30,10-Q,273
1534701,2021,4,2021-12-31,10-K,365
1534701,2022,1,2022-03-31,10-Q,90
1534701,2022,2,2022-06-30,10-Q,181
1534701,2022,3,2022-09-30,10-Q,273
1534701,2022,4,2022-12-31,10-K,365
1534701,2023,1,2023-03-31,10-Q,90
1534701,2023,2,2023-06-30,10-Q,181
1534701,2023,3,2023-09-30,10-Q,273
1534701,2023,4,2023-12-31,10-K,365
1534701,2024,1,2024-03-31,10-Q,91
1534701,2024,2,2024-06-30,10-Q,182
1534701,2024,3,2024-09-30,10-Q,274
1534701,2024,4,2024-12-31,10-K,366
1543151,2019,2,2019-06-30,10-Q,196
1543151,2019,3,2019-09-30,10-Q,288
1543151,2019,4,2019-12-31,10-K,380
1543151,2020,1,2020-03-31,10-Q,91
1543151,2020,2,2020-06-30,10-Q,182
1543151,2020,3,2020-09-30,10-Q,274
1543151,2020,4,2020-12-31,10-K,366
1543151,2021,1,2021-03-31,10-Q,90
1543151,2021,2,2021-06-30,10-Q,181
1543151,2021,3,2021-09-30,10-Q,273
1543151,2021,4,2021-12-31,10-K,365
1543151,2022,1,2022-03-31,10-Q,90
1543151,2022,2,2022-06-30,10-Q,181
1543151,2022,3,2022-09-30,10-Q,273
1543151,2022,4,2022-12-31,10-K,365
1543151,2023,1,2023-03-31,10-Q,90
1543151,2023,2,2023-06-30,10-Q,181
1543151,2023,3,2023-09-30,10-Q,273
1543151,2023,4,2023-12-31,10-K,365
1543151,2024,1,2024-03-31,10-Q,91
1543151,2024,2,2024-06-30,10-Q,182
1543151,2024,3,2024-09-30,10-Q,274
1543151,2024,4,2024-12-31,10-K,366
1551152,2012,4,2012-12-31,10-K,380
1551152,2013,1,2013-03-31,10-Q,90
1551152,2013,2,2013-06-30,10-Q,181
1551152,2013,3,2013-09-30,10-Q,273
1551152,2013,4,2013-12-31,10-K,365
1551152,2014,1,2014-03-31,10-Q,90
1551152,2014,2,2014-06-30,10-Q,181
1551152,2014,3,2014-09-30,10-Q,273
1551152,2014,4,2014-12-31,10-K,365
1551152,2015,1,2015-03-31,10-Q,90
1551152,2015,2,2015-06-30,10-Q,181
1551152,2015,3,2015-09-30,10-Q,273
1551152,2015,4,2015-12-31,10-K,365
1551152,2016,1,2016-03-31,10-Q,91
1551152,2016,2,2016-06-30,10-Q,182
1551152,2016,3,2016-09-30,10-Q,274
1551152,2016,4,2016-12-31,10-K,366
1551152,2017,1,2017-03-31,10-Q,90
1551152,2017,2,2017-06-30,10-Q,181
1551152,2017,3,2017-09-30,10-Q,273
1551152,2017,4,2017-12-31,10-K,365
1551152,2018,1,2018-03-31,10-Q,90
1551152,2018,2,2018-06-30,10-Q,181
1551152,2018,3,2018-09-30,10-Q,273
1551152,2018,4,2018-12-31,10-K,365
1551152,2019,1,2019-03-31,10-Q,90
1551152,2019,2,2019-06-30,10-Q,181
1551152,2019,3,2019-09-30,10-Q,273
1551152,2019,4,2019-12-31,10-K,365
1551152,2020,1,2020-03-31,10-Q,91
1551152,2020,2,2020-06-30,10-Q,182
1551152,2020,3,2020-09-30,10-Q,274
1551152,2020,4,2020-12-31,10-K,366
1551152,2021,1,2021-03-31,10-Q,90
1551152,2021,2,2021-06-30,10-Q,181
1551152,2021,3,2021-09-30,10-Q,273
1551152,2021,4,2021-12-31,10-K,365
1551152,2022,1,2022-03-31,10-Q,90
1551152,2022,2,2022-06-30,10-Q,181
1551152,2022,3,2022-09-30,10-Q,273
1551152,2022,4,2022-12-31,10-K,365
1551152,2023,1,2023-03-31,10-Q,90
1551152,2023,2,2023-06-30,10-Q,181
1551152,2023,3,2023-09-30,10-Q,273
1551152,2023,4,2023-12-31,10-K,365
1551152,2024,1,2024-03-31,10-Q,91
1551152,2024,2,2024-06-30,10-Q,182
1551152,2024,3,2024-09-30,10-Q,274
1551152,2024,4,2024-12-31,10-K,366
1566011,2012,4,2012-12-31,10-K,380
1566011,2013,1,2013-03-31,10-Q,90
1566011,2013,2,2013-06-30,10-Q,181
1566011,2013,3,2013-09-30,10-Q,273
1566011,2013,4,2013-12-31,10-K,365
1566011,2014,1,2014-03-31,10-Q,90
1566011,2014,2,2014-06-30,10-Q,181
1566011,2014,3,2014-09-30,10-Q,273
1566011,2014,4,2014-12-31,10-K,365
1566011,2015,1,2015-03-31,10-Q,90
1566011,2015,2,2015-06-30,10-Q,181
1566011,2015,3,2015-09-30,10-Q,273
1566011,2015,4,2015-12-31,10-K,365
1566011,2016,1,2016-03-31,10-Q,91
1566011,2016,2,2016-06-30,10-Q,182
1566011,2016,3,2016-09-30,10-Q,274
1566011,2016,4,2016-12-31,10-K,366
1566011,2017,1,2017-03-31,10-Q,90
1566011,2017,2,2017-06-30,10-Q,181
1566011,2017,3,2017-09-30,10-Q,273
1566011,2017,4,2017-12-31,10-K,365
1566011,2018,1,2018-03-31,10-Q,90
1566011,2018,2,2018-06-30,10-Q,181
1566011,2018,3,2018-09-30,10-Q,273
1566011,2018,4,2018-12-31,10-K,365
1566011,2019,1,2019-03-31,10-Q,90
1566011,2019,2,2019-06-30,10-Q,181
1566011,2019,3,2019-09-30,10-Q,273
1566011,2019,4,2019-12-31,10-K,365
1566011,2020,1,2020-03-31,10-Q,91
1566011,2020,2,2020-06-30,10-Q,182
1566011,2020,3,2020-09-30,10-Q,274
1566011,2020,4,2020-12-31,10-K,366
1566011,2021,1,2021-03-31,10-Q,90
1566011,2021,2,2021-06-30,10-Q,181
1566011,2021,3,2021-09-30,10-Q,273
1566011,2021,4,2021-12-31,10-K,365
1566011,2022,1,2022-03-31,10-Q,90
1566011,2022,2,2022-06-30,10-Q,181
1566011,2022,3,2022-09-30,10-Q,273
1566011,2022,4,2022-12-31,10-K,365
1566011,2023,1,2023-03-31,10-Q,90
1566011,2023,2,2023-06-30,10-Q,181
1566011,2023,3,2023-09-30,10-Q,273
1566011,2023,4,2023-12-31,10-K,365
1566011,2024,1,2024-03-31,10-Q,91
1566011,2024,2,2024-06-30,10-Q,182
1566011,2024,3,2024-09-30,10-Q,274
1566011,2024,4,2024-12-31,10-K,366
1571996,2017,1,2016-04-29,10-Q,100
1571996,2017,2,2016-07-29,10-Q,191
1571996,2017,3,2016-10-28,10-Q,282
1571996,2017,4,2017-02-03,10-K,380
1571996,2018,1,2017-05-05,10-Q,91
1571996,2018,2,2017-08-04,10-Q,182
1571996,2018,3,2017-11-03,10-Q,273
1571996,2018,4,2018-02-02,10-K,364
1571996,2019,1,2018-05-04,10-Q,91
1571996,2019,2,2018-08-03,10-Q,182
1571996,2019,3,2018-11-02,10-Q,273
1571996,2019,4,2019-02-01,10-K,364
1571996,2020,1,2019-05-03,10-Q,91
1571996,2020,2,2019-08-02,10-Q,182
1571996,2020,3,2019-11-01,10-Q,273
1571996,2020,4,2020-01-31,10-K,364
1571996,2021,1,2020-05-01,10-Q,91
1571996,2021,2,2020-07-31,10-Q,182
1571996,2021,3,2020-10-30,10-Q,273
1571996,2021,4,2021-01-29,10-K,364
1571996,2022,1,2021-04-30,10-Q,91
1571996,2022,2,2021-07-30,10-Q,182
1571996,2022,3,2021-10-29,10-Q,273
1571996,2022,4,2022-01-28,10-K,364
1571996,2023,1,2022-04-29,10-Q,91
1571996,2023,2,2022-07-29,10-Q,182
1571996,2023,3,2022-10-28,10-Q,273
1571996,2023,4,2023-02-03,10-K,371
1571996,2024,1,2023-05-05,10-Q,91
1571996,2024,2,2023-08-04,10-Q,182
1571996,2024,3,2023-11-03,10-Q,273
1571996,2024,4,2024-02-02,10-K,364
1581990,2013,3,2013-09-30,10-Q,288
1581990,2013,4,2013-12-31,10-K,380
1581990,2014,1,2014-03-31,10-Q,90
1581990,2014,2,2014-06-30,10-Q,181
1581990,2014,3,2014-09-30,10-Q,273
1581990,2014,4,2014-12-31,10-K,365
1581990,2015,1,2015-03-31,10-Q,90
1581990,2015,2,2015-06-30,10-Q,181
1581990,2015,3,2015-09-30,10-Q,273
1581990,2015,4,2015-12-31,10-K,365
1581990,2016,1,2016-03-31,10-Q,91
1581990,2016,2,2016-06-30,10-Q,182
1581990,2016,3,2016-09-30,10-Q,274
1581990,2016,4,2016-12-31,10-K,366
1581990,2017,1,2017-03-31,10-Q,90
1581990,2017,2,2017-06-30,10-Q,181
1581990,2017,3,2017-09-30,10-Q,273
1581990,2017,4,2017-12-31,10-K,365
1581990,2018,1,2018-03-31,10-Q,90
1581990,2018,2,2018-06-30,10-Q,181
1581990,2018,3,2018-09-30,10-Q,273
1581990,2018,4,2018-12-31,10-K,365
1581990,2019,1,2019-03-31,10-Q,90
1581990,2019,2,2019-06-30,10-Q,181
1581990,2019,3,2019-09-30,10-Q,273
1581990,2019,4,2019-12-31,10-K,365
1581990,2020,1,2020-03-31,10-Q,91
1581990,2020,2,2020-06-30,10-Q,182
1581990,2020,3,2020-09-30,10-Q,274
1581990,2020,4,2020-12-31,10-K,366
1581990,2021,1,2021-03-31,10-Q,90
1581990,2021,2,2021-06-30,10-Q,181
1581990,2021,3,2021-09-30,10-Q,273
1581990,2021,4,2021-12-31,10-K,365
1581990,2022,1,2022-03-31,10-Q,90
1581990,2022,2,2022-06-30,10-Q,181
1581990,2022,3,2022-09-30,10-Q,273
1581990,2022,4,2022-12-31,10-K,365
1581990,2023,1,2023-03-31,10-Q,90
1581990,2023,2,2023-06-30,10-Q,181
1581990,2023,3,2023-09-30,10-Q,273
1581990,2023,4,2023-12-31,10-K,365
1581990,2024,1,2024-03-31,10-Q,91
1581990,2024,2,2024-06-30,10-Q,182
1581990,2024,3,2024-09-30,10-Q,274
1581990,2024,4,2024-12-31,10-K,366
1618921,2015,1,2014-11-30,10-Q,106
1618921,2015,2,2015-02-28,10-Q,196
1618921,2015,3,2015-05-31,10-Q,288
1618921,2015,4,2015-08-31,10-K,380
1618921,2016,1,2015-11-30,10-Q,91
1618921,2016,2,2016-02-29,10-Q,182
1618921,2016,3,2016-05-31,10-Q,274
1618921,2016,4,2016-08-31,10-K,366
1618921,2017,1,2016-11-30,10-Q,91
1618921,2017,2,2017-02-28,10-Q,181
1618921,2017,3,2017-05-31,10-Q,273
1618921,2017,4,2017-08-31,10-K,365
1618921,2018,1,2017-11-30,10-Q,91
1618921,2018,2,2018-02-28,10-Q,181
1618921,2018,3,2018-05-31,10-Q,273
1618921,2018,4,2018-08-31,10-K,365
1618921,2019,1,2018-11-30,10-Q,91
1618921,2019,2,2019-02-28,10-Q,181
1618921,2019,3,2019-05-31,10-Q,273
1618921,2019,4,2019-08-31,10-K,365
1618921,2020,1,2019-11-30,10-Q,91
1618921,2020,2,2020-02-29,10-Q,182
1618921,2020,3,2020-05-31,10-Q,274
1618921,2020,4,2020-08-31,10-K,366
1618921,2021,1,2020-11-30,10-Q,91
1618921,2021,2,2021-02-28,10-Q,181
1618921,2021,3,2021-05-31,10-Q,273
1618921,2021,4,2021-08-31,10-K,365
1618921,2022,1,2021-11-30,10-Q,91
1618921,2022,2,2022-02-28,10-Q,181
1618921,2022,3,2022-05-31,10-Q,273
1618921,2022,4,2022-08-31,10-K,365
1618921,2023,1,2022-11-30,10-Q,91
1618921,2023,2,2023-02-28,10-Q,181
1618921,2023,3,2023-05-31,10-Q,273
1618921,2023,4,2023-08-31,10-K,365
1618921,2024,1,2023-11-30,10-Q,91
1618921,2024,2,2024-02-29,10-Q,182
1618921,2024,3,2024-05-31,10-Q,274
1618921,2024,4,2024-08-31,10-K,366
1633917,2015,2,2015-06-30,10-Q,196
1633917,2015,3,2015-09-30,10-Q,288
1633917,2015,4,2015-12-31,10-K,380
1633917,2016,1,2016-03-31,10-Q,91
1633917,2016,2,2016-06-30,10-Q,182
1633917,2016,3,2016-09-30,10-Q,274
1633917,2016,4,2016-12-31,10-K,366
1633917,2017,1,2017-03-31,10-Q,90
1633917,2017,2,2017-06-30,10-Q,181
1633917,2017,3,2017-09-30,10-Q,273
1633917,2017,4,2017-12-31,10-K,365
1633917,2018,1,2018-03-31,10-Q,90
1633917,2018,2,2018-06-30,10-Q,181
1633917,2018,3,2018-09-30,10-Q,273
1633917,2018,4,2018-12-31,10-K,365
1633917,2019,1,2019-03-31,10-Q,90
1633917,2019,2,2019-06-30,10-Q,181
1633917,2019,3,2019-09-30,10-Q,273
1633917,2019,4,2019-12-31,10-K,365
1633917,2020,1,2020-03-31,10-Q,91
1633917,2020,2,2020-06-30,10-Q,182
1633917,2020,3,2020-09-30,10-Q,274
1633917,2020,4,2020-12-31,10-K,366
1633917,2021,1,2021-03-31,10-Q,90
1633917,2021,2,2021-06-30,10-Q,181
1633917,2021,3,2021-09-30,10-Q,273
1633917,2021,4,2021-12-31,10-K,365
1633917,2022,1,2022-03-31,10-Q,90
1633917,2022,2,2022-06-30,10-Q,181
1633917,2022,3,2022-09-30,10-Q,273
1633917,2022,4,2022-12-31,10-K,365
1633917,2023,1,2023-03-31,10-Q,90
1633917,2023,2,2023-06-30,10-Q,181
1633917,2023,3,2023-09-30,10-Q,273
1633917,2023,4,2023-12-31,10-K,365
1633917,2024,1,2024-03-31,10-Q,91
1633917,2024,2,2024-06-30,10-Q,182
1633917,2024,3,2024-09-30,10-Q,274
1633917,2024,4,2024-12-31,10-K,366
1645590,2015,4,2015-10-31,10-K,380
1645590,2016,1,2016-01-31,10-Q,92
1645590,2016,2,2016-04-30,10-Q,182
1645590,2016,3,2016-07-31,10-Q,274
1645590,2016,4,2016-10-31,10-K,366
1645590,2017,1,2017-01-31,10-Q,92
1645590,2017,2,2017-04-30,10-Q,181
1645590,2017,3,2017-07-31,10-Q,273
1645590,2017,4,2017-10-31,10-K,365
1645590,2018,1,2018-01-31,10-Q,92
1645590,2018,2,2018-04-30,10-Q,181
1645590,2018,3,2018-07-31,10-Q,273
1645590,2018,4,2018-10-31,10-K,365
1645590,2019,1,2019-01-31,10-Q,92
1645590,2019,2,2019-04-30,10-Q,181
1645590,2019,3,2019-07-31,10-Q,273
1645590,2019,4,2019-10-31,10-K,365
1645590,2020,1,2020-01-31,10-Q,92
1645590,2020,2,2020-04-30,10-Q,182
1645590,2020,3,2020-07-31,10-Q,274
1645590,2020,4,2020-10-31,10-K,366
1645590,2021,1,2021-01-31,10-Q,92
1645590,2021,2,2021-04-30,10-Q,181
1645590,2021,3,2021-07-31,10-Q,273
1645590,2021,4,2021-10-31,10-K,365
1645590,2022,1,2022-01-31,10-Q,92
1645590,2022,2,2022-04-30,10-Q,181
1645590,2022,3,2022-07-31,10-Q,273
1645590,2022,4,2022-10-31,10-K,365
1645590,2023,1,2023-01-31,10-Q,92
1645590,2023,2,2023-04-30,10-Q,181
1645590,2023,3,2023-07-31,10-Q,273
1645590,2023,4,2023-10-31,10-K,365
1645590,2024,1,2024-01-31,10-Q,92
1645590,2024,2,2024-04-30,10-Q,182
1645590,2024,3,2024-07-31,10-Q,274
1645590,2024,4,2024-10-31,10-K,366
1646972,2018,4,2018-02-24,10-K,380
1646972,2019,1,2018-06-16,10-Q,112
1646972,2019,2,2018-09-08,10-Q,196
1646972,2019,3,2018-12-01,10-Q,280
1646972,2019,4,2019-02-23,10-K,364
1646972,2020,1,2019-06-15,10-Q,112
1646972,2020,2,2019-09-07,10-Q,196
1646972,2020,3,2019-11-30,10-Q,280
1646972,2020,4,2020-02-29,10-K,371
1646972,2021,1,2020-06-20,10-Q,112
1646972,2021,2,2020-09-12,10-Q,196
1646972,2021,3,2020-12-05,10-Q,280
1646972,2021,4,2021-02-27,10-K,364
1646972,2022,1,2021-06-19,10-Q,112
1646972,2022,2,2021-09-11,10-Q,196
1646972,2022,3,2021-12-04,10-Q,280
1646972,2022,4,2022-02-26,10-K,364
1646972,2023,1,2022-06-18,10-Q,112
1646972,2023,2,2022-09-10,10-Q,196
1646972,2023,3,2022-12-03,10-Q,280
1646972,2023,4,2023-02-25,10-K,364
1646972,2024,1,2023-06-17,10-Q,112
1646972,2024,2,2023-09-09,10-Q,196
1646972,2024,3,2023-12-02,10-Q,280
1646972,2024,4,2024-02-24,10-K,364
1652044,2015,3,2015-09-30,10-Q,288
1652044,2015,4,2015-12-31,10-K,380
1652044,2016,1,2016-03-31,10-Q,91
1652044,2016,2,2016-06-30,10-Q,182
1652044,2016,3,2016-09-30,10-Q,274
1652044,2016,4,2016-12-31,10-K,366
1652044,2017,1,2017-03-31,10-Q,90
1652044,2017,2,2017-06-30,10-Q,181
1652044,2017,3,2017-09-30,10-Q,273
1652044,2017,4,2017-12-31,10-K,365
1652044,2018,1,2018-03-31,10-Q,90
1652044,2018,2,2018-06-30,10-Q,181
1652044,2018,3,2018-09-30,10-Q,273
1652044,2018,4,2018-12-31,10-K,365
1652044,2019,1,2019-03-31,10-Q,90
1652044,2019,2,2019-06-30,10-Q,181
1652044,2019,3,2019-09-30,10-Q,273
1652044,2019,4,2019-12-31,10-K,365
1652044,2020,1,2020-03-31,10-Q,91
1652044,2020,2,2020-06-30,10-Q,182
1652044,2020,3,2020-09-30,10-Q,274
1652044,2020,4,2020-12-31,10-K,366
1652044,2021,1,2021-03-31,10-Q,90
1652044,2021,2,2021-06-30,10-Q,181
1652044,2021,3,2021-09-30,10-Q,273
1652044,2021,4,2021-12-31,10-K,365
1652044,2022,1,2022-03-31,10-Q,90
1652044,2022,2,2022-06-30,10-Q,181
1652044,2022,3,2022-09-30,10-Q,273
1652044,2022,4,2022-12-31,10-K,365
1652044,2023,1,2023-03-31,10-Q,90
1652044,2023,2,2023-06-30,10-Q,181
1652044,2023,3,2023-09-30,10-Q,273
1652044,2023,4,2023-12-31,10-K,365
1652044,2024,1,2024-03-31,10-Q,91
1652044,2024,2,2024-06-30,10-Q,182
1652044,2024,3,2024-09-30,10-Q,274
1652044,2024,4,2024-12-31,10-K,366
1665918,2016,2,2016-07-02,10-Q,198
1665918,2016,3,2016-10-01,10-Q,289
1665918,2016,4,2016-12-31,10-K,380
1665918,2017,1,2017-04-01,10-Q,91
1665918,2017,2,2017-07-01,10-Q,182
1665918,2017,3,2017-09-30,10-Q,273
1665918,2017,4,2017-12-30,10-K,364
1665918,2018,1,2018-03-31,10-Q,91
1665918,2018,2,2018-06-30,10-Q,182
1665918,2018,3,2018-09-29,10-Q,273
1665918,2018,4,2018-12-29,10-K,364
1665918,2019,1,2019-03-30,10-Q,91
1665918,2019,2,2019-06-29,10-Q,182
1665918,2019,3,2019-09-28,10-Q,273
1665918,2019,4,2019-12-28,10-K,364
1665918,2021,1,2020-03-28,10-Q,91
1665918,2021,2,2020-06-27,10-Q,182
1665918,2021,3,2020-09-26,10-Q,273
1665918,2021,4,2021-01-02,10-K,371
1665918,2022,1,2021-04-03,10-Q,91
1665918,2022,2,2021-07-03,10-Q,182
1665918,2022,3,2021-10-02,10-Q,273
1665918,2022,4,2022-01-01,10-K,364
1665918,2022,1,2022-04-02,10-Q,91
1665918,2022,2,2022-07-02,10-Q,182
1665918,2022,3,2022-10-01,10-Q,273
1665918,2022,4,2022-12-31,10-K,364
1665918,2023,1,2023-04-01,10-Q,91
1665918,2023,2,2023-07-01,10-Q,182
1665918,2023,3,2023-09-30,10-Q,273
1665918,2023,4,2023-12-30,10-K,364
1665918,2024,1,2024-03-30,10-Q,91
1665918,2024,2,2024-06-29,10-Q,182
1665918,2024,3,2024-09-28,10-Q,273
1665918,2024,4,2024-12-28,10-K,364
1701605,2017,2,2017-06-30,10-Q,196
1701605,2017,3,2017-09-30,10-Q,288
1701605,2017,4,2017-12-31,10-K,380
1701605,2018,2,2018-06-30,10-Q,181
1701605,2018,3,2018-09-30,10-Q,273
1701605,2018,4,2018-12-31,10-K,365
1701605,2019,1,2019-03-31,10-Q,90
1701605,2019,2,2019-06-30,10-Q,181
1701605,2019,3,2019-09-30,10-Q,273
1701605,2019,4,2019-12-31,10-K,365
1701605,2020,1,2020-03-31,10-Q,91
1701605,2020,2,2020-06-30,10-Q,182
1701605,2020,3,2020-09-30,10-Q,274
1701605,2020,4,2020-12-31,10-K,366
1701605,2021,1,2021-03-31,10-Q,90
1701605,2021,2,2021-06-30,10-Q,181
1701605,2021,3,2021-09-30,10-Q,273
1701605,2021,4,2021-12-31,10-K,365
1701605,2022,1,2022-03-31,10-Q,90
1701605,2022,2,2022-06-30,10-Q,181
1701605,2022,3,2022-09-30,10-Q,273
1701605,2022,4,2022-12-31,10-K,365
1701605,2023,1,2023-03-31,10-Q,90
1701605,2023,2,2023-06-30,10-Q,181
1701605,2023,3,2023-09-30,10-Q,273
1701605,2023,4,2023-12-31,10-K,365
1701605,2024,1,2024-03-31,10-Q,91
1701605,2024,2,2024-06-30,10-Q,182
1701605,2024,3,2024-09-30,10-Q,274
1701605,2024,4,2024-12-31,10-K,366
1707925,2017,3,2017-09-30,10-Q,288
1707925,2017,4,2017-12-31,10-K,380
1707925,2018,3,2018-09-30,10-Q,273
1707925,2018,4,2018-12-31,10-K,365
1707925,2019,1,2019-03-31,10-Q,90
1707925,2019,2,2019-06-30,10-Q,181
1707925,2019,3,2019-09-30,10-Q,273
1707925,2019,4,2019-12-31,10-K,365
1707925,2020,1,2020-03-31,10-Q,91
1707925,2020,2,2020-06-30,10-Q,182
1707925,2020,3,2020-09-30,10-Q,274
1707925,2020,4,2020-12-31,10-K,366
1707925,2021,1,2021-03-31,10-Q,90
1707925,2021,2,2021-06-30,10-Q,181
1707925,2021,3,2021-09-30,10-Q,273
1707925,2021,4,2021-12-31,10-K,365
1707925,2022,1,2022-03-31,10-Q,90
1707925,2022,2,2022-06-30,10-Q,181
1707925,2022,3,2022-09-30,10-Q,273
1707925,2022,4,2022-12-31,10-K,365
1707925,2023,1,2023-03-31,10-Q,90
1707925,2023,2,2023-06-30,10-Q,181
1707925,2023,3,2023-09-30,10-Q,273
1707925,2023,4,2023-12-31,10-K,365
1707925,2024,1,2024-03-31,10-Q,91
1707925,2024,2,2024-06-30,10-Q,182
1707925,2024,3,2024-09-30,10-Q,274
1707925,2024,4,2024-12-31,10-K,366
1730168,2018,2,2018-05-06,10-Q,198
1730168,2018,3,2018-08-05,10-Q,289
1730168,2018,4,2018-11-04,10-K,380
1730168,2019,1,2019-02-03,10-Q,91
1730168,2019,2,2019-05-05,10-Q,182
1730168,2019,3,2019-08-04,10-Q,273
1730168,2019,4,2019-11-03,10-K,364
1730168,2020,1,2020-02-02,10-Q,91
1730168,2020,2,2020-05-03,10-Q,182
1730168,2020,3,2020-08-02,10-Q,273
1730168,2020,4,2020-11-01,10-K,364
1730168,2021,1,2021-01-31,10-Q,91
1730168,2021,2,2021-05-02,10-Q,182
1730168,2021,3,2021-08-01,10-Q,273
1730168,2021,4,2021-10-31,10-K,364
1730168,2022,1,2022-01-30,10-Q,91
1730168,2022,2,2022-05-01,10-Q,182
1730168,2022,3,2022-07-31,10-Q,273
1730168,2022,4,2022-10-30,10-K,364
1730168,2023,1,2023-01-29,10-Q,91
1730168,2023,2,2023-04-30,10-Q,182
1730168,2023,3,2023-07-30,10-Q,273
1730168,2023,4,2023-10-29,10-K,364
1730168,2024,1,2024-02-04,10-Q,98
1730168,2024,2,2024-05-05,10-Q,189
1730168,2024,3,2024-08-04,10-Q,280
1730168,2024,4,2024-11-03,10-K,371
1739940,2018,4,2018-12-31,10-K,380
1739940,2019,1,2019-03-31,10-Q,90
1739940,2019,2,2019-06-30,10-Q,181
1739940,2019,3,2019-09-30,10-Q,273
1739940,2019,4,2019-12-31,10-K,365
1739940,2020,1,2020-03-31,10-Q,91
1739940,2020,2,2020-06-30,10-Q,182
1739940,2020,3,2020-09-30,10-Q,274
1739940,2020,4,2020-12-31,10-K,366
1739940,2021,1,2021-03-31,10-Q,90
1739940,2021,2,2021-06-30,10-Q,181
1739940,2021,3,2021-09-30,10-Q,273
1739940,2021,4,2021-12-31,10-K,365
1739940,2022,1,2022-03-31,10-Q,90
1739940,2022,2,2022-06-30,10-Q,181
1739940,2022,3,2022-09-30,10-Q,273
1739940,2022,4,2022-12-31,10-K,365
1739940,2023,1,2023-03-31,10-Q,90
1739940,2023,2,2023-06-30,10-Q,181
1739940,2023,3,2023-09-30,10-Q,273
1739940,2023,4,2023-12-31,10-K,365
1739940,2024,1,2024-03-31,10-Q,91
1739940,2024,2,2024-06-30,10-Q,182
1739940,2024,3,2024-09-30,10-Q,274
1739940,2024,4,2024-12-31,10-K,366
1744489,2019,2,2019-03-30,10-Q,198
1744489,2019,3,2019-06-29,10-Q,289
1744489,2019,4,2019-09-28,10-K,380
1744489,2020,1,2019-12-28,10-Q,91
1744489,2020,2,2020-03-28,10-Q,182
1744489,2020,3,2020-06-27,10-Q,273
1744489,2020,4,2020-10-03,10-K,371
1744489,2021,1,2021-01-02,10-Q,91
1744489,2021,2,2021-04-03,10-Q,182
1744489,2021,3,2021-07-03,10-Q,273
1744489,2021,4,2021-10-02,10-K,364
1744489,2022,1,2022-01-01,10-Q,91
1744489,2022,2,2022-04-02,10-Q,182
1744489,2022,3,2022-07-02,10-Q,273
1744489,2022,4,2022-10-01,10-K,364
1744489,2023,1,2022-12-31,10-Q,91
1744489,2023,2,2023-04-01,10-Q,182
1744489,2023,3,2023-07-01,10-Q,273
1744489,2023,4,2023-09-30,10-K,364
1744489,2024,1,2023-12-30,10-Q,91
1744489,2024,2,2024-03-30,10-Q,182
1744489,2024,3,2024-06-29,10-Q,273
1744489,2024,4,2024-09-28,10-K,364
1751788,2019,1,2019-03-31,10-Q,105
1751788,2019,2,2019-06-30,10-Q,196
1751788,2019,3,2019-09-30,10-Q,288
1751788,2019,4,2019-12-31,10-K,380
1751788,2020,1,2020-03-31,10-Q,91
1751788,2020,2,2020-06-30,10-Q,182
1751788,2020,3,2020-09-30,10-Q,274
1751788,2020,4,2020-12-31,10-K,366
1751788,2021,1,2021-03-31,10-Q,90
1751788,2021,2,2021-06-30,10-Q,181
1751788,2021,3,2021-09-30,10-Q,273
1751788,2021,4,2021-12-31,10-K,365
1751788,2022,1,2022-03-31,10-Q,90
1751788,2022,2,2022-06-30,10-Q,181
1751788,2022,3,2022-09-30,10-Q,273
1751788,2022,4,2022-12-31,10-K,365
1751788,2023,1,2023-03-31,10-Q,90
1751788,2023,2,2023-06-30,10-Q,181
1751788,2023,3,2023-09-30,10-Q,273
1751788,2023,4,2023-12-31,10-K,365
1751788,2024,1,2024-03-31,10-Q,91
1751788,2024,2,2024-06-30,10-Q,182
1751788,2024,3,2024-09-30,10-Q,274
1751788,2024,4,2024-12-31,10-K,366
1858681,2022,1,2022-03-31,10-Q,105
1858681,2022,2,2022-06-30,10-Q,196
1858681,2022,3,2022-09-30,10-Q,288
1858681,2022,4,2022-12-31,10-K,380
1858681,2023,1,2023-03-31,10-Q,90
1858681,2023,2,2023-06-30,10-Q,181
1858681,2023,3,2023-09-30,10-Q,273
1858681,2023,4,2023-12-31,10-K,365
1858681,2024,1,2024-03-31,10-Q,91
1858681,2024,2,2024-06-30,10-Q,182
1858681,2024,3,2024-09-30,10-Q,274
1858681,2024,4,2024-12-31,10-K,366
1897762,2024,3,2024-09-28,10-Q,289
1897762,2024,4,2024-12-28,10-K,380
1915657,2022,1,2022-03-31,10-Q,105
1915657,2022,2,2022-06-30,10-Q,196
1915657,2022,3,2022-09-30,10-Q,288
1915657,2022,4,2022-12-31,10-K,380
1915657,2023,1,2023-03-31,10-Q,90
1915657,2023,2,2023-06-30,10-Q,181
1915657,2023,3,2023-09-30,10-Q,273
1915657,2023,4,2023-12-31,10-K,365
1915657,2024,1,2024-03-31,10-Q,91
1915657,2024,2,2024-06-30,10-Q,182
1915657,2024,3,2024-09-30,10-Q,274
1915657,2024,4,2024-12-31,10-K,366
1996810,2024,1,2024-03-31,10-Q,105
1996810,2024,2,2024-06-30,10-Q,196
1996810,2024,3,2024-09-30,10-Q,288
1996810,2024,4,2024-12-31,10-K,380
2011641,2024,4,2024-07-31,10-K,380
